Timestamp,Transit Mode,Station ID,Station,Borough,Ridership
2023-12-26 00:00:00,subway,51,"Kings Hwy (B,Q)",Brooklyn,13.0
2023-12-26 00:00:00,subway,316,50 St (1),Manhattan,9.0
2023-12-26 00:00:00,subway,316,50 St (1),Manhattan,21.0
2023-12-26 00:00:00,subway,318,"34 St-Penn Station (1,2,3)",Manhattan,144.0
2023-12-26 00:00:00,subway,328,WTC Cortlandt (1),Manhattan,3.0
2023-12-26 00:00:00,subway,334,"Clark St (2,3)",Brooklyn,1.0
2023-12-26 00:00:00,subway,348,Rockaway Av (3),Brooklyn,4.0
2023-12-26 00:00:00,subway,350,Pennsylvania Av (3),Brooklyn,3.0
2023-12-26 00:00:00,subway,376,Brook Av (6),Bronx,2.0
2023-12-26 00:00:00,subway,377,3 Av-138 St (6),Bronx,1.0
2023-12-26 00:00:00,subway,38,86 St (R),Brooklyn,4.0
2023-12-26 00:00:00,subway,38,86 St (R),Brooklyn,1.0
2023-12-26 00:00:00,subway,392,"125 St (4,5,6)",Manhattan,12.0
2023-12-26 00:00:00,subway,403,33 St (6),Manhattan,10.0
2023-12-26 00:00:00,subway,404,28 St (6),Manhattan,2.0
2023-12-26 00:00:00,subway,409,Spring St (6),Manhattan,11.0
2023-12-26 00:00:00,subway,440,"116 St (2,3)",Manhattan,1.0
2023-12-26 00:00:00,subway,447,Flushing-Main St (7),Queens,65.0
2023-12-26 00:00:00,subway,450,103 St-Corona Plaza (7),Queens,1.0
2023-12-26 00:00:00,subway,47,"Newkirk Plaza (B,Q)",Brooklyn,3.0
2023-12-26 00:00:00,subway,282,21 St (G),Queens,1.0
2023-12-26 00:00:00,subway,265,"Grand Av-Newtown (M,R)",Queens,4.0
2023-12-26 00:00:00,subway,250,Kings Hwy (F),Brooklyn,1.0
2023-12-26 00:00:00,subway,244,Ditmas Av (F),Brooklyn,1.0
2023-12-26 00:00:00,subway,294,238 St (1),Bronx,2.0
2023-12-26 00:00:00,subway,311,86 St (1),Manhattan,8.0
2023-12-26 00:00:00,subway,341,"Eastern Pkwy-Brooklyn Museum (2,3)",Brooklyn,3.0
2023-12-26 00:00:00,subway,347,Saratoga Av (3),Brooklyn,3.0
2023-12-26 00:00:00,subway,350,Pennsylvania Av (3),Brooklyn,1.0
2023-12-26 00:00:00,subway,352,New Lots Av (3),Brooklyn,2.0
2023-12-26 00:00:00,subway,107,"Broad St (J,Z)",Manhattan,1.0
2023-12-26 00:00:00,subway,13,"28 St (R,W)",Manhattan,31.0
2023-12-26 00:00:00,subway,157,"96 St (C,B)",Manhattan,1.0
2023-12-26 00:00:00,subway,47,"Newkirk Plaza (B,Q)",Brooklyn,4.0
2023-12-26 00:00:00,subway,164,"34 St-Penn Station (A,C,E)",Manhattan,159.0
2023-12-26 00:00:00,subway,177,Clinton-Washington Avs (C),Brooklyn,2.0
2023-12-26 00:00:00,subway,181,"Utica Av (A,C)",Brooklyn,2.0
2023-12-26 00:00:00,subway,196,Aqueduct Racetrack (A),Queens,3.0
2023-12-26 00:00:00,subway,196,Aqueduct Racetrack (A),Queens,2.0
2023-12-26 00:00:00,subway,2,"Astoria Blvd (N,W)",Queens,4.0
2023-12-26 00:00:00,subway,220,"155 St (B,D)",Manhattan,1.0
2023-12-26 00:00:00,subway,225,"47-50 Sts-Rockefeller Ctr (B,D,F,M)",Manhattan,38.0
2023-12-26 00:00:00,subway,228,"23 St (F,M)",Manhattan,28.0
2023-12-26 00:00:00,subway,235,York St (F),Brooklyn,1.0
2023-12-26 00:00:00,subway,165,"23 St (C,E)",Manhattan,3.0
2023-12-26 00:00:00,subway,284,Nassau Av (G),Brooklyn,1.0
2023-12-26 00:00:00,subway,476,86 St (Q),Manhattan,2.0
2023-12-26 00:00:00,subway,6,"39 Av-Dutch Kills (N,W)",Queens,4.0
2023-12-26 00:00:00,subway,620,"Court St (R)/Borough Hall (2,3,4,5)",Brooklyn,8.0
2023-12-26 00:00:00,subway,616,"74-Broadway (7)/Jackson Hts-Roosevelt Av (E,F,M,R)",Queens,23.0
2023-12-26 00:00:00,subway,614,"59 St-Columbus Circle (A,B,C,D,1)",Manhattan,48.0
2023-12-26 00:00:00,subway,612,"Lexington Av-53 St (E,M)/51 St (6)",Manhattan,2.0
2023-12-26 00:00:00,subway,605,"168 St (A,C,1)",Manhattan,7.0
2023-12-26 00:00:00,subway,605,"168 St (A,C,1)",Manhattan,4.0
2023-12-26 00:00:00,subway,601,"14 St (F,M,1,2,3)/6 Av (L)",Manhattan,20.0
2023-12-26 00:00:00,subway,54,"Sheepshead Bay (B,Q)",Brooklyn,2.0
2023-12-26 00:00:00,subway,48,Avenue H (Q),Brooklyn,1.0
2023-12-26 00:00:00,subway,476,86 St (Q),Manhattan,5.0
2023-12-26 00:00:00,subway,461,"Queensboro Plaza (7,N,W)",Queens,4.0
2023-12-26 00:00:00,subway,46,Cortelyou Rd (Q),Brooklyn,1.0
2023-12-26 00:00:00,subway,453,82 St-Jackson Hts (7),Queens,2.0
2023-12-26 00:00:00,subway,433,"Jackson Av (2,5)",Bronx,1.0
2023-12-26 00:00:00,subway,416,Wakefield-241 St (2),Bronx,1.0
2023-12-26 00:00:00,subway,416,Wakefield-241 St (2),Bronx,2.0
2023-12-26 00:00:00,subway,414,"Bowling Green (4,5)",Manhattan,5.0
2023-12-26 00:00:00,subway,409,Spring St (6),Manhattan,3.0
2023-12-26 00:00:00,subway,407,Astor Pl (6),Manhattan,2.0
2023-12-26 00:00:00,subway,621,"Broadway Junction (A,C,J,L,Z)",Brooklyn,5.0
2023-12-26 00:00:00,subway,625,"Delancey St (F)/Essex St (J,M,Z)",Manhattan,8.0
2023-12-26 00:00:00,subway,626,"Franklin Av (2,3,4,5)/Botanic Garden (S)",Brooklyn,1.0
2023-12-26 00:00:00,subway,636,"Jay St-MetroTech (A,C,F,R)",Brooklyn,5.0
2023-12-26 00:00:00,subway,602,"14 St-Union Sq (L,N,Q,R,W,4,5,6)",Manhattan,181.0
2023-12-26 00:00:00,subway,612,"Lexington Av-53 St (E,M)/51 St (6)",Manhattan,5.0
2023-12-26 00:00:00,subway,78,Avenue U (N),Brooklyn,1.0
2023-12-26 00:00:00,subway,86,Cypress Hills (J),Brooklyn,2.0
2023-12-26 00:00:00,tram,TRAM1,RI Tramway (Manhattan),Manhattan,7.0
2023-12-26 00:00:00,tram,TRAM2,RI Tramway (Roosevelt),Manhattan,1.0
2023-12-26 00:00:00,subway,354,"Sterling St (2,5)",Brooklyn,1.0
2023-12-26 00:00:00,subway,355,"Winthrop St (2,5)",Brooklyn,6.0
2023-12-26 00:00:00,subway,358,"Newkirk Av-Little Haiti (2,5)",Brooklyn,1.0
2023-12-26 00:00:00,subway,407,Astor Pl (6),Manhattan,1.0
2023-12-26 00:00:00,subway,358,"Newkirk Av-Little Haiti (2,5)",Brooklyn,2.0
2023-12-26 00:00:00,subway,365,Castle Hill Av (6),Bronx,3.0
2023-12-26 00:00:00,subway,37,77 St (R),Brooklyn,1.0
2023-12-26 00:00:00,subway,371,Hunts Point Av (6),Bronx,2.0
2023-12-26 00:00:00,subway,377,3 Av-138 St (6),Bronx,3.0
2023-12-26 00:00:00,subway,382,Fordham Rd (4),Bronx,1.0
2023-12-26 00:00:00,subway,386,Mt Eden Av (4),Bronx,2.0
2023-12-26 00:00:00,subway,387,170 St (4),Bronx,4.0
2023-12-26 00:00:00,subway,397,"86 St (4,5,6)",Manhattan,5.0
2023-12-26 00:00:00,subway,404,28 St (6),Manhattan,2.0
2023-12-26 00:00:00,subway,365,Castle Hill Av (6),Bronx,1.0
2023-12-26 00:00:00,subway,284,Nassau Av (G),Brooklyn,1.0
2023-12-26 00:00:00,subway,405,23 St (6),Manhattan,6.0
2023-12-26 00:00:00,subway,264,"Woodhaven Blvd (M,R)",Queens,3.0
2023-12-26 00:00:00,subway,160,"72 St (C,B)",Manhattan,1.0
2023-12-26 00:00:00,subway,157,"96 St (C,B)",Manhattan,1.0
2023-12-26 00:00:00,subway,155,"Cathedral Pkwy (110 St) (C,B)",Manhattan,5.0
2023-12-26 00:00:00,subway,153,"125 St (A,C,B,D)",Manhattan,13.0
2023-12-26 00:00:00,subway,143,Inwood-207 St (A),Manhattan,4.0
2023-12-26 00:00:00,subway,138,Canarsie-Rockaway Pkwy (L),Brooklyn,4.0
2023-12-26 00:00:00,subway,119,1 Av (L),Manhattan,5.0
2023-12-26 00:00:00,subway,101,"Marcy Av (M,J,Z)",Brooklyn,2.0
2023-12-26 00:00:00,subway,101,"Marcy Av (M,J,Z)",Brooklyn,2.0
2023-12-26 00:00:00,subway,265,"Grand Av-Newtown (M,R)",Queens,4.0
2023-12-26 00:00:00,subway,195,Ozone Park-Lefferts Blvd (A),Queens,1.0
2023-12-26 00:00:00,subway,195,Ozone Park-Lefferts Blvd (A),Queens,1.0
2023-12-26 00:00:00,subway,254,Jamaica-179 St (F),Queens,11.0
2023-12-26 00:00:00,subway,236,"Bergen St (F,G)",Brooklyn,7.0
2023-12-26 00:00:00,subway,234,East Broadway (F),Manhattan,5.0
2023-12-26 00:00:00,subway,216,"174-175 Sts (B,D)",Bronx,1.0
2023-12-26 00:00:00,subway,212,"Kingsbridge Rd (B,D)",Bronx,1.0
2023-12-26 00:00:00,subway,210,Norwood-205 St (D),Bronx,1.0
2023-12-26 01:00:00,subway,179,"Nostrand Av (A,C)",Brooklyn,1.0
2023-12-26 01:00:00,subway,359,"Flatbush Av-Brooklyn College (2,5)",Brooklyn,3.0
2023-12-26 01:00:00,subway,356,"Church Av (2,5)",Brooklyn,2.0
2023-12-26 01:00:00,subway,345,"Crown Hts-Utica Av (3,4)",Brooklyn,3.0
2023-12-26 01:00:00,subway,34,53 St (R),Brooklyn,3.0
2023-12-26 01:00:00,subway,312,79 St (1),Manhattan,1.0
2023-12-26 01:00:00,subway,323,Christopher St-Sheridan Sq (1),Manhattan,23.0
2023-12-26 01:00:00,subway,36,Bay Ridge Av (R),Brooklyn,1.0
2023-12-26 01:00:00,subway,310,"96 St (1,2,3)",Manhattan,1.0
2023-12-26 01:00:00,subway,329,Rector St (1),Manhattan,3.0
2023-12-26 01:00:00,subway,369,Elder Av (6),Bronx,2.0
2023-12-26 01:00:00,subway,395,103 St (6),Manhattan,2.0
2023-12-26 01:00:00,subway,387,170 St (4),Bronx,1.0
2023-12-26 01:00:00,subway,30,Prospect Av (R),Brooklyn,1.0
2023-12-26 01:00:00,subway,404,28 St (6),Manhattan,2.0
2023-12-26 01:00:00,subway,405,23 St (6),Manhattan,2.0
2023-12-26 01:00:00,subway,413,"Wall St (4,5)",Manhattan,1.0
2023-12-26 01:00:00,subway,425,"Bronx Park East (2,5)",Bronx,2.0
2023-12-26 01:00:00,subway,438,"135 St (2,3)",Manhattan,2.0
2023-12-26 01:00:00,subway,176,Lafayette Av (C),Brooklyn,5.0
2023-12-26 01:00:00,subway,440,"116 St (2,3)",Manhattan,4.0
2023-12-26 01:00:00,subway,380,Bedford Park Blvd-Lehman College (4),Bronx,2.0
2023-12-26 01:00:00,subway,296,Marble Hill-225 St (1),Manhattan,1.0
2023-12-26 01:00:00,subway,272,"36 St (M,R)",Queens,1.0
2023-12-26 01:00:00,subway,284,Nassau Av (G),Brooklyn,1.0
2023-12-26 01:00:00,subway,103,"Bowery (J,Z)",Manhattan,2.0
2023-12-26 01:00:00,subway,109,Fresh Pond Rd (M),Queens,2.0
2023-12-26 01:00:00,subway,149,163 St-Amsterdam Av (C),Manhattan,1.0
2023-12-26 01:00:00,subway,1,"Astoria-Ditmars Blvd (N,W)",Queens,3.0
2023-12-26 01:00:00,subway,101,"Marcy Av (M,J,Z)",Brooklyn,1.0
2023-12-26 01:00:00,subway,122,Graham Av (L),Brooklyn,2.0
2023-12-26 01:00:00,subway,123,Grand St (L),Brooklyn,1.0
2023-12-26 01:00:00,subway,135,Livonia Av (L),Brooklyn,1.0
2023-12-26 01:00:00,subway,144,Dyckman St (A),Manhattan,3.0
2023-12-26 01:00:00,subway,290,Classon Av (G),Brooklyn,2.0
2023-12-26 01:00:00,subway,159,"81 St-Museum of Natural History (C,B)",Manhattan,1.0
2023-12-26 01:00:00,subway,198,Howard Beach-JFK Airport (A),Queens,5.0
2023-12-26 01:00:00,subway,20,"City Hall (R,W)",Manhattan,1.0
2023-12-26 01:00:00,subway,204,Beach 67 St (A),Queens,1.0
2023-12-26 01:00:00,subway,225,"47-50 Sts-Rockefeller Ctr (B,D,F,M)",Manhattan,11.0
2023-12-26 01:00:00,subway,225,"47-50 Sts-Rockefeller Ctr (B,D,F,M)",Manhattan,11.0
2023-12-26 01:00:00,subway,240,"7 Av (F,G)",Brooklyn,1.0
2023-12-26 01:00:00,subway,242,"Fort Hamilton Pkwy (F,G)",Brooklyn,2.0
2023-12-26 01:00:00,subway,269,"Northern Blvd (M,R)",Queens,2.0
2023-12-26 01:00:00,subway,443,Baychester Av (5),Bronx,1.0
2023-12-26 01:00:00,subway,162,"50 St (C,E)",Manhattan,8.0
2023-12-26 01:00:00,subway,452,90 St-Elmhurst Av (7),Queens,4.0
2023-12-26 01:00:00,subway,459,40 St-Lowery St (7),Queens,1.0
2023-12-26 01:00:00,subway,46,Cortelyou Rd (Q),Brooklyn,1.0
2023-12-26 01:00:00,subway,43,Parkside Av (Q),Brooklyn,1.0
2023-12-26 01:00:00,subway,427,"West Farms Sq-E Tremont Av (2,5)",Bronx,1.0
2023-12-26 01:00:00,subway,421,"Gun Hill Rd (2,5)",Bronx,2.0
2023-12-26 01:00:00,subway,42,"Prospect Park (B,Q,S)",Brooklyn,4.0
2023-12-26 01:00:00,subway,42,"Prospect Park (B,Q,S)",Brooklyn,2.0
2023-12-26 01:00:00,subway,405,23 St (6),Manhattan,2.0
2023-12-26 01:00:00,subway,398,77 St (6),Manhattan,2.0
2023-12-26 01:00:00,subway,381,Kingsbridge Rd (4),Bronx,3.0
2023-12-26 01:00:00,subway,379,Mosholu Pkwy (4),Bronx,1.0
2023-12-26 01:00:00,subway,37,77 St (R),Brooklyn,1.0
2023-12-26 01:00:00,subway,359,"Flatbush Av-Brooklyn College (2,5)",Brooklyn,13.0
2023-12-26 01:00:00,subway,358,"Newkirk Av-Little Haiti (2,5)",Brooklyn,2.0
2023-12-26 01:00:00,subway,343,Nostrand Av (3),Brooklyn,1.0
2023-12-26 01:00:00,subway,337,"Nevins St (2,3,4,5)",Brooklyn,1.0
2023-12-26 01:00:00,subway,32,"36 St (D,N,R)",Brooklyn,3.0
2023-12-26 01:00:00,subway,308,Cathedral Pkwy (110 St) (1),Manhattan,10.0
2023-12-26 01:00:00,subway,289,Bedford-Nostrand Avs (G),Brooklyn,1.0
2023-12-26 01:00:00,subway,277,"7 Av (E,B,D)",Manhattan,6.0
2023-12-26 01:00:00,subway,270,"46 St (M,R)",Queens,2.0
2023-12-26 01:00:00,subway,26,"DeKalb Av (B,Q,R)",Brooklyn,2.0
2023-12-26 01:00:00,subway,225,"47-50 Sts-Rockefeller Ctr (B,D,F,M)",Manhattan,14.0
2023-12-26 01:00:00,subway,200,"Beach 90 St (A,S)",Queens,2.0
2023-12-26 01:00:00,subway,186,Van Siclen Av (C),Brooklyn,1.0
2023-12-26 01:00:00,subway,432,"Prospect Av (2,5)",Bronx,10.0
2023-12-26 01:00:00,subway,457,52 St (7),Queens,1.0
2023-12-26 01:00:00,subway,476,86 St (Q),Manhattan,2.0
2023-12-26 01:00:00,subway,59,9 Av (D),Brooklyn,2.0
2023-12-26 01:00:00,subway,464,Vernon Blvd-Jackson Av (7),Queens,2.0
2023-12-26 01:00:00,subway,58,"Coney Island-Stillwell Av (D,F,N,Q)",Brooklyn,1.0
2023-12-26 01:00:00,subway,609,"Bryant Pk (B,D,F,M)/5 Av (7)",Manhattan,4.0
2023-12-26 01:00:00,subway,619,"Broadway-Lafayette St (B,D,F,M)/Bleecker St (6)",Manhattan,9.0
2023-12-26 01:00:00,subway,177,Clinton-Washington Avs (C),Brooklyn,6.0
2023-12-26 01:00:00,subway,626,"Franklin Av (2,3,4,5)/Botanic Garden (S)",Brooklyn,1.0
2023-12-26 01:00:00,subway,630,"Myrtle-Wyckoff Avs (L,M)",Brooklyn,2.0
2023-12-26 01:00:00,subway,636,"Jay St-MetroTech (A,C,F,R)",Brooklyn,7.0
2023-12-26 01:00:00,subway,64,71 St (D),Brooklyn,1.0
2023-12-26 01:00:00,tram,TRAM1,RI Tramway (Manhattan),Manhattan,3.0
2023-12-26 01:00:00,tram,TRAM1,RI Tramway (Manhattan),Manhattan,1.0
2023-12-26 01:00:00,subway,179,"Nostrand Av (A,C)",Brooklyn,1.0
2023-12-26 01:00:00,subway,9,"57 St-7 Av (N,Q,R,W)",Manhattan,2.0
2023-12-26 01:00:00,subway,636,"Jay St-MetroTech (A,C,F,R)",Brooklyn,3.0
2023-12-26 01:00:00,subway,635,"South Ferry (1)/Whitehall St (R,W)",Manhattan,5.0
2023-12-26 01:00:00,subway,629,Lorimer St (L)/Metropolitan Av (G),Brooklyn,1.0
2023-12-26 01:00:00,subway,627,"Franklin Av (C,S)",Brooklyn,3.0
2023-12-26 01:00:00,subway,623,"Canal St (J,N,Q,R,W,Z,6)",Manhattan,17.0
2023-12-26 01:00:00,subway,623,"Canal St (J,N,Q,R,W,Z,6)",Manhattan,2.0
2023-12-26 01:00:00,subway,620,"Court St (R)/Borough Hall (2,3,4,5)",Brooklyn,3.0
2023-12-26 01:00:00,subway,617,"Atlantic Av-Barclays Ctr (B,D,N,Q,R,2,3,4,5)",Brooklyn,14.0
2023-12-26 01:00:00,subway,612,"Lexington Av-53 St (E,M)/51 St (6)",Manhattan,4.0
2023-12-26 01:00:00,subway,611,"Times Sq-42 St (N,Q,R,W,S,1,2,3,7)/42 St (A,C,E)",Manhattan,28.0
2023-12-26 01:00:00,subway,601,"14 St (F,M,1,2,3)/6 Av (L)",Manhattan,4.0
2023-12-26 01:00:00,subway,85,"75 St-Elderts Ln (J,Z)",Queens,1.0
2023-12-26 01:00:00,subway,625,"Delancey St (F)/Essex St (J,M,Z)",Manhattan,4.0
2023-12-26 01:00:00,subway,439,"125 St (2,3)",Manhattan,4.0
2023-12-26 02:00:00,subway,208,Beach 25 St (A),Queens,1.0
2023-12-26 02:00:00,subway,614,"59 St-Columbus Circle (A,B,C,D,1)",Manhattan,4.0
2023-12-26 02:00:00,subway,614,"59 St-Columbus Circle (A,B,C,D,1)",Manhattan,3.0
2023-12-26 02:00:00,subway,616,"74-Broadway (7)/Jackson Hts-Roosevelt Av (E,F,M,R)",Queens,33.0
2023-12-26 02:00:00,subway,617,"Atlantic Av-Barclays Ctr (B,D,N,Q,R,2,3,4,5)",Brooklyn,2.0
2023-12-26 02:00:00,subway,619,"Broadway-Lafayette St (B,D,F,M)/Bleecker St (6)",Manhattan,1.0
2023-12-26 02:00:00,subway,620,"Court St (R)/Borough Hall (2,3,4,5)",Brooklyn,2.0
2023-12-26 02:00:00,subway,629,Lorimer St (L)/Metropolitan Av (G),Brooklyn,1.0
2023-12-26 02:00:00,subway,630,"Myrtle-Wyckoff Avs (L,M)",Brooklyn,1.0
2023-12-26 02:00:00,subway,76,Bay Pkwy (N),Brooklyn,1.0
2023-12-26 02:00:00,subway,89,Cleveland St (J),Brooklyn,1.0
2023-12-26 02:00:00,subway,133,Atlantic Av (L),Brooklyn,3.0
2023-12-26 02:00:00,subway,309,103 St (1),Manhattan,3.0
2023-12-26 02:00:00,subway,310,"96 St (1,2,3)",Manhattan,7.0
2023-12-26 02:00:00,subway,32,"36 St (D,N,R)",Brooklyn,4.0
2023-12-26 02:00:00,subway,325,Canal St (1),Manhattan,1.0
2023-12-26 02:00:00,subway,334,"Clark St (2,3)",Brooklyn,1.0
2023-12-26 02:00:00,subway,336,"Hoyt St (2,3)",Brooklyn,8.0
2023-12-26 02:00:00,subway,351,Van Siclen Av (3),Brooklyn,1.0
2023-12-26 02:00:00,subway,365,Castle Hill Av (6),Bronx,1.0
2023-12-26 02:00:00,subway,369,Elder Av (6),Bronx,6.0
2023-12-26 02:00:00,subway,371,Hunts Point Av (6),Bronx,1.0
2023-12-26 02:00:00,subway,611,"Times Sq-42 St (N,Q,R,W,S,1,2,3,7)/42 St (A,C,E)",Manhattan,2.0
2023-12-26 02:00:00,subway,610,"Grand Central-42 St (S,4,5,6,7)",Manhattan,4.0
2023-12-26 02:00:00,subway,460,33 St-Rawson St (7),Queens,5.0
2023-12-26 02:00:00,subway,444,Gun Hill Rd (5),Bronx,2.0
2023-12-26 02:00:00,subway,137,East 105 St (L),Brooklyn,1.0
2023-12-26 02:00:00,subway,14,"23 St (R,W)",Manhattan,2.0
2023-12-26 02:00:00,subway,149,163 St-Amsterdam Av (C),Manhattan,1.0
2023-12-26 02:00:00,subway,173,"High St (A,C)",Brooklyn,4.0
2023-12-26 02:00:00,subway,182,Ralph Av (C),Brooklyn,1.0
2023-12-26 02:00:00,subway,188,"Euclid Av (A,C)",Brooklyn,2.0
2023-12-26 02:00:00,subway,192,Rockaway Blvd (A),Queens,1.0
2023-12-26 02:00:00,subway,2,"Astoria Blvd (N,W)",Queens,1.0
2023-12-26 02:00:00,subway,228,"23 St (F,M)",Manhattan,2.0
2023-12-26 02:00:00,subway,251,Avenue U (F),Brooklyn,2.0
2023-12-26 02:00:00,subway,377,3 Av-138 St (6),Bronx,1.0
2023-12-26 02:00:00,subway,254,Jamaica-179 St (F),Queens,2.0
2023-12-26 02:00:00,subway,284,Nassau Av (G),Brooklyn,3.0
2023-12-26 02:00:00,subway,298,207 St (1),Manhattan,2.0
2023-12-26 02:00:00,subway,301,181 St (1),Manhattan,2.0
2023-12-26 02:00:00,subway,345,"Crown Hts-Utica Av (3,4)",Brooklyn,4.0
2023-12-26 02:00:00,subway,359,"Flatbush Av-Brooklyn College (2,5)",Brooklyn,6.0
2023-12-26 02:00:00,subway,359,"Flatbush Av-Brooklyn College (2,5)",Brooklyn,1.0
2023-12-26 02:00:00,subway,366,Parkchester (6),Bronx,3.0
2023-12-26 02:00:00,subway,383,183 St (4),Bronx,1.0
2023-12-26 02:00:00,subway,387,170 St (4),Bronx,2.0
2023-12-26 02:00:00,subway,414,"Bowling Green (4,5)",Manhattan,1.0
2023-12-26 02:00:00,subway,259,"Kew Gardens-Union Tpke (E,F)",Queens,3.0
2023-12-26 02:00:00,subway,384,Burnside Av (4),Bronx,2.0
2023-12-26 02:00:00,subway,1,"Astoria-Ditmars Blvd (N,W)",Queens,1.0
2023-12-26 02:00:00,subway,387,170 St (4),Bronx,2.0
2023-12-26 02:00:00,subway,622,"Brooklyn Bridge-City Hall (4,5,6)/Chambers St (J,Z)",Manhattan,1.0
2023-12-26 02:00:00,subway,614,"59 St-Columbus Circle (A,B,C,D,1)",Manhattan,6.0
2023-12-26 02:00:00,subway,8,"5 Av/59 St (N,R,W)",Manhattan,1.0
2023-12-26 02:00:00,subway,94,Halsey St (J),Brooklyn,2.0
2023-12-26 02:00:00,subway,384,Burnside Av (4),Bronx,6.0
2023-12-26 02:00:00,subway,279,"Sutphin Blvd-Archer Av-JFK Airport (E,J,Z)",Queens,7.0
2023-12-26 02:00:00,subway,277,"7 Av (E,B,D)",Manhattan,4.0
2023-12-26 02:00:00,subway,636,"Jay St-MetroTech (A,C,F,R)",Brooklyn,2.0
2023-12-26 02:00:00,subway,250,Kings Hwy (F),Brooklyn,1.0
2023-12-26 02:00:00,subway,235,York St (F),Brooklyn,2.0
2023-12-26 02:00:00,subway,225,"47-50 Sts-Rockefeller Ctr (B,D,F,M)",Manhattan,27.0
2023-12-26 02:00:00,subway,225,"47-50 Sts-Rockefeller Ctr (B,D,F,M)",Manhattan,4.0
2023-12-26 02:00:00,subway,210,Norwood-205 St (D),Bronx,1.0
2023-12-26 02:00:00,subway,208,Beach 25 St (A),Queens,1.0
2023-12-26 02:00:00,subway,2,"Astoria Blvd (N,W)",Queens,1.0
2023-12-26 02:00:00,subway,259,"Kew Gardens-Union Tpke (E,F)",Queens,3.0
2023-12-26 02:00:00,subway,603,"149 St-Grand Concourse (2,4,5)",Bronx,3.0
2023-12-26 02:00:00,subway,4,"Broadway (N,W)",Queens,1.0
2023-12-26 02:00:00,subway,403,33 St (6),Manhattan,2.0
2023-12-26 02:00:00,subway,418,"233 St (2,5)",Bronx,1.0
2023-12-26 02:00:00,subway,428,"174 St (2,5)",Bronx,1.0
2023-12-26 02:00:00,subway,43,Parkside Av (Q),Brooklyn,3.0
2023-12-26 02:00:00,subway,186,Van Siclen Av (C),Brooklyn,1.0
2023-12-26 02:00:00,subway,443,Baychester Av (5),Bronx,1.0
2023-12-26 02:00:00,subway,68,Bay Pkwy (D),Brooklyn,2.0
2023-12-26 02:00:00,subway,49,Avenue J (Q),Brooklyn,1.0
2023-12-26 02:00:00,subway,176,Lafayette Av (C),Brooklyn,1.0
2023-12-26 02:00:00,subway,164,"34 St-Penn Station (A,C,E)",Manhattan,2.0
2023-12-26 02:00:00,subway,134,Sutter Av (L),Brooklyn,1.0
2023-12-26 02:00:00,subway,109,Fresh Pond Rd (M),Queens,1.0
2023-12-26 02:00:00,subway,55,"Brighton Beach (B,Q)",Brooklyn,2.0
2023-12-26 02:00:00,subway,602,"14 St-Union Sq (L,N,Q,R,W,4,5,6)",Manhattan,12.0
2023-12-26 02:00:00,subway,475,96 St (Q),Manhattan,3.0
2023-12-26 03:00:00,subway,421,"Gun Hill Rd (2,5)",Bronx,4.0
2023-12-26 03:00:00,subway,428,"174 St (2,5)",Bronx,2.0
2023-12-26 03:00:00,subway,434,"3 Av-149 St (2,5)",Bronx,2.0
2023-12-26 03:00:00,subway,438,"135 St (2,3)",Manhattan,1.0
2023-12-26 03:00:00,subway,46,Cortelyou Rd (Q),Brooklyn,3.0
2023-12-26 03:00:00,subway,619,"Broadway-Lafayette St (B,D,F,M)/Bleecker St (6)",Manhattan,1.0
2023-12-26 03:00:00,subway,624,"Chambers St (A,C)/WTC (E)/Park Pl (2,3)/Cortlandt (R,W)",Manhattan,3.0
2023-12-26 03:00:00,subway,71,8 Av (N),Brooklyn,1.0
2023-12-26 03:00:00,subway,83,"Woodhaven Blvd (J,Z)",Queens,2.0
2023-12-26 03:00:00,subway,85,"75 St-Elderts Ln (J,Z)",Queens,1.0
2023-12-26 03:00:00,subway,91,Alabama Av (J),Brooklyn,5.0
2023-12-26 03:00:00,subway,93,"Chauncey St (J,Z)",Brooklyn,2.0
2023-12-26 03:00:00,subway,98,"Flushing Av (M,J)",Brooklyn,1.0
2023-12-26 03:00:00,subway,5,"36 Av (N,W)",Queens,3.0
2023-12-26 03:00:00,subway,82,"104 St (J,Z)",Queens,4.0
2023-12-26 03:00:00,subway,125,Morgan Av (L),Brooklyn,1.0
2023-12-26 03:00:00,subway,108,Middle Village-Metropolitan Av (M),Queens,2.0
2023-12-26 03:00:00,subway,416,Wakefield-241 St (2),Bronx,8.0
2023-12-26 03:00:00,subway,385,176 St (4),Bronx,1.0
2023-12-26 03:00:00,subway,373,E 149 St (6),Bronx,6.0
2023-12-26 03:00:00,subway,355,"Winthrop St (2,5)",Brooklyn,1.0
2023-12-26 03:00:00,subway,345,"Crown Hts-Utica Av (3,4)",Brooklyn,12.0
2023-12-26 03:00:00,subway,340,"Grand Army Plaza (2,3)",Brooklyn,1.0
2023-12-26 03:00:00,subway,33,45 St (R),Brooklyn,3.0
2023-12-26 03:00:00,subway,33,45 St (R),Brooklyn,5.0
2023-12-26 03:00:00,subway,324,Houston St (1),Manhattan,1.0
2023-12-26 03:00:00,subway,306,125 St (1),Manhattan,1.0
2023-12-26 03:00:00,subway,300,191 St (1),Manhattan,1.0
2023-12-26 03:00:00,subway,284,Nassau Av (G),Brooklyn,1.0
2023-12-26 03:00:00,subway,271,"Steinway St (M,R)",Queens,2.0
2023-12-26 03:00:00,subway,264,"Woodhaven Blvd (M,R)",Queens,1.0
2023-12-26 03:00:00,staten_island_railway,501,St George (SIR),Staten Island,1.0
2023-12-26 03:00:00,subway,244,Ditmas Av (F),Brooklyn,3.0
2023-12-26 03:00:00,subway,211,"Bedford Park Blvd (B,D)",Bronx,4.0
2023-12-26 03:00:00,subway,210,Norwood-205 St (D),Bronx,1.0
2023-12-26 03:00:00,subway,209,Far Rockaway-Mott Av (A),Queens,1.0
2023-12-26 03:00:00,subway,207,Beach 36 St (A),Queens,2.0
2023-12-26 03:00:00,subway,2,"Astoria Blvd (N,W)",Queens,2.0
2023-12-26 03:00:00,subway,196,Aqueduct Racetrack (A),Queens,1.0
2023-12-26 03:00:00,subway,195,Ozone Park-Lefferts Blvd (A),Queens,3.0
2023-12-26 03:00:00,subway,194,111 St (A),Queens,2.0
2023-12-26 03:00:00,subway,190,80 St (A),Queens,1.0
2023-12-26 03:00:00,subway,181,"Utica Av (A,C)",Brooklyn,7.0
2023-12-26 03:00:00,subway,167,"W 4 St-Wash Sq (A,C,E,B,D,F,M)",Manhattan,22.0
2023-12-26 03:00:00,subway,378,Woodlawn (4),Bronx,4.0
2023-12-26 03:00:00,subway,136,New Lots Av (L),Brooklyn,1.0
2023-12-26 03:00:00,subway,120,Bedford Av (L),Brooklyn,3.0
2023-12-26 03:00:00,subway,214,"182-183 Sts (B,D)",Bronx,3.0
2023-12-26 03:00:00,subway,354,"Sterling St (2,5)",Brooklyn,3.0
2023-12-26 03:00:00,subway,376,Brook Av (6),Bronx,3.0
2023-12-26 03:00:00,subway,153,"125 St (A,C,B,D)",Manhattan,8.0
2023-12-26 03:00:00,subway,428,"174 St (2,5)",Bronx,1.0
2023-12-26 03:00:00,subway,276,"5 Av/53 St (E,M)",Manhattan,1.0
2023-12-26 03:00:00,subway,287,Flushing Av (G),Brooklyn,1.0
2023-12-26 03:00:00,subway,295,231 St (1),Bronx,1.0
2023-12-26 03:00:00,subway,296,Marble Hill-225 St (1),Manhattan,3.0
2023-12-26 03:00:00,subway,304,145 St (1),Manhattan,1.0
2023-12-26 03:00:00,subway,305,137 St-City College (1),Manhattan,5.0
2023-12-26 03:00:00,subway,316,50 St (1),Manhattan,2.0
2023-12-26 03:00:00,subway,318,"34 St-Penn Station (1,2,3)",Manhattan,6.0
2023-12-26 03:00:00,subway,423,"Allerton Av (2,5)",Bronx,1.0
2023-12-26 03:00:00,subway,351,Van Siclen Av (3),Brooklyn,2.0
2023-12-26 03:00:00,subway,36,Bay Ridge Av (R),Brooklyn,2.0
2023-12-26 03:00:00,subway,360,Pelham Bay Park (6),Bronx,5.0
2023-12-26 03:00:00,subway,375,Cypress Av (6),Bronx,1.0
2023-12-26 03:00:00,subway,375,Cypress Av (6),Bronx,1.0
2023-12-26 03:00:00,subway,430,"Simpson St (2,5)",Bronx,2.0
2023-12-26 03:00:00,subway,44,"Church Av (B,Q)",Brooklyn,3.0
2023-12-26 03:00:00,subway,449,111 St (7),Queens,2.0
2023-12-26 03:00:00,subway,450,103 St-Corona Plaza (7),Queens,4.0
2023-12-26 03:00:00,subway,458,46 St-Bliss St (7),Queens,1.0
2023-12-26 03:00:00,subway,36,Bay Ridge Av (R),Brooklyn,2.0
2023-12-26 03:00:00,subway,422,"Burke Av (2,5)",Bronx,5.0
2023-12-26 03:00:00,subway,422,"Burke Av (2,5)",Bronx,1.0
2023-12-26 03:00:00,subway,418,"233 St (2,5)",Bronx,4.0
2023-12-26 03:00:00,subway,26,"DeKalb Av (B,Q,R)",Brooklyn,1.0
2023-12-26 03:00:00,subway,254,Jamaica-179 St (F),Queens,10.0
2023-12-26 03:00:00,subway,243,"Church Av (F,G)",Brooklyn,1.0
2023-12-26 03:00:00,subway,196,Aqueduct Racetrack (A),Queens,1.0
2023-12-26 03:00:00,subway,189,Grant Av (A),Brooklyn,1.0
2023-12-26 03:00:00,subway,188,"Euclid Av (A,C)",Brooklyn,2.0
2023-12-26 03:00:00,subway,17,"Prince St (R,W)",Manhattan,1.0
2023-12-26 03:00:00,subway,169,"Canal St (A,C,E)",Manhattan,1.0
2023-12-26 03:00:00,subway,156,"103 St (C,B)",Manhattan,1.0
2023-12-26 03:00:00,subway,155,"Cathedral Pkwy (110 St) (C,B)",Manhattan,1.0
2023-12-26 03:00:00,subway,151,"145 St (A,C,B,D)",Manhattan,6.0
2023-12-26 03:00:00,subway,143,Inwood-207 St (A),Manhattan,2.0
2023-12-26 03:00:00,subway,138,Canarsie-Rockaway Pkwy (L),Brooklyn,4.0
2023-12-26 03:00:00,subway,127,DeKalb Av (L),Brooklyn,1.0
2023-12-26 03:00:00,subway,114,Central Av (M),Brooklyn,4.0
2023-12-26 03:00:00,subway,380,Bedford Park Blvd-Lehman College (4),Bronx,6.0
2023-12-26 03:00:00,subway,382,Fordham Rd (4),Bronx,4.0
2023-12-26 03:00:00,subway,391,"138 St-Grand Concourse (4,5)",Bronx,3.0
2023-12-26 03:00:00,subway,394,110 St (6),Manhattan,3.0
2023-12-26 03:00:00,subway,404,28 St (6),Manhattan,2.0
2023-12-26 03:00:00,subway,416,Wakefield-241 St (2),Bronx,7.0
2023-12-26 03:00:00,subway,60,Fort Hamilton Pkwy (D),Brooklyn,1.0
2023-12-26 03:00:00,subway,604,"161 St-Yankee Stadium (B,D,4)",Bronx,2.0
2023-12-26 03:00:00,subway,343,Nostrand Av (3),Brooklyn,1.0
2023-12-26 03:00:00,subway,611,"Times Sq-42 St (N,Q,R,W,S,1,2,3,7)/42 St (A,C,E)",Manhattan,2.0
2023-12-26 03:00:00,subway,78,Avenue U (N),Brooklyn,1.0
2023-12-26 03:00:00,subway,97,"Myrtle Av (M,J,Z)",Brooklyn,4.0
2023-12-26 03:00:00,subway,74,18 Av (N),Brooklyn,1.0
2023-12-26 03:00:00,subway,623,"Canal St (J,N,Q,R,W,Z,6)",Manhattan,2.0
2023-12-26 03:00:00,subway,610,"Grand Central-42 St (S,4,5,6,7)",Manhattan,1.0
2023-12-26 03:00:00,subway,621,"Broadway Junction (A,C,J,L,Z)",Brooklyn,5.0
2023-12-26 03:00:00,subway,614,"59 St-Columbus Circle (A,B,C,D,1)",Manhattan,10.0
2023-12-26 03:00:00,subway,613,"Lexington Av (N,R,W)/59 St (4,5,6)",Manhattan,1.0
2023-12-26 03:00:00,subway,623,"Canal St (J,N,Q,R,W,Z,6)",Manhattan,1.0
2023-12-26 03:00:00,subway,66,18 Av (D),Brooklyn,4.0
2023-12-26 04:00:00,subway,603,"149 St-Grand Concourse (2,4,5)",Bronx,8.0
2023-12-26 04:00:00,subway,612,"Lexington Av-53 St (E,M)/51 St (6)",Manhattan,8.0
2023-12-26 04:00:00,subway,98,"Flushing Av (M,J)",Brooklyn,3.0
2023-12-26 04:00:00,subway,94,Halsey St (J),Brooklyn,7.0
2023-12-26 04:00:00,subway,91,Alabama Av (J),Brooklyn,1.0
2023-12-26 04:00:00,subway,66,18 Av (D),Brooklyn,11.0
2023-12-26 04:00:00,subway,64,71 St (D),Brooklyn,4.0
2023-12-26 04:00:00,subway,620,"Court St (R)/Borough Hall (2,3,4,5)",Brooklyn,5.0
2023-12-26 04:00:00,subway,630,"Myrtle-Wyckoff Avs (L,M)",Brooklyn,4.0
2023-12-26 04:00:00,subway,602,"14 St-Union Sq (L,N,Q,R,W,4,5,6)",Manhattan,12.0
2023-12-26 04:00:00,subway,618,"14 St (A,C,E)/8 Av (L)",Manhattan,4.0
2023-12-26 04:00:00,subway,608,"4 Av (F,G)/9 St (R)",Brooklyn,2.0
2023-12-26 04:00:00,subway,53,Neck Rd (Q),Brooklyn,7.0
2023-12-26 04:00:00,subway,53,Neck Rd (Q),Brooklyn,1.0
2023-12-26 04:00:00,subway,52,Avenue U (Q),Brooklyn,2.0
2023-12-26 04:00:00,subway,51,"Kings Hwy (B,Q)",Brooklyn,5.0
2023-12-26 04:00:00,subway,49,Avenue J (Q),Brooklyn,3.0
2023-12-26 04:00:00,subway,636,"Jay St-MetroTech (A,C,F,R)",Brooklyn,12.0
2023-12-26 04:00:00,subway,52,Avenue U (Q),Brooklyn,17.0
2023-12-26 04:00:00,subway,458,46 St-Bliss St (7),Queens,2.0
2023-12-26 04:00:00,subway,48,Avenue H (Q),Brooklyn,1.0
2023-12-26 04:00:00,subway,319,28 St (1),Manhattan,2.0
2023-12-26 04:00:00,subway,34,53 St (R),Brooklyn,3.0
2023-12-26 04:00:00,subway,344,Kingston Av (3),Brooklyn,3.0
2023-12-26 04:00:00,subway,35,"59 St (N,R)",Brooklyn,24.0
2023-12-26 04:00:00,subway,35,"59 St (N,R)",Brooklyn,18.0
2023-12-26 04:00:00,subway,352,New Lots Av (3),Brooklyn,3.0
2023-12-26 04:00:00,subway,352,New Lots Av (3),Brooklyn,5.0
2023-12-26 04:00:00,subway,357,"Beverly Rd (2,5)",Brooklyn,4.0
2023-12-26 04:00:00,subway,357,"Beverly Rd (2,5)",Brooklyn,7.0
2023-12-26 04:00:00,subway,374,E 143 St-St Mary's St (6),Bronx,1.0
2023-12-26 04:00:00,subway,38,86 St (R),Brooklyn,2.0
2023-12-26 04:00:00,subway,382,Fordham Rd (4),Bronx,13.0
2023-12-26 04:00:00,subway,39,Bay Ridge-95 St (R),Brooklyn,1.0
2023-12-26 04:00:00,subway,439,"125 St (2,3)",Manhattan,2.0
2023-12-26 04:00:00,subway,440,"116 St (2,3)",Manhattan,3.0
2023-12-26 04:00:00,subway,443,Baychester Av (5),Bronx,3.0
2023-12-26 04:00:00,subway,457,52 St (7),Queens,1.0
2023-12-26 04:00:00,subway,459,40 St-Lowery St (7),Queens,6.0
2023-12-26 04:00:00,subway,459,40 St-Lowery St (7),Queens,7.0
2023-12-26 04:00:00,subway,51,"Kings Hwy (B,Q)",Brooklyn,2.0
2023-12-26 04:00:00,subway,450,103 St-Corona Plaza (7),Queens,5.0
2023-12-26 04:00:00,subway,436,Harlem-148 St (3),Manhattan,4.0
2023-12-26 04:00:00,subway,447,Flushing-Main St (7),Queens,74.0
2023-12-26 04:00:00,subway,393,116 St (6),Manhattan,2.0
2023-12-26 04:00:00,subway,392,"125 St (4,5,6)",Manhattan,9.0
2023-12-26 04:00:00,subway,385,176 St (4),Bronx,7.0
2023-12-26 04:00:00,subway,385,176 St (4),Bronx,1.0
2023-12-26 04:00:00,subway,31,25 St (R),Brooklyn,1.0
2023-12-26 04:00:00,subway,381,Kingsbridge Rd (4),Bronx,1.0
2023-12-26 04:00:00,subway,378,Woodlawn (4),Bronx,8.0
2023-12-26 04:00:00,subway,35,"59 St (N,R)",Brooklyn,3.0
2023-12-26 04:00:00,subway,404,28 St (6),Manhattan,3.0
2023-12-26 04:00:00,subway,354,"Sterling St (2,5)",Brooklyn,2.0
2023-12-26 04:00:00,subway,361,Buhre Av (6),Bronx,15.0
2023-12-26 04:00:00,subway,364,Zerega Av (6),Bronx,3.0
2023-12-26 04:00:00,subway,364,Zerega Av (6),Bronx,9.0
2023-12-26 04:00:00,subway,365,Castle Hill Av (6),Bronx,22.0
2023-12-26 04:00:00,subway,366,Parkchester (6),Bronx,12.0
2023-12-26 04:00:00,subway,368,Morrison Av-Soundview (6),Bronx,5.0
2023-12-26 04:00:00,subway,376,Brook Av (6),Bronx,12.0
2023-12-26 04:00:00,subway,377,3 Av-138 St (6),Bronx,5.0
2023-12-26 04:00:00,subway,360,Pelham Bay Park (6),Bronx,3.0
2023-12-26 04:00:00,subway,449,111 St (7),Queens,1.0
2023-12-26 04:00:00,subway,404,28 St (6),Manhattan,3.0
2023-12-26 04:00:00,subway,420,"219 St (2,5)",Bronx,1.0
2023-12-26 04:00:00,subway,439,"125 St (2,3)",Manhattan,2.0
2023-12-26 04:00:00,subway,437,145 St (3),Manhattan,1.0
2023-12-26 04:00:00,subway,428,"174 St (2,5)",Bronx,1.0
2023-12-26 04:00:00,subway,424,"Pelham Pkwy (2,5)",Bronx,9.0
2023-12-26 04:00:00,subway,422,"Burke Av (2,5)",Bronx,6.0
2023-12-26 04:00:00,subway,422,"Burke Av (2,5)",Bronx,1.0
2023-12-26 04:00:00,subway,613,"Lexington Av (N,R,W)/59 St (4,5,6)",Manhattan,2.0
2023-12-26 04:00:00,subway,623,"Canal St (J,N,Q,R,W,Z,6)",Manhattan,1.0
2023-12-26 04:00:00,subway,413,"Wall St (4,5)",Manhattan,1.0
2023-12-26 04:00:00,subway,628,"Fulton St (A,C,J,Z,2,3,4,5)",Manhattan,4.0
2023-12-26 04:00:00,subway,635,"South Ferry (1)/Whitehall St (R,W)",Manhattan,1.0
2023-12-26 04:00:00,subway,66,18 Av (D),Brooklyn,4.0
2023-12-26 04:00:00,subway,80,"121 St (J,Z)",Queens,1.0
2023-12-26 04:00:00,subway,86,Cypress Hills (J),Brooklyn,1.0
2023-12-26 04:00:00,subway,87,"Crescent St (J,Z)",Brooklyn,2.0
2023-12-26 04:00:00,subway,88,"Norwood Av (J,Z)",Brooklyn,1.0
2023-12-26 04:00:00,subway,9,"57 St-7 Av (N,Q,R,W)",Manhattan,3.0
2023-12-26 04:00:00,subway,98,"Flushing Av (M,J)",Brooklyn,8.0
2023-12-26 04:00:00,subway,629,Lorimer St (L)/Metropolitan Av (G),Brooklyn,1.0
2023-12-26 04:00:00,subway,305,137 St-City College (1),Manhattan,11.0
2023-12-26 04:00:00,subway,177,Clinton-Washington Avs (C),Brooklyn,1.0
2023-12-26 04:00:00,subway,280,Jamaica-Van Wyck (E),Queens,9.0
2023-12-26 04:00:00,subway,289,Bedford-Nostrand Avs (G),Brooklyn,4.0
2023-12-26 04:00:00,subway,306,125 St (1),Manhattan,1.0
2023-12-26 04:00:00,subway,309,103 St (1),Manhattan,5.0
2023-12-26 04:00:00,subway,316,50 St (1),Manhattan,2.0
2023-12-26 04:00:00,subway,318,"34 St-Penn Station (1,2,3)",Manhattan,3.0
2023-12-26 04:00:00,subway,323,Christopher St-Sheridan Sq (1),Manhattan,2.0
2023-12-26 04:00:00,subway,337,"Nevins St (2,3,4,5)",Brooklyn,3.0
2023-12-26 04:00:00,subway,346,Sutter Av-Rutland Rd (3),Brooklyn,5.0
2023-12-26 04:00:00,subway,347,Saratoga Av (3),Brooklyn,18.0
2023-12-26 04:00:00,subway,347,Saratoga Av (3),Brooklyn,9.0
2023-12-26 04:00:00,subway,152,"135 St (C,B)",Manhattan,3.0
2023-12-26 04:00:00,subway,131,Bushwick Av-Aberdeen St (L),Brooklyn,2.0
2023-12-26 04:00:00,subway,13,"28 St (R,W)",Manhattan,1.0
2023-12-26 04:00:00,subway,109,Fresh Pond Rd (M),Queens,5.0
2023-12-26 04:00:00,subway,101,"Marcy Av (M,J,Z)",Brooklyn,1.0
2023-12-26 04:00:00,subway,271,"Steinway St (M,R)",Queens,5.0
2023-12-26 04:00:00,subway,264,"Woodhaven Blvd (M,R)",Queens,4.0
2023-12-26 04:00:00,subway,264,"Woodhaven Blvd (M,R)",Queens,20.0
2023-12-26 04:00:00,subway,261,"Forest Hills-71 Av (E,F,M,R)",Queens,11.0
2023-12-26 04:00:00,subway,189,Grant Av (A),Brooklyn,2.0
2023-12-26 04:00:00,subway,189,Grant Av (A),Brooklyn,25.0
2023-12-26 04:00:00,subway,190,80 St (A),Queens,7.0
2023-12-26 04:00:00,subway,197,Aqueduct-N Conduit Av (A),Queens,1.0
2023-12-26 04:00:00,subway,205,Beach 60 St (A),Queens,8.0
2023-12-26 04:00:00,subway,214,"182-183 Sts (B,D)",Bronx,8.0
2023-12-26 04:00:00,subway,215,"Tremont Av (B,D)",Bronx,1.0
2023-12-26 04:00:00,staten_island_railway,501,St George (SIR),Staten Island,12.0
2023-12-26 04:00:00,subway,218,"167 St (B,D)",Bronx,4.0
2023-12-26 04:00:00,subway,242,"Fort Hamilton Pkwy (F,G)",Brooklyn,3.0
2023-12-26 04:00:00,subway,245,18 Av (F),Brooklyn,4.0
2023-12-26 04:00:00,subway,247,Bay Pkwy (F),Brooklyn,1.0
2023-12-26 04:00:00,subway,247,Bay Pkwy (F),Brooklyn,1.0
2023-12-26 04:00:00,subway,249,Avenue P (F),Brooklyn,4.0
2023-12-26 04:00:00,subway,251,Avenue U (F),Brooklyn,3.0
2023-12-26 04:00:00,subway,256,Parsons Blvd (F),Queens,10.0
2023-12-26 04:00:00,subway,231,"Grand St (B,D)",Manhattan,1.0
2023-12-26 04:00:00,subway,304,145 St (1),Manhattan,7.0
2023-12-26 04:00:00,subway,252,Avenue X (F),Brooklyn,5.0
2023-12-26 04:00:00,subway,100,"Hewes St (M,J)",Brooklyn,1.0
2023-12-26 04:00:00,subway,153,"125 St (A,C,B,D)",Manhattan,1.0
2023-12-26 04:00:00,subway,249,Avenue P (F),Brooklyn,9.0
2023-12-26 04:00:00,subway,231,"Grand St (B,D)",Manhattan,11.0
2023-12-26 04:00:00,subway,228,"23 St (F,M)",Manhattan,1.0
2023-12-26 04:00:00,subway,223,"Lexington Av/63 St (F,Q)",Manhattan,3.0
2023-12-26 04:00:00,subway,218,"167 St (B,D)",Bronx,11.0
2023-12-26 04:00:00,subway,216,"174-175 Sts (B,D)",Bronx,7.0
2023-12-26 04:00:00,subway,213,"Fordham Rd (B,D)",Bronx,3.0
2023-12-26 04:00:00,subway,210,Norwood-205 St (D),Bronx,22.0
2023-12-26 04:00:00,subway,206,Beach 44 St (A),Queens,2.0
2023-12-26 04:00:00,subway,204,Beach 67 St (A),Queens,12.0
2023-12-26 04:00:00,subway,191,88 St (A),Queens,14.0
2023-12-26 04:00:00,subway,188,"Euclid Av (A,C)",Brooklyn,14.0
2023-12-26 04:00:00,subway,160,"72 St (C,B)",Manhattan,1.0
2023-12-26 04:00:00,subway,16,"8 St-NYU (R,W)",Manhattan,2.0
2023-12-26 04:00:00,subway,147,175 St (A),Manhattan,3.0
2023-12-26 04:00:00,subway,147,175 St (A),Manhattan,2.0
2023-12-26 04:00:00,subway,146,181 St (A),Manhattan,5.0
2023-12-26 04:00:00,subway,144,Dyckman St (A),Manhattan,3.0
2023-12-26 04:00:00,subway,136,New Lots Av (L),Brooklyn,4.0
2023-12-26 04:00:00,subway,134,Sutter Av (L),Brooklyn,1.0
2023-12-26 04:00:00,subway,270,"46 St (M,R)",Queens,7.0
2023-12-26 04:00:00,subway,129,Halsey St (L),Queens,10.0
2023-12-26 04:00:00,subway,277,"7 Av (E,B,D)",Manhattan,4.0
2023-12-26 04:00:00,subway,103,"Bowery (J,Z)",Manhattan,1.0
2023-12-26 05:00:00,tram,TRAM2,RI Tramway (Roosevelt),Manhattan,1.0
2023-12-26 05:00:00,subway,91,Alabama Av (J),Brooklyn,1.0
2023-12-26 05:00:00,subway,85,"75 St-Elderts Ln (J,Z)",Queens,10.0
2023-12-26 05:00:00,subway,82,"104 St (J,Z)",Queens,7.0
2023-12-26 05:00:00,subway,79,86 St (N),Brooklyn,4.0
2023-12-26 05:00:00,subway,74,18 Av (N),Brooklyn,5.0
2023-12-26 05:00:00,subway,66,18 Av (D),Brooklyn,2.0
2023-12-26 05:00:00,subway,636,"Jay St-MetroTech (A,C,F,R)",Brooklyn,2.0
2023-12-26 05:00:00,subway,615,New Utrecht Av (N)/62 St (D),Brooklyn,2.0
2023-12-26 05:00:00,subway,611,"Times Sq-42 St (N,Q,R,W,S,1,2,3,7)/42 St (A,C,E)",Manhattan,27.0
2023-12-26 05:00:00,subway,447,Flushing-Main St (7),Queens,35.0
2023-12-26 05:00:00,subway,57,"W 8 St-NY Aquarium (F,Q)",Brooklyn,3.0
2023-12-26 05:00:00,subway,57,"W 8 St-NY Aquarium (F,Q)",Brooklyn,2.0
2023-12-26 05:00:00,subway,55,"Brighton Beach (B,Q)",Brooklyn,51.0
2023-12-26 05:00:00,subway,471,34 St-Hudson Yards (7),Manhattan,1.0
2023-12-26 05:00:00,subway,464,Vernon Blvd-Jackson Av (7),Queens,1.0
2023-12-26 05:00:00,subway,461,"Queensboro Plaza (7,N,W)",Queens,1.0
2023-12-26 05:00:00,subway,460,33 St-Rawson St (7),Queens,1.0
2023-12-26 05:00:00,subway,459,40 St-Lowery St (7),Queens,16.0
2023-12-26 05:00:00,subway,456,61 St-Woodside (7),Queens,107.0
2023-12-26 05:00:00,subway,450,103 St-Corona Plaza (7),Queens,5.0
2023-12-26 05:00:00,subway,446,Morris Park (5),Bronx,2.0
2023-12-26 05:00:00,subway,607,"34 St-Herald Sq (B,D,F,M,N,Q,R,W)",Manhattan,42.0
2023-12-26 05:00:00,subway,399,68 St-Hunter College (6),Manhattan,1.0
2023-12-26 05:00:00,subway,187,Shepherd Av (C),Brooklyn,26.0
2023-12-26 05:00:00,subway,271,"Steinway St (M,R)",Queens,18.0
2023-12-26 05:00:00,subway,270,"46 St (M,R)",Queens,16.0
2023-12-26 05:00:00,subway,269,"Northern Blvd (M,R)",Queens,4.0
2023-12-26 05:00:00,subway,266,"Elmhurst Av (M,R)",Queens,1.0
2023-12-26 05:00:00,subway,264,"Woodhaven Blvd (M,R)",Queens,12.0
2023-12-26 05:00:00,subway,261,"Forest Hills-71 Av (E,F,M,R)",Queens,111.0
2023-12-26 05:00:00,subway,26,"DeKalb Av (B,Q,R)",Brooklyn,9.0
2023-12-26 05:00:00,subway,250,Kings Hwy (F),Brooklyn,2.0
2023-12-26 05:00:00,subway,249,Avenue P (F),Brooklyn,1.0
2023-12-26 05:00:00,subway,446,Morris Park (5),Bronx,15.0
2023-12-26 05:00:00,subway,440,"116 St (2,3)",Manhattan,1.0
2023-12-26 05:00:00,subway,431,"Intervale Av (2,5)",Bronx,1.0
2023-12-26 05:00:00,subway,43,Parkside Av (Q),Brooklyn,4.0
2023-12-26 05:00:00,subway,43,Parkside Av (Q),Brooklyn,2.0
2023-12-26 05:00:00,subway,42,"Prospect Park (B,Q,S)",Brooklyn,2.0
2023-12-26 05:00:00,subway,42,"Prospect Park (B,Q,S)",Brooklyn,4.0
2023-12-26 05:00:00,subway,42,"Prospect Park (B,Q,S)",Brooklyn,12.0
2023-12-26 05:00:00,subway,419,"225 St (2,5)",Bronx,3.0
2023-12-26 05:00:00,subway,418,"233 St (2,5)",Bronx,15.0
2023-12-26 05:00:00,subway,414,"Bowling Green (4,5)",Manhattan,51.0
2023-12-26 05:00:00,subway,414,"Bowling Green (4,5)",Manhattan,2.0
2023-12-26 05:00:00,subway,276,"5 Av/53 St (E,M)",Manhattan,14.0
2023-12-26 05:00:00,subway,283,Greenpoint Av (G),Brooklyn,3.0
2023-12-26 05:00:00,subway,297,215 St (1),Manhattan,2.0
2023-12-26 05:00:00,subway,305,137 St-City College (1),Manhattan,37.0
2023-12-26 05:00:00,subway,200,"Beach 90 St (A,S)",Queens,2.0
2023-12-26 05:00:00,subway,209,Far Rockaway-Mott Av (A),Queens,52.0
2023-12-26 05:00:00,subway,214,"182-183 Sts (B,D)",Bronx,28.0
2023-12-26 05:00:00,subway,214,"182-183 Sts (B,D)",Bronx,12.0
2023-12-26 05:00:00,subway,215,"Tremont Av (B,D)",Bronx,2.0
2023-12-26 05:00:00,subway,216,"174-175 Sts (B,D)",Bronx,21.0
2023-12-26 05:00:00,subway,216,"174-175 Sts (B,D)",Bronx,2.0
2023-12-26 05:00:00,subway,220,"155 St (B,D)",Manhattan,5.0
2023-12-26 05:00:00,subway,224,57 St (F),Manhattan,3.0
2023-12-26 05:00:00,subway,395,103 St (6),Manhattan,12.0
2023-12-26 05:00:00,subway,241,"15 St-Prospect Park (F,G)",Brooklyn,7.0
2023-12-26 05:00:00,subway,391,"138 St-Grand Concourse (4,5)",Bronx,4.0
2023-12-26 05:00:00,subway,378,Woodlawn (4),Bronx,17.0
2023-12-26 05:00:00,subway,375,Cypress Av (6),Bronx,2.0
2023-12-26 05:00:00,subway,373,E 149 St (6),Bronx,23.0
2023-12-26 05:00:00,subway,372,Longwood Av (6),Bronx,10.0
2023-12-26 05:00:00,subway,371,Hunts Point Av (6),Bronx,3.0
2023-12-26 05:00:00,subway,237,"Carroll St (F,G)",Brooklyn,1.0
2023-12-26 05:00:00,subway,320,23 St (1),Manhattan,2.0
2023-12-26 05:00:00,subway,314,66 St-Lincoln Center (1),Manhattan,3.0
2023-12-26 05:00:00,subway,31,25 St (R),Brooklyn,12.0
2023-12-26 05:00:00,subway,309,103 St (1),Manhattan,8.0
2023-12-26 05:00:00,subway,383,183 St (4),Bronx,12.0
2023-12-26 05:00:00,subway,37,77 St (R),Brooklyn,23.0
2023-12-26 05:00:00,subway,354,"Sterling St (2,5)",Brooklyn,1.0
2023-12-26 05:00:00,subway,177,Clinton-Washington Avs (C),Brooklyn,3.0
2023-12-26 05:00:00,subway,428,"174 St (2,5)",Bronx,13.0
2023-12-26 05:00:00,subway,426,"E 180 St (2,5)",Bronx,6.0
2023-12-26 05:00:00,subway,425,"Bronx Park East (2,5)",Bronx,2.0
2023-12-26 05:00:00,subway,185,Liberty Av (C),Brooklyn,7.0
2023-12-26 05:00:00,subway,422,"Burke Av (2,5)",Bronx,4.0
2023-12-26 05:00:00,subway,417,"Nereid Av (2,5)",Bronx,4.0
2023-12-26 05:00:00,subway,404,28 St (6),Manhattan,1.0
2023-12-26 05:00:00,subway,4,"Broadway (N,W)",Queens,29.0
2023-12-26 05:00:00,subway,397,"86 St (4,5,6)",Manhattan,21.0
2023-12-26 05:00:00,subway,396,96 St (6),Manhattan,7.0
2023-12-26 05:00:00,subway,431,"Intervale Av (2,5)",Bronx,17.0
2023-12-26 05:00:00,subway,392,"125 St (4,5,6)",Manhattan,6.0
2023-12-26 05:00:00,subway,382,Fordham Rd (4),Bronx,4.0
2023-12-26 05:00:00,subway,38,86 St (R),Brooklyn,4.0
2023-12-26 05:00:00,subway,378,Woodlawn (4),Bronx,29.0
2023-12-26 05:00:00,subway,371,Hunts Point Av (6),Bronx,23.0
2023-12-26 05:00:00,subway,371,Hunts Point Av (6),Bronx,14.0
2023-12-26 05:00:00,subway,370,Whitlock Av (6),Bronx,4.0
2023-12-26 05:00:00,subway,368,Morrison Av-Soundview (6),Bronx,7.0
2023-12-26 05:00:00,subway,359,"Flatbush Av-Brooklyn College (2,5)",Brooklyn,86.0
2023-12-26 05:00:00,subway,358,"Newkirk Av-Little Haiti (2,5)",Brooklyn,17.0
2023-12-26 05:00:00,subway,356,"Church Av (2,5)",Brooklyn,46.0
2023-12-26 05:00:00,subway,383,183 St (4),Bronx,31.0
2023-12-26 05:00:00,subway,353,"President St-Medgar Evers College (2,5)",Brooklyn,2.0
2023-12-26 05:00:00,subway,432,"Prospect Av (2,5)",Bronx,26.0
2023-12-26 05:00:00,subway,443,Baychester Av (5),Bronx,7.0
2023-12-26 05:00:00,subway,99,"Lorimer St (M,J)",Brooklyn,2.0
2023-12-26 05:00:00,subway,95,"Gates Av (J,Z)",Brooklyn,1.0
2023-12-26 05:00:00,subway,88,"Norwood Av (J,Z)",Brooklyn,22.0
2023-12-26 05:00:00,subway,87,"Crescent St (J,Z)",Brooklyn,41.0
2023-12-26 05:00:00,subway,86,Cypress Hills (J),Brooklyn,1.0
2023-12-26 05:00:00,subway,86,Cypress Hills (J),Brooklyn,7.0
2023-12-26 05:00:00,subway,79,86 St (N),Brooklyn,9.0
2023-12-26 05:00:00,subway,78,Avenue U (N),Brooklyn,4.0
2023-12-26 05:00:00,subway,71,8 Av (N),Brooklyn,23.0
2023-12-26 05:00:00,subway,70,Bay 50 St (D),Brooklyn,7.0
2023-12-26 05:00:00,subway,437,145 St (3),Manhattan,5.0
2023-12-26 05:00:00,subway,68,Bay Pkwy (D),Brooklyn,3.0
2023-12-26 05:00:00,subway,617,"Atlantic Av-Barclays Ctr (B,D,N,Q,R,2,3,4,5)",Brooklyn,1.0
2023-12-26 05:00:00,subway,610,"Grand Central-42 St (S,4,5,6,7)",Manhattan,85.0
2023-12-26 05:00:00,subway,608,"4 Av (F,G)/9 St (R)",Brooklyn,5.0
2023-12-26 05:00:00,subway,605,"168 St (A,C,1)",Manhattan,6.0
2023-12-26 05:00:00,subway,57,"W 8 St-NY Aquarium (F,Q)",Brooklyn,4.0
2023-12-26 05:00:00,subway,476,86 St (Q),Manhattan,18.0
2023-12-26 05:00:00,subway,461,"Queensboro Plaza (7,N,W)",Queens,10.0
2023-12-26 05:00:00,subway,46,Cortelyou Rd (Q),Brooklyn,7.0
2023-12-26 05:00:00,subway,450,103 St-Corona Plaza (7),Queens,68.0
2023-12-26 05:00:00,subway,449,111 St (7),Queens,64.0
2023-12-26 05:00:00,subway,618,"14 St (A,C,E)/8 Av (L)",Manhattan,12.0
2023-12-26 05:00:00,subway,352,New Lots Av (3),Brooklyn,12.0
2023-12-26 05:00:00,subway,424,"Pelham Pkwy (2,5)",Bronx,10.0
2023-12-26 05:00:00,subway,318,"34 St-Penn Station (1,2,3)",Manhattan,99.0
2023-12-26 05:00:00,subway,158,"86 St (C,B)",Manhattan,3.0
2023-12-26 05:00:00,subway,143,Inwood-207 St (A),Manhattan,14.0
2023-12-26 05:00:00,subway,143,Inwood-207 St (A),Manhattan,19.0
2023-12-26 05:00:00,subway,136,New Lots Av (L),Brooklyn,5.0
2023-12-26 05:00:00,subway,133,Atlantic Av (L),Brooklyn,3.0
2023-12-26 05:00:00,subway,130,Wilson Av (L),Brooklyn,3.0
2023-12-26 05:00:00,subway,123,Grand St (L),Brooklyn,1.0
2023-12-26 05:00:00,subway,113,Knickerbocker Av (M),Brooklyn,2.0
2023-12-26 05:00:00,subway,108,Middle Village-Metropolitan Av (M),Queens,4.0
2023-12-26 05:00:00,subway,103,"Bowery (J,Z)",Manhattan,3.0
2023-12-26 05:00:00,subway,162,"50 St (C,E)",Manhattan,5.0
2023-12-26 05:00:00,staten_island_railway,501,St George (SIR),Staten Island,21.0
2023-12-26 05:00:00,subway,122,Graham Av (L),Brooklyn,3.0
2023-12-26 05:00:00,subway,131,Bushwick Av-Aberdeen St (L),Brooklyn,1.0
2023-12-26 05:00:00,subway,133,Atlantic Av (L),Brooklyn,1.0
2023-12-26 05:00:00,subway,136,New Lots Av (L),Brooklyn,10.0
2023-12-26 05:00:00,subway,147,175 St (A),Manhattan,25.0
2023-12-26 05:00:00,subway,153,"125 St (A,C,B,D)",Manhattan,54.0
2023-12-26 05:00:00,subway,329,Rector St (1),Manhattan,1.0
2023-12-26 05:00:00,subway,164,"34 St-Penn Station (A,C,E)",Manhattan,13.0
2023-12-26 05:00:00,subway,173,"High St (A,C)",Brooklyn,1.0
2023-12-26 05:00:00,subway,175,"Hoyt-Schermerhorn Sts (A,C,G)",Brooklyn,1.0
2023-12-26 05:00:00,subway,114,Central Av (M),Brooklyn,2.0
2023-12-26 05:00:00,subway,181,"Utica Av (A,C)",Brooklyn,20.0
2023-12-26 05:00:00,subway,158,"86 St (C,B)",Manhattan,1.0
2023-12-26 05:00:00,subway,189,Grant Av (A),Brooklyn,47.0
2023-12-26 05:00:00,subway,185,Liberty Av (C),Brooklyn,2.0
2023-12-26 05:00:00,subway,31,25 St (R),Brooklyn,3.0
2023-12-26 05:00:00,subway,305,137 St-City College (1),Manhattan,50.0
2023-12-26 05:00:00,subway,301,181 St (1),Manhattan,50.0
2023-12-26 05:00:00,subway,299,Dyckman St (1),Manhattan,30.0
2023-12-26 05:00:00,subway,294,238 St (1),Bronx,43.0
2023-12-26 05:00:00,subway,280,Jamaica-Van Wyck (E),Queens,3.0
2023-12-26 05:00:00,subway,272,"36 St (M,R)",Queens,1.0
2023-12-26 05:00:00,subway,270,"46 St (M,R)",Queens,1.0
2023-12-26 05:00:00,subway,264,"Woodhaven Blvd (M,R)",Queens,73.0
2023-12-26 05:00:00,subway,261,"Forest Hills-71 Av (E,F,M,R)",Queens,14.0
2023-12-26 05:00:00,subway,305,137 St-City College (1),Manhattan,11.0
2023-12-26 05:00:00,subway,254,Jamaica-179 St (F),Queens,154.0
2023-12-26 05:00:00,subway,251,Avenue U (F),Brooklyn,6.0
2023-12-26 05:00:00,subway,249,Avenue P (F),Brooklyn,11.0
2023-12-26 05:00:00,subway,247,Bay Pkwy (F),Brooklyn,4.0
2023-12-26 05:00:00,subway,246,Avenue I (F),Brooklyn,1.0
2023-12-26 05:00:00,subway,234,East Broadway (F),Manhattan,4.0
2023-12-26 05:00:00,subway,203,"Rockaway Park-Beach 116 St (A,S)",Queens,1.0
2023-12-26 05:00:00,subway,191,88 St (A),Queens,4.0
2023-12-26 05:00:00,subway,198,Howard Beach-JFK Airport (A),Queens,2.0
2023-12-26 05:00:00,subway,193,104 St (A),Queens,1.0
2023-12-26 06:00:00,subway,303,157 St (1),Manhattan,110.0
2023-12-26 06:00:00,subway,357,"Beverly Rd (2,5)",Brooklyn,54.0
2023-12-26 06:00:00,subway,361,Buhre Av (6),Bronx,38.0
2023-12-26 06:00:00,subway,367,St Lawrence Av (6),Bronx,4.0
2023-12-26 06:00:00,subway,373,E 149 St (6),Bronx,2.0
2023-12-26 06:00:00,subway,371,Hunts Point Av (6),Bronx,11.0
2023-12-26 06:00:00,subway,372,Longwood Av (6),Bronx,5.0
2023-12-26 06:00:00,subway,379,Mosholu Pkwy (4),Bronx,30.0
2023-12-26 06:00:00,subway,37,77 St (R),Brooklyn,23.0
2023-12-26 06:00:00,subway,353,"President St-Medgar Evers College (2,5)",Brooklyn,4.0
2023-12-26 06:00:00,subway,320,23 St (1),Manhattan,1.0
2023-12-26 06:00:00,subway,339,"Bergen St (2,3)",Brooklyn,4.0
2023-12-26 06:00:00,subway,333,"Wall St (2,3)",Manhattan,2.0
2023-12-26 06:00:00,subway,323,Christopher St-Sheridan Sq (1),Manhattan,2.0
2023-12-26 06:00:00,subway,301,181 St (1),Manhattan,7.0
2023-12-26 06:00:00,subway,316,50 St (1),Manhattan,2.0
2023-12-26 06:00:00,subway,313,"72 St (1,2,3)",Manhattan,3.0
2023-12-26 06:00:00,subway,310,"96 St (1,2,3)",Manhattan,40.0
2023-12-26 06:00:00,subway,379,Mosholu Pkwy (4),Bronx,106.0
2023-12-26 06:00:00,subway,299,Dyckman St (1),Manhattan,5.0
2023-12-26 06:00:00,subway,340,"Grand Army Plaza (2,3)",Brooklyn,4.0
2023-12-26 06:00:00,subway,382,Fordham Rd (4),Bronx,61.0
2023-12-26 06:00:00,subway,91,Alabama Av (J),Brooklyn,2.0
2023-12-26 06:00:00,subway,386,Mt Eden Av (4),Bronx,32.0
2023-12-26 06:00:00,subway,458,46 St-Bliss St (7),Queens,9.0
2023-12-26 06:00:00,subway,47,"Newkirk Plaza (B,Q)",Brooklyn,13.0
2023-12-26 06:00:00,subway,297,215 St (1),Manhattan,3.0
2023-12-26 06:00:00,subway,52,Avenue U (Q),Brooklyn,71.0
2023-12-26 06:00:00,subway,615,New Utrecht Av (N)/62 St (D),Brooklyn,2.0
2023-12-26 06:00:00,subway,618,"14 St (A,C,E)/8 Av (L)",Manhattan,34.0
2023-12-26 06:00:00,subway,625,"Delancey St (F)/Essex St (J,M,Z)",Manhattan,22.0
2023-12-26 06:00:00,subway,626,"Franklin Av (2,3,4,5)/Botanic Garden (S)",Brooklyn,35.0
2023-12-26 06:00:00,subway,76,Bay Pkwy (N),Brooklyn,70.0
2023-12-26 06:00:00,subway,76,Bay Pkwy (N),Brooklyn,4.0
2023-12-26 06:00:00,subway,78,Avenue U (N),Brooklyn,5.0
2023-12-26 06:00:00,subway,90,"Van Siclen Av (J,Z)",Brooklyn,28.0
2023-12-26 06:00:00,subway,95,"Gates Av (J,Z)",Brooklyn,4.0
2023-12-26 06:00:00,tram,TRAM2,RI Tramway (Roosevelt),Manhattan,8.0
2023-12-26 06:00:00,subway,452,90 St-Elmhurst Av (7),Queens,7.0
2023-12-26 06:00:00,subway,442,Eastchester-Dyre Av (5),Bronx,7.0
2023-12-26 06:00:00,subway,430,"Simpson St (2,5)",Bronx,58.0
2023-12-26 06:00:00,subway,419,"225 St (2,5)",Bronx,40.0
2023-12-26 06:00:00,subway,41,"7 Av (B,Q)",Brooklyn,9.0
2023-12-26 06:00:00,subway,394,110 St (6),Manhattan,12.0
2023-12-26 06:00:00,subway,391,"138 St-Grand Concourse (4,5)",Bronx,36.0
2023-12-26 06:00:00,subway,386,Mt Eden Av (4),Bronx,19.0
2023-12-26 06:00:00,subway,290,Classon Av (G),Brooklyn,4.0
2023-12-26 06:00:00,subway,175,"Hoyt-Schermerhorn Sts (A,C,G)",Brooklyn,1.0
2023-12-26 06:00:00,subway,289,Bedford-Nostrand Avs (G),Brooklyn,17.0
2023-12-26 06:00:00,subway,134,Sutter Av (L),Brooklyn,2.0
2023-12-26 06:00:00,subway,13,"28 St (R,W)",Manhattan,1.0
2023-12-26 06:00:00,subway,127,DeKalb Av (L),Brooklyn,10.0
2023-12-26 06:00:00,subway,126,Jefferson St (L),Brooklyn,6.0
2023-12-26 06:00:00,subway,119,1 Av (L),Manhattan,11.0
2023-12-26 06:00:00,subway,109,Fresh Pond Rd (M),Queens,27.0
2023-12-26 06:00:00,subway,109,Fresh Pond Rd (M),Queens,12.0
2023-12-26 06:00:00,subway,289,Bedford-Nostrand Avs (G),Brooklyn,59.0
2023-12-26 06:00:00,subway,173,"High St (A,C)",Brooklyn,1.0
2023-12-26 06:00:00,subway,144,Dyckman St (A),Manhattan,6.0
2023-12-26 06:00:00,subway,100,"Hewes St (M,J)",Brooklyn,2.0
2023-12-26 06:00:00,subway,120,Bedford Av (L),Brooklyn,24.0
2023-12-26 06:00:00,subway,127,DeKalb Av (L),Brooklyn,11.0
2023-12-26 06:00:00,subway,129,Halsey St (L),Queens,8.0
2023-12-26 06:00:00,subway,131,Bushwick Av-Aberdeen St (L),Brooklyn,8.0
2023-12-26 06:00:00,subway,143,Inwood-207 St (A),Manhattan,8.0
2023-12-26 06:00:00,subway,146,181 St (A),Manhattan,14.0
2023-12-26 06:00:00,subway,146,181 St (A),Manhattan,26.0
2023-12-26 06:00:00,subway,154,"116 St (C,B)",Manhattan,14.0
2023-12-26 06:00:00,subway,164,"34 St-Penn Station (A,C,E)",Manhattan,302.0
2023-12-26 06:00:00,subway,108,Middle Village-Metropolitan Av (M),Queens,28.0
2023-12-26 06:00:00,subway,145,190 St (A),Manhattan,18.0
2023-12-26 06:00:00,subway,153,"125 St (A,C,B,D)",Manhattan,12.0
2023-12-26 06:00:00,subway,162,"50 St (C,E)",Manhattan,15.0
2023-12-26 06:00:00,subway,147,175 St (A),Manhattan,80.0
2023-12-26 06:00:00,subway,287,Flushing Av (G),Brooklyn,2.0
2023-12-26 06:00:00,subway,277,"7 Av (E,B,D)",Manhattan,5.0
2023-12-26 06:00:00,subway,272,"36 St (M,R)",Queens,12.0
2023-12-26 06:00:00,subway,271,"Steinway St (M,R)",Queens,30.0
2023-12-26 06:00:00,subway,266,"Elmhurst Av (M,R)",Queens,13.0
2023-12-26 06:00:00,subway,264,"Woodhaven Blvd (M,R)",Queens,241.0
2023-12-26 06:00:00,subway,263,"63 Dr-Rego Park (M,R)",Queens,62.0
2023-12-26 06:00:00,subway,261,"Forest Hills-71 Av (E,F,M,R)",Queens,5.0
2023-12-26 06:00:00,subway,260,"75 Av (E,F)",Queens,2.0
2023-12-26 06:00:00,subway,284,Nassau Av (G),Brooklyn,2.0
2023-12-26 06:00:00,subway,250,Kings Hwy (F),Brooklyn,27.0
2023-12-26 06:00:00,subway,236,"Bergen St (F,G)",Brooklyn,1.0
2023-12-26 06:00:00,subway,232,2 Av (F),Manhattan,6.0
2023-12-26 06:00:00,subway,228,"23 St (F,M)",Manhattan,29.0
2023-12-26 06:00:00,subway,216,"174-175 Sts (B,D)",Bronx,5.0
2023-12-26 06:00:00,subway,208,Beach 25 St (A),Queens,1.0
2023-12-26 06:00:00,subway,192,Rockaway Blvd (A),Queens,21.0
2023-12-26 06:00:00,subway,167,"W 4 St-Wash Sq (A,C,E,B,D,F,M)",Manhattan,15.0
2023-12-26 06:00:00,subway,181,"Utica Av (A,C)",Brooklyn,6.0
2023-12-26 06:00:00,subway,259,"Kew Gardens-Union Tpke (E,F)",Queens,8.0
2023-12-26 07:00:00,subway,437,145 St (3),Manhattan,2.0
2023-12-26 07:00:00,subway,439,"125 St (2,3)",Manhattan,27.0
2023-12-26 07:00:00,subway,453,82 St-Jackson Hts (7),Queens,12.0
2023-12-26 07:00:00,subway,449,111 St (7),Queens,141.0
2023-12-26 07:00:00,subway,450,103 St-Corona Plaza (7),Queens,143.0
2023-12-26 07:00:00,subway,455,69 St (7),Queens,14.0
2023-12-26 07:00:00,subway,445,Pelham Pkwy (5),Bronx,26.0
2023-12-26 07:00:00,subway,434,"3 Av-149 St (2,5)",Bronx,156.0
2023-12-26 07:00:00,subway,419,"225 St (2,5)",Bronx,17.0
2023-12-26 07:00:00,subway,431,"Intervale Av (2,5)",Bronx,7.0
2023-12-26 07:00:00,subway,421,"Gun Hill Rd (2,5)",Bronx,25.0
2023-12-26 07:00:00,subway,417,"Nereid Av (2,5)",Bronx,18.0
2023-12-26 07:00:00,subway,417,"Nereid Av (2,5)",Bronx,19.0
2023-12-26 07:00:00,subway,416,Wakefield-241 St (2),Bronx,20.0
2023-12-26 07:00:00,subway,403,33 St (6),Manhattan,1.0
2023-12-26 07:00:00,subway,456,61 St-Woodside (7),Queens,139.0
2023-12-26 07:00:00,subway,393,116 St (6),Manhattan,53.0
2023-12-26 07:00:00,subway,432,"Prospect Av (2,5)",Bronx,24.0
2023-12-26 07:00:00,subway,456,61 St-Woodside (7),Queens,150.0
2023-12-26 07:00:00,subway,621,"Broadway Junction (A,C,J,L,Z)",Brooklyn,60.0
2023-12-26 07:00:00,subway,46,Cortelyou Rd (Q),Brooklyn,10.0
2023-12-26 07:00:00,subway,387,170 St (4),Bronx,9.0
2023-12-26 07:00:00,tram,TRAM2,RI Tramway (Roosevelt),Manhattan,22.0
2023-12-26 07:00:00,subway,99,"Lorimer St (M,J)",Brooklyn,3.0
2023-12-26 07:00:00,subway,95,"Gates Av (J,Z)",Brooklyn,10.0
2023-12-26 07:00:00,subway,93,"Chauncey St (J,Z)",Brooklyn,8.0
2023-12-26 07:00:00,subway,79,86 St (N),Brooklyn,35.0
2023-12-26 07:00:00,subway,67,20 Av (D),Brooklyn,7.0
2023-12-26 07:00:00,subway,66,18 Av (D),Brooklyn,7.0
2023-12-26 07:00:00,subway,458,46 St-Bliss St (7),Queens,11.0
2023-12-26 07:00:00,subway,636,"Jay St-MetroTech (A,C,F,R)",Brooklyn,3.0
2023-12-26 07:00:00,subway,612,"Lexington Av-53 St (E,M)/51 St (6)",Manhattan,45.0
2023-12-26 07:00:00,subway,612,"Lexington Av-53 St (E,M)/51 St (6)",Manhattan,11.0
2023-12-26 07:00:00,subway,605,"168 St (A,C,1)",Manhattan,62.0
2023-12-26 07:00:00,subway,6,"39 Av-Dutch Kills (N,W)",Queens,7.0
2023-12-26 07:00:00,subway,58,"Coney Island-Stillwell Av (D,F,N,Q)",Brooklyn,153.0
2023-12-26 07:00:00,subway,53,Neck Rd (Q),Brooklyn,77.0
2023-12-26 07:00:00,subway,471,34 St-Hudson Yards (7),Manhattan,13.0
2023-12-26 07:00:00,subway,463,Hunters Point Av (7),Queens,13.0
2023-12-26 07:00:00,subway,625,"Delancey St (F)/Essex St (J,M,Z)",Manhattan,25.0
2023-12-26 07:00:00,subway,384,Burnside Av (4),Bronx,133.0
2023-12-26 07:00:00,subway,398,77 St (6),Manhattan,19.0
2023-12-26 07:00:00,subway,380,Bedford Park Blvd-Lehman College (4),Bronx,8.0
2023-12-26 07:00:00,subway,256,Parsons Blvd (F),Queens,11.0
2023-12-26 07:00:00,subway,248,Avenue N (F),Brooklyn,50.0
2023-12-26 07:00:00,subway,245,18 Av (F),Brooklyn,67.0
2023-12-26 07:00:00,subway,243,"Church Av (F,G)",Brooklyn,58.0
2023-12-26 07:00:00,subway,241,"15 St-Prospect Park (F,G)",Brooklyn,8.0
2023-12-26 07:00:00,subway,232,2 Av (F),Manhattan,2.0
2023-12-26 07:00:00,subway,214,"182-183 Sts (B,D)",Bronx,5.0
2023-12-26 07:00:00,subway,213,"Fordham Rd (B,D)",Bronx,1.0
2023-12-26 07:00:00,subway,261,"Forest Hills-71 Av (E,F,M,R)",Queens,236.0
2023-12-26 07:00:00,subway,213,"Fordham Rd (B,D)",Bronx,16.0
2023-12-26 07:00:00,subway,187,Shepherd Av (C),Brooklyn,5.0
2023-12-26 07:00:00,subway,182,Ralph Av (C),Brooklyn,20.0
2023-12-26 07:00:00,subway,175,"Hoyt-Schermerhorn Sts (A,C,G)",Brooklyn,8.0
2023-12-26 07:00:00,subway,167,"W 4 St-Wash Sq (A,C,E,B,D,F,M)",Manhattan,11.0
2023-12-26 07:00:00,subway,146,181 St (A),Manhattan,31.0
2023-12-26 07:00:00,subway,135,Livonia Av (L),Brooklyn,2.0
2023-12-26 07:00:00,subway,126,Jefferson St (L),Brooklyn,18.0
2023-12-26 07:00:00,subway,382,Fordham Rd (4),Bronx,2.0
2023-12-26 07:00:00,subway,189,Grant Av (A),Brooklyn,15.0
2023-12-26 07:00:00,subway,280,Jamaica-Van Wyck (E),Queens,60.0
2023-12-26 07:00:00,subway,198,Howard Beach-JFK Airport (A),Queens,58.0
2023-12-26 07:00:00,subway,291,Clinton-Washington Avs (G),Brooklyn,26.0
2023-12-26 07:00:00,subway,380,Bedford Park Blvd-Lehman College (4),Bronx,31.0
2023-12-26 07:00:00,subway,284,Nassau Av (G),Brooklyn,54.0
2023-12-26 07:00:00,subway,376,Brook Av (6),Bronx,45.0
2023-12-26 07:00:00,subway,375,Cypress Av (6),Bronx,24.0
2023-12-26 07:00:00,subway,374,E 143 St-St Mary's St (6),Bronx,13.0
2023-12-26 07:00:00,subway,364,Zerega Av (6),Bronx,4.0
2023-12-26 07:00:00,subway,360,Pelham Bay Park (6),Bronx,139.0
2023-12-26 07:00:00,subway,357,"Beverly Rd (2,5)",Brooklyn,20.0
2023-12-26 07:00:00,subway,369,Elder Av (6),Bronx,104.0
2023-12-26 07:00:00,subway,353,"President St-Medgar Evers College (2,5)",Brooklyn,11.0
2023-12-26 07:00:00,subway,329,Rector St (1),Manhattan,66.0
2023-12-26 07:00:00,subway,329,Rector St (1),Manhattan,1.0
2023-12-26 07:00:00,subway,32,"36 St (D,N,R)",Brooklyn,12.0
2023-12-26 07:00:00,subway,319,28 St (1),Manhattan,46.0
2023-12-26 07:00:00,subway,319,28 St (1),Manhattan,5.0
2023-12-26 07:00:00,subway,356,"Church Av (2,5)",Brooklyn,17.0
2023-12-26 07:00:00,subway,310,"96 St (1,2,3)",Manhattan,47.0
2023-12-26 07:00:00,subway,306,125 St (1),Manhattan,5.0
2023-12-26 08:00:00,subway,52,Avenue U (Q),Brooklyn,17.0
2023-12-26 08:00:00,subway,457,52 St (7),Queens,80.0
2023-12-26 08:00:00,subway,458,46 St-Bliss St (7),Queens,28.0
2023-12-26 08:00:00,subway,46,Cortelyou Rd (Q),Brooklyn,1.0
2023-12-26 08:00:00,subway,5,"36 Av (N,W)",Queens,20.0
2023-12-26 08:00:00,subway,477,72 St (Q),Manhattan,5.0
2023-12-26 08:00:00,subway,48,Avenue H (Q),Brooklyn,9.0
2023-12-26 08:00:00,subway,50,Avenue M (Q),Brooklyn,1.0
2023-12-26 08:00:00,subway,456,61 St-Woodside (7),Queens,42.0
2023-12-26 08:00:00,subway,476,86 St (Q),Manhattan,68.0
2023-12-26 08:00:00,subway,451,Junction Blvd (7),Queens,139.0
2023-12-26 08:00:00,subway,414,"Bowling Green (4,5)",Manhattan,126.0
2023-12-26 08:00:00,subway,445,Pelham Pkwy (5),Bronx,8.0
2023-12-26 08:00:00,subway,443,Baychester Av (5),Bronx,31.0
2023-12-26 08:00:00,subway,442,Eastchester-Dyre Av (5),Bronx,6.0
2023-12-26 08:00:00,subway,440,"116 St (2,3)",Manhattan,35.0
2023-12-26 08:00:00,subway,440,"116 St (2,3)",Manhattan,51.0
2023-12-26 08:00:00,subway,437,145 St (3),Manhattan,26.0
2023-12-26 08:00:00,subway,424,"Pelham Pkwy (2,5)",Bronx,16.0
2023-12-26 08:00:00,subway,413,"Wall St (4,5)",Manhattan,44.0
2023-12-26 08:00:00,subway,394,110 St (6),Manhattan,13.0
2023-12-26 08:00:00,subway,39,Bay Ridge-95 St (R),Brooklyn,15.0
2023-12-26 08:00:00,subway,54,"Sheepshead Bay (B,Q)",Brooklyn,66.0
2023-12-26 08:00:00,subway,447,Flushing-Main St (7),Queens,196.0
2023-12-26 08:00:00,subway,56,Ocean Pkwy (Q),Brooklyn,1.0
2023-12-26 08:00:00,subway,88,"Norwood Av (J,Z)",Brooklyn,8.0
2023-12-26 08:00:00,subway,59,9 Av (D),Brooklyn,12.0
2023-12-26 08:00:00,subway,385,176 St (4),Bronx,17.0
2023-12-26 08:00:00,subway,99,"Lorimer St (M,J)",Brooklyn,36.0
2023-12-26 08:00:00,subway,98,"Flushing Av (M,J)",Brooklyn,18.0
2023-12-26 08:00:00,subway,96,Kosciuszko St (J),Brooklyn,3.0
2023-12-26 08:00:00,subway,93,"Chauncey St (J,Z)",Brooklyn,17.0
2023-12-26 08:00:00,subway,89,Cleveland St (J),Brooklyn,11.0
2023-12-26 08:00:00,subway,83,"Woodhaven Blvd (J,Z)",Queens,8.0
2023-12-26 08:00:00,subway,82,"104 St (J,Z)",Queens,20.0
2023-12-26 08:00:00,subway,78,Avenue U (N),Brooklyn,68.0
2023-12-26 08:00:00,subway,72,Fort Hamilton Pkwy (N),Brooklyn,28.0
2023-12-26 08:00:00,subway,72,Fort Hamilton Pkwy (N),Brooklyn,16.0
2023-12-26 08:00:00,subway,58,"Coney Island-Stillwell Av (D,F,N,Q)",Brooklyn,71.0
2023-12-26 08:00:00,subway,70,Bay 50 St (D),Brooklyn,20.0
2023-12-26 08:00:00,subway,627,"Franklin Av (C,S)",Brooklyn,10.0
2023-12-26 08:00:00,subway,620,"Court St (R)/Borough Hall (2,3,4,5)",Brooklyn,11.0
2023-12-26 08:00:00,subway,617,"Atlantic Av-Barclays Ctr (B,D,N,Q,R,2,3,4,5)",Brooklyn,248.0
2023-12-26 08:00:00,subway,613,"Lexington Av (N,R,W)/59 St (4,5,6)",Manhattan,73.0
2023-12-26 08:00:00,subway,611,"Times Sq-42 St (N,Q,R,W,S,1,2,3,7)/42 St (A,C,E)",Manhattan,401.0
2023-12-26 08:00:00,subway,61,50 St (D),Brooklyn,6.0
2023-12-26 08:00:00,subway,608,"4 Av (F,G)/9 St (R)",Brooklyn,17.0
2023-12-26 08:00:00,subway,608,"4 Av (F,G)/9 St (R)",Brooklyn,16.0
2023-12-26 08:00:00,subway,605,"168 St (A,C,1)",Manhattan,5.0
2023-12-26 08:00:00,subway,59,9 Av (D),Brooklyn,62.0
2023-12-26 08:00:00,subway,59,9 Av (D),Brooklyn,7.0
2023-12-26 08:00:00,subway,629,Lorimer St (L)/Metropolitan Av (G),Brooklyn,40.0
2023-12-26 08:00:00,subway,38,86 St (R),Brooklyn,44.0
2023-12-26 08:00:00,subway,151,"145 St (A,C,B,D)",Manhattan,17.0
2023-12-26 08:00:00,subway,376,Brook Av (6),Bronx,4.0
2023-12-26 08:00:00,subway,190,80 St (A),Queens,36.0
2023-12-26 08:00:00,subway,189,Grant Av (A),Brooklyn,1.0
2023-12-26 08:00:00,subway,188,"Euclid Av (A,C)",Brooklyn,45.0
2023-12-26 08:00:00,subway,185,Liberty Av (C),Brooklyn,6.0
2023-12-26 08:00:00,subway,177,Clinton-Washington Avs (C),Brooklyn,62.0
2023-12-26 08:00:00,subway,17,"Prince St (R,W)",Manhattan,4.0
2023-12-26 08:00:00,subway,17,"Prince St (R,W)",Manhattan,1.0
2023-12-26 08:00:00,subway,169,"Canal St (A,C,E)",Manhattan,4.0
2023-12-26 08:00:00,subway,168,"Spring St (C,E)",Manhattan,5.0
2023-12-26 08:00:00,subway,164,"34 St-Penn Station (A,C,E)",Manhattan,1272.0
2023-12-26 08:00:00,subway,162,"50 St (C,E)",Manhattan,10.0
2023-12-26 08:00:00,subway,160,"72 St (C,B)",Manhattan,5.0
2023-12-26 08:00:00,subway,159,"81 St-Museum of Natural History (C,B)",Manhattan,6.0
2023-12-26 08:00:00,subway,153,"125 St (A,C,B,D)",Manhattan,5.0
2023-12-26 08:00:00,subway,152,"135 St (C,B)",Manhattan,12.0
2023-12-26 08:00:00,subway,149,163 St-Amsterdam Av (C),Manhattan,1.0
2023-12-26 08:00:00,subway,379,Mosholu Pkwy (4),Bronx,108.0
2023-12-26 08:00:00,subway,123,Grand St (L),Brooklyn,16.0
2023-12-26 08:00:00,subway,119,1 Av (L),Manhattan,190.0
2023-12-26 08:00:00,subway,111,Seneca Av (M),Queens,3.0
2023-12-26 08:00:00,subway,109,Fresh Pond Rd (M),Queens,18.0
2023-12-26 08:00:00,subway,107,"Broad St (J,Z)",Manhattan,12.0
2023-12-26 08:00:00,subway,103,"Bowery (J,Z)",Manhattan,10.0
2023-12-26 08:00:00,subway,194,111 St (A),Queens,4.0
2023-12-26 08:00:00,subway,197,Aqueduct-N Conduit Av (A),Queens,2.0
2023-12-26 08:00:00,subway,137,East 105 St (L),Brooklyn,57.0
2023-12-26 08:00:00,subway,200,"Beach 90 St (A,S)",Queens,1.0
2023-12-26 08:00:00,subway,198,Howard Beach-JFK Airport (A),Queens,6.0
2023-12-26 08:00:00,subway,372,Longwood Av (6),Bronx,8.0
2023-12-26 08:00:00,subway,353,"President St-Medgar Evers College (2,5)",Brooklyn,18.0
2023-12-26 08:00:00,subway,352,New Lots Av (3),Brooklyn,18.0
2023-12-26 08:00:00,subway,325,Canal St (1),Manhattan,3.0
2023-12-26 08:00:00,subway,301,181 St (1),Manhattan,45.0
2023-12-26 08:00:00,subway,297,215 St (1),Manhattan,7.0
2023-12-26 08:00:00,subway,283,Greenpoint Av (G),Brooklyn,19.0
2023-12-26 08:00:00,subway,283,Greenpoint Av (G),Brooklyn,1.0
2023-12-26 08:00:00,subway,280,Jamaica-Van Wyck (E),Queens,7.0
2023-12-26 08:00:00,subway,278,"Jamaica Center-Parsons/Archer (E,J,Z)",Queens,84.0
2023-12-26 08:00:00,subway,328,WTC Cortlandt (1),Manhattan,18.0
2023-12-26 08:00:00,subway,266,"Elmhurst Av (M,R)",Queens,143.0
2023-12-26 08:00:00,subway,272,"36 St (M,R)",Queens,21.0
2023-12-26 08:00:00,subway,204,Beach 67 St (A),Queens,6.0
2023-12-26 08:00:00,subway,204,Beach 67 St (A),Queens,3.0
2023-12-26 08:00:00,subway,243,"Church Av (F,G)",Brooklyn,101.0
2023-12-26 08:00:00,subway,243,"Church Av (F,G)",Brooklyn,20.0
2023-12-26 08:00:00,subway,223,"Lexington Av/63 St (F,Q)",Manhattan,26.0
2023-12-26 08:00:00,subway,251,Avenue U (F),Brooklyn,6.0
2023-12-26 08:00:00,subway,254,Jamaica-179 St (F),Queens,92.0
2023-12-26 08:00:00,subway,265,"Grand Av-Newtown (M,R)",Queens,194.0
2023-12-26 08:00:00,subway,247,Bay Pkwy (F),Brooklyn,21.0
2023-12-26 08:00:00,subway,202,"Beach 105 St (A,S)",Queens,2.0
2023-12-26 09:00:00,subway,426,"E 180 St (2,5)",Bronx,16.0
2023-12-26 09:00:00,subway,377,3 Av-138 St (6),Bronx,24.0
2023-12-26 09:00:00,subway,437,145 St (3),Manhattan,8.0
2023-12-26 09:00:00,subway,425,"Bronx Park East (2,5)",Bronx,3.0
2023-12-26 09:00:00,subway,421,"Gun Hill Rd (2,5)",Bronx,15.0
2023-12-26 09:00:00,subway,417,"Nereid Av (2,5)",Bronx,4.0
2023-12-26 09:00:00,subway,398,77 St (6),Manhattan,7.0
2023-12-26 09:00:00,subway,394,110 St (6),Manhattan,57.0
2023-12-26 09:00:00,subway,351,Van Siclen Av (3),Brooklyn,9.0
2023-12-26 09:00:00,subway,37,77 St (R),Brooklyn,9.0
2023-12-26 09:00:00,subway,364,Zerega Av (6),Bronx,5.0
2023-12-26 09:00:00,subway,356,"Church Av (2,5)",Brooklyn,49.0
2023-12-26 09:00:00,subway,351,Van Siclen Av (3),Brooklyn,2.0
2023-12-26 09:00:00,subway,350,Pennsylvania Av (3),Brooklyn,10.0
2023-12-26 09:00:00,subway,341,"Eastern Pkwy-Brooklyn Museum (2,3)",Brooklyn,5.0
2023-12-26 09:00:00,subway,441,"Central Park North (110 St) (2,3)",Manhattan,14.0
2023-12-26 09:00:00,subway,339,"Bergen St (2,3)",Brooklyn,14.0
2023-12-26 09:00:00,subway,370,Whitlock Av (6),Bronx,3.0
2023-12-26 09:00:00,subway,449,111 St (7),Queens,25.0
2023-12-26 09:00:00,subway,615,New Utrecht Av (N)/62 St (D),Brooklyn,48.0
2023-12-26 09:00:00,subway,452,90 St-Elmhurst Av (7),Queens,282.0
2023-12-26 09:00:00,subway,337,"Nevins St (2,3,4,5)",Brooklyn,6.0
2023-12-26 09:00:00,subway,97,"Myrtle Av (M,J,Z)",Brooklyn,14.0
2023-12-26 09:00:00,subway,89,Cleveland St (J),Brooklyn,6.0
2023-12-26 09:00:00,subway,86,Cypress Hills (J),Brooklyn,7.0
2023-12-26 09:00:00,subway,74,18 Av (N),Brooklyn,2.0
2023-12-26 09:00:00,subway,69,25 Av (D),Brooklyn,19.0
2023-12-26 09:00:00,subway,623,"Canal St (J,N,Q,R,W,Z,6)",Manhattan,31.0
2023-12-26 09:00:00,subway,616,"74-Broadway (7)/Jackson Hts-Roosevelt Av (E,F,M,R)",Queens,442.0
2023-12-26 09:00:00,subway,611,"Times Sq-42 St (N,Q,R,W,S,1,2,3,7)/42 St (A,C,E)",Manhattan,126.0
2023-12-26 09:00:00,subway,602,"14 St-Union Sq (L,N,Q,R,W,4,5,6)",Manhattan,90.0
2023-12-26 09:00:00,subway,601,"14 St (F,M,1,2,3)/6 Av (L)",Manhattan,2.0
2023-12-26 09:00:00,subway,59,9 Av (D),Brooklyn,42.0
2023-12-26 09:00:00,subway,55,"Brighton Beach (B,Q)",Brooklyn,10.0
2023-12-26 09:00:00,subway,55,"Brighton Beach (B,Q)",Brooklyn,35.0
2023-12-26 09:00:00,subway,51,"Kings Hwy (B,Q)",Brooklyn,33.0
2023-12-26 09:00:00,subway,47,"Newkirk Plaza (B,Q)",Brooklyn,21.0
2023-12-26 09:00:00,subway,463,Hunters Point Av (7),Queens,15.0
2023-12-26 09:00:00,subway,45,Beverley Rd (Q),Brooklyn,26.0
2023-12-26 09:00:00,subway,334,"Clark St (2,3)",Brooklyn,3.0
2023-12-26 09:00:00,subway,96,Kosciuszko St (J),Brooklyn,29.0
2023-12-26 09:00:00,subway,327,"Chambers St (1,2,3)",Manhattan,5.0
2023-12-26 09:00:00,subway,205,Beach 60 St (A),Queens,3.0
2023-12-26 09:00:00,subway,189,Grant Av (A),Brooklyn,79.0
2023-12-26 09:00:00,subway,176,Lafayette Av (C),Brooklyn,3.0
2023-12-26 09:00:00,subway,169,"Canal St (A,C,E)",Manhattan,12.0
2023-12-26 09:00:00,subway,168,"Spring St (C,E)",Manhattan,9.0
2023-12-26 09:00:00,subway,167,"W 4 St-Wash Sq (A,C,E,B,D,F,M)",Manhattan,55.0
2023-12-26 09:00:00,subway,162,"50 St (C,E)",Manhattan,2.0
2023-12-26 09:00:00,subway,155,"Cathedral Pkwy (110 St) (C,B)",Manhattan,10.0
2023-12-26 09:00:00,subway,155,"Cathedral Pkwy (110 St) (C,B)",Manhattan,8.0
2023-12-26 09:00:00,subway,153,"125 St (A,C,B,D)",Manhattan,1.0
2023-12-26 09:00:00,subway,146,181 St (A),Manhattan,39.0
2023-12-26 09:00:00,subway,131,Bushwick Av-Aberdeen St (L),Brooklyn,41.0
2023-12-26 09:00:00,subway,13,"28 St (R,W)",Manhattan,104.0
2023-12-26 09:00:00,subway,109,Fresh Pond Rd (M),Queens,9.0
2023-12-26 09:00:00,subway,109,Fresh Pond Rd (M),Queens,7.0
2023-12-26 09:00:00,subway,108,Middle Village-Metropolitan Av (M),Queens,17.0
2023-12-26 09:00:00,subway,334,"Clark St (2,3)",Brooklyn,7.0
2023-12-26 09:00:00,subway,208,Beach 25 St (A),Queens,1.0
2023-12-26 09:00:00,subway,210,Norwood-205 St (D),Bronx,45.0
2023-12-26 09:00:00,subway,157,"96 St (C,B)",Manhattan,100.0
2023-12-26 09:00:00,subway,214,"182-183 Sts (B,D)",Bronx,7.0
2023-12-26 09:00:00,subway,214,"182-183 Sts (B,D)",Bronx,36.0
2023-12-26 09:00:00,subway,305,137 St-City College (1),Manhattan,61.0
2023-12-26 09:00:00,subway,298,207 St (1),Manhattan,15.0
2023-12-26 09:00:00,subway,298,207 St (1),Manhattan,16.0
2023-12-26 09:00:00,subway,284,Nassau Av (G),Brooklyn,21.0
2023-12-26 09:00:00,subway,284,Nassau Av (G),Brooklyn,29.0
2023-12-26 09:00:00,subway,272,"36 St (M,R)",Queens,1.0
2023-12-26 09:00:00,subway,269,"Northern Blvd (M,R)",Queens,1.0
2023-12-26 09:00:00,subway,260,"75 Av (E,F)",Queens,17.0
2023-12-26 09:00:00,subway,283,Greenpoint Av (G),Brooklyn,127.0
2023-12-26 09:00:00,subway,215,"Tremont Av (B,D)",Bronx,10.0
2023-12-26 09:00:00,subway,252,Avenue X (F),Brooklyn,18.0
2023-12-26 09:00:00,subway,251,Avenue U (F),Brooklyn,15.0
2023-12-26 09:00:00,subway,247,Bay Pkwy (F),Brooklyn,4.0
2023-12-26 09:00:00,subway,246,Avenue I (F),Brooklyn,2.0
2023-12-26 09:00:00,subway,244,Ditmas Av (F),Brooklyn,17.0
2023-12-26 09:00:00,subway,231,"Grand St (B,D)",Manhattan,144.0
2023-12-26 09:00:00,subway,255,169 St (F),Queens,37.0
2023-12-26 10:00:00,subway,44,"Church Av (B,Q)",Brooklyn,18.0
2023-12-26 10:00:00,subway,441,"Central Park North (110 St) (2,3)",Manhattan,24.0
2023-12-26 10:00:00,subway,445,Pelham Pkwy (5),Bronx,28.0
2023-12-26 10:00:00,subway,461,"Queensboro Plaza (7,N,W)",Queens,1.0
2023-12-26 10:00:00,subway,453,82 St-Jackson Hts (7),Queens,4.0
2023-12-26 10:00:00,subway,453,82 St-Jackson Hts (7),Queens,24.0
2023-12-26 10:00:00,subway,436,Harlem-148 St (3),Manhattan,7.0
2023-12-26 10:00:00,subway,449,111 St (7),Queens,24.0
2023-12-26 10:00:00,subway,434,"3 Av-149 St (2,5)",Bronx,26.0
2023-12-26 10:00:00,subway,378,Woodlawn (4),Bronx,12.0
2023-12-26 10:00:00,subway,43,Parkside Av (Q),Brooklyn,10.0
2023-12-26 10:00:00,subway,404,28 St (6),Manhattan,11.0
2023-12-26 10:00:00,subway,398,77 St (6),Manhattan,1.0
2023-12-26 10:00:00,subway,391,"138 St-Grand Concourse (4,5)",Bronx,5.0
2023-12-26 10:00:00,subway,39,Bay Ridge-95 St (R),Brooklyn,6.0
2023-12-26 10:00:00,subway,387,170 St (4),Bronx,22.0
2023-12-26 10:00:00,subway,379,Mosholu Pkwy (4),Bronx,23.0
2023-12-26 10:00:00,subway,463,Hunters Point Av (7),Queens,4.0
2023-12-26 10:00:00,subway,43,Parkside Av (Q),Brooklyn,7.0
2023-12-26 10:00:00,subway,47,"Newkirk Plaza (B,Q)",Brooklyn,16.0
2023-12-26 10:00:00,subway,99,"Lorimer St (M,J)",Brooklyn,7.0
2023-12-26 10:00:00,subway,58,"Coney Island-Stillwell Av (D,F,N,Q)",Brooklyn,70.0
2023-12-26 10:00:00,subway,370,Whitlock Av (6),Bronx,3.0
2023-12-26 10:00:00,subway,94,Halsey St (J),Brooklyn,3.0
2023-12-26 10:00:00,subway,87,"Crescent St (J,Z)",Brooklyn,12.0
2023-12-26 10:00:00,subway,66,18 Av (D),Brooklyn,13.0
2023-12-26 10:00:00,subway,636,"Jay St-MetroTech (A,C,F,R)",Brooklyn,13.0
2023-12-26 10:00:00,subway,628,"Fulton St (A,C,J,Z,2,3,4,5)",Manhattan,349.0
2023-12-26 10:00:00,subway,627,"Franklin Av (C,S)",Brooklyn,1.0
2023-12-26 10:00:00,subway,625,"Delancey St (F)/Essex St (J,M,Z)",Manhattan,73.0
2023-12-26 10:00:00,subway,51,"Kings Hwy (B,Q)",Brooklyn,37.0
2023-12-26 10:00:00,subway,621,"Broadway Junction (A,C,J,L,Z)",Brooklyn,30.0
2023-12-26 10:00:00,subway,610,"Grand Central-42 St (S,4,5,6,7)",Manhattan,148.0
2023-12-26 10:00:00,subway,610,"Grand Central-42 St (S,4,5,6,7)",Manhattan,38.0
2023-12-26 10:00:00,subway,61,50 St (D),Brooklyn,7.0
2023-12-26 10:00:00,subway,61,50 St (D),Brooklyn,24.0
2023-12-26 10:00:00,subway,608,"4 Av (F,G)/9 St (R)",Brooklyn,15.0
2023-12-26 10:00:00,subway,606,"Court Sq (E,G,M,7)",Queens,271.0
2023-12-26 10:00:00,subway,606,"Court Sq (E,G,M,7)",Queens,47.0
2023-12-26 10:00:00,subway,603,"149 St-Grand Concourse (2,4,5)",Bronx,24.0
2023-12-26 10:00:00,subway,611,"Times Sq-42 St (N,Q,R,W,S,1,2,3,7)/42 St (A,C,E)",Manhattan,108.0
2023-12-26 10:00:00,subway,367,St Lawrence Av (6),Bronx,7.0
2023-12-26 10:00:00,subway,416,Wakefield-241 St (2),Bronx,28.0
2023-12-26 10:00:00,subway,344,Kingston Av (3),Brooklyn,89.0
2023-12-26 10:00:00,subway,223,"Lexington Av/63 St (F,Q)",Manhattan,2.0
2023-12-26 10:00:00,subway,217,"170 St (B,D)",Bronx,34.0
2023-12-26 10:00:00,subway,211,"Bedford Park Blvd (B,D)",Bronx,5.0
2023-12-26 10:00:00,subway,193,104 St (A),Queens,3.0
2023-12-26 10:00:00,subway,192,Rockaway Blvd (A),Queens,79.0
2023-12-26 10:00:00,subway,192,Rockaway Blvd (A),Queens,6.0
2023-12-26 10:00:00,subway,17,"Prince St (R,W)",Manhattan,1.0
2023-12-26 10:00:00,subway,165,"23 St (C,E)",Manhattan,163.0
2023-12-26 10:00:00,subway,232,2 Av (F),Manhattan,46.0
2023-12-26 10:00:00,subway,165,"23 St (C,E)",Manhattan,23.0
2023-12-26 10:00:00,subway,152,"135 St (C,B)",Manhattan,26.0
2023-12-26 10:00:00,subway,152,"135 St (C,B)",Manhattan,16.0
2023-12-26 10:00:00,subway,151,"145 St (A,C,B,D)",Manhattan,27.0
2023-12-26 10:00:00,subway,146,181 St (A),Manhattan,28.0
2023-12-26 10:00:00,subway,126,Jefferson St (L),Brooklyn,73.0
2023-12-26 10:00:00,subway,110,Forest Av (M),Queens,9.0
2023-12-26 10:00:00,subway,107,"Broad St (J,Z)",Manhattan,51.0
2023-12-26 10:00:00,subway,357,"Beverly Rd (2,5)",Brooklyn,36.0
2023-12-26 10:00:00,subway,155,"Cathedral Pkwy (110 St) (C,B)",Manhattan,8.0
2023-12-26 10:00:00,subway,237,"Carroll St (F,G)",Brooklyn,13.0
2023-12-26 10:00:00,subway,154,"116 St (C,B)",Manhattan,17.0
2023-12-26 10:00:00,subway,238,"Smith-9 Sts (F,G)",Brooklyn,5.0
2023-12-26 10:00:00,subway,334,"Clark St (2,3)",Brooklyn,2.0
2023-12-26 10:00:00,subway,237,"Carroll St (F,G)",Brooklyn,3.0
2023-12-26 10:00:00,subway,328,WTC Cortlandt (1),Manhattan,12.0
2023-12-26 10:00:00,subway,325,Canal St (1),Manhattan,1.0
2023-12-26 10:00:00,subway,324,Houston St (1),Manhattan,95.0
2023-12-26 10:00:00,subway,320,23 St (1),Manhattan,13.0
2023-12-26 10:00:00,subway,316,50 St (1),Manhattan,3.0
2023-12-26 10:00:00,subway,311,86 St (1),Manhattan,34.0
2023-12-26 10:00:00,subway,310,"96 St (1,2,3)",Manhattan,17.0
2023-12-26 10:00:00,subway,321,18 St (1),Manhattan,8.0
2023-12-26 10:00:00,subway,299,Dyckman St (1),Manhattan,14.0
2023-12-26 10:00:00,subway,296,Marble Hill-225 St (1),Manhattan,8.0
2023-12-26 10:00:00,subway,271,"Steinway St (M,R)",Queens,2.0
2023-12-26 10:00:00,subway,240,"7 Av (F,G)",Brooklyn,22.0
2023-12-26 10:00:00,subway,263,"63 Dr-Rego Park (M,R)",Queens,22.0
2023-12-26 10:00:00,subway,251,Avenue U (F),Brooklyn,3.0
2023-12-26 10:00:00,subway,248,Avenue N (F),Brooklyn,6.0
2023-12-26 10:00:00,subway,301,181 St (1),Manhattan,91.0
2023-12-26 10:00:00,subway,243,"Church Av (F,G)",Brooklyn,13.0
2023-12-26 11:00:00,subway,459,40 St-Lowery St (7),Queens,28.0
2023-12-26 11:00:00,subway,460,33 St-Rawson St (7),Queens,7.0
2023-12-26 11:00:00,subway,461,"Queensboro Plaza (7,N,W)",Queens,16.0
2023-12-26 11:00:00,subway,461,"Queensboro Plaza (7,N,W)",Queens,32.0
2023-12-26 11:00:00,subway,47,"Newkirk Plaza (B,Q)",Brooklyn,142.0
2023-12-26 11:00:00,subway,50,Avenue M (Q),Brooklyn,24.0
2023-12-26 11:00:00,subway,5,"36 Av (N,W)",Queens,11.0
2023-12-26 11:00:00,subway,51,"Kings Hwy (B,Q)",Brooklyn,128.0
2023-12-26 11:00:00,subway,450,103 St-Corona Plaza (7),Queens,43.0
2023-12-26 11:00:00,subway,54,"Sheepshead Bay (B,Q)",Brooklyn,12.0
2023-12-26 11:00:00,subway,56,Ocean Pkwy (Q),Brooklyn,9.0
2023-12-26 11:00:00,subway,475,96 St (Q),Manhattan,237.0
2023-12-26 11:00:00,subway,45,Beverley Rd (Q),Brooklyn,8.0
2023-12-26 11:00:00,subway,4,"Broadway (N,W)",Queens,8.0
2023-12-26 11:00:00,subway,440,"116 St (2,3)",Manhattan,36.0
2023-12-26 11:00:00,subway,439,"125 St (2,3)",Manhattan,49.0
2023-12-26 11:00:00,subway,428,"174 St (2,5)",Bronx,13.0
2023-12-26 11:00:00,subway,421,"Gun Hill Rd (2,5)",Bronx,16.0
2023-12-26 11:00:00,subway,42,"Prospect Park (B,Q,S)",Brooklyn,11.0
2023-12-26 11:00:00,subway,403,33 St (6),Manhattan,71.0
2023-12-26 11:00:00,subway,99,"Lorimer St (M,J)",Brooklyn,3.0
2023-12-26 11:00:00,subway,396,96 St (6),Manhattan,66.0
2023-12-26 11:00:00,subway,395,103 St (6),Manhattan,12.0
2023-12-26 11:00:00,subway,392,"125 St (4,5,6)",Manhattan,27.0
2023-12-26 11:00:00,subway,39,Bay Ridge-95 St (R),Brooklyn,7.0
2023-12-26 11:00:00,subway,57,"W 8 St-NY Aquarium (F,Q)",Brooklyn,11.0
2023-12-26 11:00:00,subway,445,Pelham Pkwy (5),Bronx,2.0
2023-12-26 11:00:00,subway,57,"W 8 St-NY Aquarium (F,Q)",Brooklyn,4.0
2023-12-26 11:00:00,subway,80,"121 St (J,Z)",Queens,1.0
2023-12-26 11:00:00,subway,6,"39 Av-Dutch Kills (N,W)",Queens,15.0
2023-12-26 11:00:00,subway,379,Mosholu Pkwy (4),Bronx,16.0
2023-12-26 11:00:00,subway,93,"Chauncey St (J,Z)",Brooklyn,1.0
2023-12-26 11:00:00,subway,89,Cleveland St (J),Brooklyn,2.0
2023-12-26 11:00:00,subway,88,"Norwood Av (J,Z)",Brooklyn,8.0
2023-12-26 11:00:00,subway,87,"Crescent St (J,Z)",Brooklyn,13.0
2023-12-26 11:00:00,subway,86,Cypress Hills (J),Brooklyn,6.0
2023-12-26 11:00:00,subway,82,"104 St (J,Z)",Queens,26.0
2023-12-26 11:00:00,subway,81,111 St (J),Queens,1.0
2023-12-26 11:00:00,subway,80,"121 St (J,Z)",Queens,6.0
2023-12-26 11:00:00,subway,8,"5 Av/59 St (N,R,W)",Manhattan,11.0
2023-12-26 11:00:00,subway,71,8 Av (N),Brooklyn,2.0
2023-12-26 11:00:00,subway,66,18 Av (D),Brooklyn,14.0
2023-12-26 11:00:00,subway,636,"Jay St-MetroTech (A,C,F,R)",Brooklyn,85.0
2023-12-26 11:00:00,subway,635,"South Ferry (1)/Whitehall St (R,W)",Manhattan,31.0
2023-12-26 11:00:00,subway,628,"Fulton St (A,C,J,Z,2,3,4,5)",Manhattan,311.0
2023-12-26 11:00:00,subway,627,"Franklin Av (C,S)",Brooklyn,5.0
2023-12-26 11:00:00,subway,625,"Delancey St (F)/Essex St (J,M,Z)",Manhattan,31.0
2023-12-26 11:00:00,subway,620,"Court St (R)/Borough Hall (2,3,4,5)",Brooklyn,94.0
2023-12-26 11:00:00,subway,618,"14 St (A,C,E)/8 Av (L)",Manhattan,39.0
2023-12-26 11:00:00,subway,616,"74-Broadway (7)/Jackson Hts-Roosevelt Av (E,F,M,R)",Queens,75.0
2023-12-26 11:00:00,subway,610,"Grand Central-42 St (S,4,5,6,7)",Manhattan,38.0
2023-12-26 11:00:00,subway,609,"Bryant Pk (B,D,F,M)/5 Av (7)",Manhattan,605.0
2023-12-26 11:00:00,subway,607,"34 St-Herald Sq (B,D,F,M,N,Q,R,W)",Manhattan,1425.0
2023-12-26 11:00:00,subway,607,"34 St-Herald Sq (B,D,F,M,N,Q,R,W)",Manhattan,49.0
2023-12-26 11:00:00,subway,603,"149 St-Grand Concourse (2,4,5)",Bronx,13.0
2023-12-26 11:00:00,subway,602,"14 St-Union Sq (L,N,Q,R,W,4,5,6)",Manhattan,115.0
2023-12-26 11:00:00,subway,6,"39 Av-Dutch Kills (N,W)",Queens,74.0
2023-12-26 11:00:00,subway,6,"39 Av-Dutch Kills (N,W)",Queens,4.0
2023-12-26 11:00:00,subway,368,Morrison Av-Soundview (6),Bronx,16.0
2023-12-26 11:00:00,subway,340,"Grand Army Plaza (2,3)",Brooklyn,17.0
2023-12-26 11:00:00,subway,366,Parkchester (6),Bronx,23.0
2023-12-26 11:00:00,subway,193,104 St (A),Queens,3.0
2023-12-26 11:00:00,subway,192,Rockaway Blvd (A),Queens,69.0
2023-12-26 11:00:00,subway,191,88 St (A),Queens,4.0
2023-12-26 11:00:00,subway,188,"Euclid Av (A,C)",Brooklyn,16.0
2023-12-26 11:00:00,subway,176,Lafayette Av (C),Brooklyn,4.0
2023-12-26 11:00:00,subway,169,"Canal St (A,C,E)",Manhattan,10.0
2023-12-26 11:00:00,subway,164,"34 St-Penn Station (A,C,E)",Manhattan,19.0
2023-12-26 11:00:00,subway,158,"86 St (C,B)",Manhattan,7.0
2023-12-26 11:00:00,subway,157,"96 St (C,B)",Manhattan,8.0
2023-12-26 11:00:00,subway,155,"Cathedral Pkwy (110 St) (C,B)",Manhattan,8.0
2023-12-26 11:00:00,subway,154,"116 St (C,B)",Manhattan,14.0
2023-12-26 11:00:00,subway,152,"135 St (C,B)",Manhattan,16.0
2023-12-26 11:00:00,subway,196,Aqueduct Racetrack (A),Queens,2.0
2023-12-26 11:00:00,subway,144,Dyckman St (A),Manhattan,38.0
2023-12-26 11:00:00,subway,14,"23 St (R,W)",Manhattan,7.0
2023-12-26 11:00:00,subway,137,East 105 St (L),Brooklyn,12.0
2023-12-26 11:00:00,subway,127,DeKalb Av (L),Brooklyn,49.0
2023-12-26 11:00:00,subway,125,Morgan Av (L),Brooklyn,71.0
2023-12-26 11:00:00,subway,119,1 Av (L),Manhattan,43.0
2023-12-26 11:00:00,subway,114,Central Av (M),Brooklyn,4.0
2023-12-26 11:00:00,subway,114,Central Av (M),Brooklyn,15.0
2023-12-26 11:00:00,subway,111,Seneca Av (M),Queens,2.0
2023-12-26 11:00:00,subway,110,Forest Av (M),Queens,61.0
2023-12-26 11:00:00,subway,109,Fresh Pond Rd (M),Queens,12.0
2023-12-26 11:00:00,subway,1,"Astoria-Ditmars Blvd (N,W)",Queens,88.0
2023-12-26 11:00:00,subway,367,St Lawrence Av (6),Bronx,3.0
2023-12-26 11:00:00,subway,143,Inwood-207 St (A),Manhattan,17.0
2023-12-26 11:00:00,subway,203,"Rockaway Park-Beach 116 St (A,S)",Queens,3.0
2023-12-26 11:00:00,subway,103,"Bowery (J,Z)",Manhattan,2.0
2023-12-26 11:00:00,subway,213,"Fordham Rd (B,D)",Bronx,9.0
2023-12-26 11:00:00,subway,205,Beach 60 St (A),Queens,5.0
2023-12-26 11:00:00,subway,361,Buhre Av (6),Bronx,3.0
2023-12-26 11:00:00,subway,349,Junius St (3),Brooklyn,20.0
2023-12-26 11:00:00,subway,341,"Eastern Pkwy-Brooklyn Museum (2,3)",Brooklyn,7.0
2023-12-26 11:00:00,subway,336,"Hoyt St (2,3)",Brooklyn,16.0
2023-12-26 11:00:00,subway,33,45 St (R),Brooklyn,10.0
2023-12-26 11:00:00,subway,328,WTC Cortlandt (1),Manhattan,4.0
2023-12-26 11:00:00,subway,326,Franklin St (1),Manhattan,1.0
2023-12-26 11:00:00,subway,321,18 St (1),Manhattan,3.0
2023-12-26 11:00:00,subway,311,86 St (1),Manhattan,6.0
2023-12-26 11:00:00,subway,310,"96 St (1,2,3)",Manhattan,11.0
2023-12-26 11:00:00,subway,309,103 St (1),Manhattan,6.0
2023-12-26 11:00:00,subway,361,Buhre Av (6),Bronx,10.0
2023-12-26 11:00:00,subway,289,Bedford-Nostrand Avs (G),Brooklyn,4.0
2023-12-26 11:00:00,subway,216,"174-175 Sts (B,D)",Bronx,20.0
2023-12-26 11:00:00,subway,290,Classon Av (G),Brooklyn,1.0
2023-12-26 11:00:00,subway,22,"Rector St (R,W)",Manhattan,5.0
2023-12-26 11:00:00,subway,228,"23 St (F,M)",Manhattan,119.0
2023-12-26 11:00:00,subway,242,"Fort Hamilton Pkwy (F,G)",Brooklyn,2.0
2023-12-26 11:00:00,subway,243,"Church Av (F,G)",Brooklyn,20.0
2023-12-26 11:00:00,subway,366,Parkchester (6),Bronx,22.0
2023-12-26 11:00:00,subway,273,"Queens Plaza (E,M,R)",Queens,12.0
2023-12-26 11:00:00,subway,28,Union St (R),Brooklyn,9.0
2023-12-26 11:00:00,subway,249,Avenue P (F),Brooklyn,39.0
2023-12-26 11:00:00,subway,289,Bedford-Nostrand Avs (G),Brooklyn,6.0
2023-12-26 11:00:00,subway,28,Union St (R),Brooklyn,6.0
2023-12-26 11:00:00,subway,279,"Sutphin Blvd-Archer Av-JFK Airport (E,J,Z)",Queens,24.0
2023-12-26 12:00:00,subway,447,Flushing-Main St (7),Queens,75.0
2023-12-26 12:00:00,subway,436,Harlem-148 St (3),Manhattan,6.0
2023-12-26 12:00:00,subway,427,"West Farms Sq-E Tremont Av (2,5)",Bronx,17.0
2023-12-26 12:00:00,subway,427,"West Farms Sq-E Tremont Av (2,5)",Bronx,5.0
2023-12-26 12:00:00,subway,414,"Bowling Green (4,5)",Manhattan,1.0
2023-12-26 12:00:00,subway,41,"7 Av (B,Q)",Brooklyn,12.0
2023-12-26 12:00:00,subway,404,28 St (6),Manhattan,1.0
2023-12-26 12:00:00,subway,403,33 St (6),Manhattan,17.0
2023-12-26 12:00:00,subway,4,"Broadway (N,W)",Queens,15.0
2023-12-26 12:00:00,subway,447,Flushing-Main St (7),Queens,213.0
2023-12-26 12:00:00,subway,426,"E 180 St (2,5)",Bronx,9.0
2023-12-26 12:00:00,subway,391,"138 St-Grand Concourse (4,5)",Bronx,2.0
2023-12-26 12:00:00,subway,394,110 St (6),Manhattan,22.0
2023-12-26 12:00:00,subway,39,Bay Ridge-95 St (R),Brooklyn,9.0
2023-12-26 12:00:00,subway,385,176 St (4),Bronx,7.0
2023-12-26 12:00:00,subway,384,Burnside Av (4),Bronx,17.0
2023-12-26 12:00:00,subway,38,86 St (R),Brooklyn,17.0
2023-12-26 12:00:00,subway,379,Mosholu Pkwy (4),Bronx,57.0
2023-12-26 12:00:00,subway,378,Woodlawn (4),Bronx,11.0
2023-12-26 12:00:00,subway,360,Pelham Bay Park (6),Bronx,16.0
2023-12-26 12:00:00,subway,358,"Newkirk Av-Little Haiti (2,5)",Brooklyn,12.0
2023-12-26 12:00:00,subway,351,Van Siclen Av (3),Brooklyn,5.0
2023-12-26 12:00:00,subway,450,103 St-Corona Plaza (7),Queens,196.0
2023-12-26 12:00:00,subway,334,"Clark St (2,3)",Brooklyn,3.0
2023-12-26 12:00:00,subway,395,103 St (6),Manhattan,7.0
2023-12-26 12:00:00,subway,381,Kingsbridge Rd (4),Bronx,54.0
2023-12-26 12:00:00,subway,614,"59 St-Columbus Circle (A,B,C,D,1)",Manhattan,33.0
2023-12-26 12:00:00,subway,460,33 St-Rawson St (7),Queens,7.0
2023-12-26 12:00:00,subway,321,18 St (1),Manhattan,8.0
2023-12-26 12:00:00,subway,86,Cypress Hills (J),Brooklyn,8.0
2023-12-26 12:00:00,subway,81,111 St (J),Queens,2.0
2023-12-26 12:00:00,subway,78,Avenue U (N),Brooklyn,16.0
2023-12-26 12:00:00,subway,77,Kings Hwy (N),Brooklyn,32.0
2023-12-26 12:00:00,subway,71,8 Av (N),Brooklyn,68.0
2023-12-26 12:00:00,subway,68,Bay Pkwy (D),Brooklyn,32.0
2023-12-26 12:00:00,subway,635,"South Ferry (1)/Whitehall St (R,W)",Manhattan,33.0
2023-12-26 12:00:00,subway,630,"Myrtle-Wyckoff Avs (L,M)",Brooklyn,33.0
2023-12-26 12:00:00,subway,630,"Myrtle-Wyckoff Avs (L,M)",Brooklyn,39.0
2023-12-26 12:00:00,subway,628,"Fulton St (A,C,J,Z,2,3,4,5)",Manhattan,322.0
2023-12-26 12:00:00,subway,457,52 St (7),Queens,105.0
2023-12-26 12:00:00,subway,623,"Canal St (J,N,Q,R,W,Z,6)",Manhattan,138.0
2023-12-26 12:00:00,subway,62,55 St (D),Brooklyn,5.0
2023-12-26 12:00:00,subway,603,"149 St-Grand Concourse (2,4,5)",Bronx,8.0
2023-12-26 12:00:00,subway,55,"Brighton Beach (B,Q)",Brooklyn,31.0
2023-12-26 12:00:00,subway,52,Avenue U (Q),Brooklyn,14.0
2023-12-26 12:00:00,subway,50,Avenue M (Q),Brooklyn,65.0
2023-12-26 12:00:00,subway,50,Avenue M (Q),Brooklyn,7.0
2023-12-26 12:00:00,subway,5,"36 Av (N,W)",Queens,12.0
2023-12-26 12:00:00,subway,476,86 St (Q),Manhattan,58.0
2023-12-26 12:00:00,subway,475,96 St (Q),Manhattan,32.0
2023-12-26 12:00:00,subway,471,34 St-Hudson Yards (7),Manhattan,8.0
2023-12-26 12:00:00,subway,460,33 St-Rawson St (7),Queens,15.0
2023-12-26 12:00:00,subway,621,"Broadway Junction (A,C,J,L,Z)",Brooklyn,12.0
2023-12-26 12:00:00,subway,316,50 St (1),Manhattan,4.0
2023-12-26 12:00:00,subway,224,57 St (F),Manhattan,39.0
2023-12-26 12:00:00,subway,307,116 St-Columbia University (1),Manhattan,195.0
2023-12-26 12:00:00,subway,220,"155 St (B,D)",Manhattan,14.0
2023-12-26 12:00:00,subway,217,"170 St (B,D)",Bronx,11.0
2023-12-26 12:00:00,subway,215,"Tremont Av (B,D)",Bronx,5.0
2023-12-26 12:00:00,subway,212,"Kingsbridge Rd (B,D)",Bronx,13.0
2023-12-26 12:00:00,subway,203,"Rockaway Park-Beach 116 St (A,S)",Queens,3.0
2023-12-26 12:00:00,subway,197,Aqueduct-N Conduit Av (A),Queens,4.0
2023-12-26 12:00:00,subway,196,Aqueduct Racetrack (A),Queens,1.0
2023-12-26 12:00:00,subway,195,Ozone Park-Lefferts Blvd (A),Queens,41.0
2023-12-26 12:00:00,subway,190,80 St (A),Queens,4.0
2023-12-26 12:00:00,subway,189,Grant Av (A),Brooklyn,7.0
2023-12-26 12:00:00,subway,156,"103 St (C,B)",Manhattan,2.0
2023-12-26 12:00:00,subway,221,21 St-Queensbridge (F),Queens,5.0
2023-12-26 12:00:00,subway,149,163 St-Amsterdam Av (C),Manhattan,2.0
2023-12-26 12:00:00,subway,14,"23 St (R,W)",Manhattan,7.0
2023-12-26 12:00:00,subway,137,East 105 St (L),Brooklyn,2.0
2023-12-26 12:00:00,subway,137,East 105 St (L),Brooklyn,6.0
2023-12-26 12:00:00,subway,126,Jefferson St (L),Brooklyn,11.0
2023-12-26 12:00:00,subway,120,Bedford Av (L),Brooklyn,76.0
2023-12-26 12:00:00,subway,100,"Hewes St (M,J)",Brooklyn,5.0
2023-12-26 12:00:00,subway,10,"49 St (N,R,W)",Manhattan,153.0
2023-12-26 12:00:00,staten_island_railway,502,Tompkinsville (SIR),Staten Island,5.0
2023-12-26 12:00:00,staten_island_railway,501,St George (SIR),Staten Island,22.0
2023-12-26 12:00:00,staten_island_railway,501,St George (SIR),Staten Island,17.0
2023-12-26 12:00:00,subway,98,"Flushing Av (M,J)",Brooklyn,21.0
2023-12-26 12:00:00,subway,149,163 St-Amsterdam Av (C),Manhattan,15.0
2023-12-26 12:00:00,subway,316,50 St (1),Manhattan,16.0
2023-12-26 12:00:00,subway,224,57 St (F),Manhattan,3.0
2023-12-26 12:00:00,subway,236,"Bergen St (F,G)",Brooklyn,20.0
2023-12-26 12:00:00,subway,303,157 St (1),Manhattan,34.0
2023-12-26 12:00:00,subway,301,181 St (1),Manhattan,15.0
2023-12-26 12:00:00,subway,297,215 St (1),Manhattan,5.0
2023-12-26 12:00:00,subway,295,231 St (1),Bronx,18.0
2023-12-26 12:00:00,subway,292,Fulton St (G),Brooklyn,82.0
2023-12-26 12:00:00,subway,289,Bedford-Nostrand Avs (G),Brooklyn,8.0
2023-12-26 12:00:00,subway,289,Bedford-Nostrand Avs (G),Brooklyn,4.0
2023-12-26 12:00:00,subway,287,Flushing Av (G),Brooklyn,4.0
2023-12-26 12:00:00,subway,279,"Sutphin Blvd-Archer Av-JFK Airport (E,J,Z)",Queens,263.0
2023-12-26 12:00:00,subway,278,"Jamaica Center-Parsons/Archer (E,J,Z)",Queens,86.0
2023-12-26 12:00:00,subway,278,"Jamaica Center-Parsons/Archer (E,J,Z)",Queens,190.0
2023-12-26 12:00:00,subway,232,2 Av (F),Manhattan,1.0
2023-12-26 12:00:00,subway,277,"7 Av (E,B,D)",Manhattan,21.0
2023-12-26 12:00:00,subway,268,"65 St (M,R)",Queens,13.0
2023-12-26 12:00:00,subway,259,"Kew Gardens-Union Tpke (E,F)",Queens,133.0
2023-12-26 12:00:00,subway,257,Sutphin Blvd (F),Queens,32.0
2023-12-26 12:00:00,subway,256,Parsons Blvd (F),Queens,48.0
2023-12-26 12:00:00,subway,250,Kings Hwy (F),Brooklyn,10.0
2023-12-26 12:00:00,subway,247,Bay Pkwy (F),Brooklyn,13.0
2023-12-26 12:00:00,subway,246,Avenue I (F),Brooklyn,20.0
2023-12-26 12:00:00,subway,244,Ditmas Av (F),Brooklyn,4.0
2023-12-26 12:00:00,subway,242,"Fort Hamilton Pkwy (F,G)",Brooklyn,3.0
2023-12-26 12:00:00,subway,241,"15 St-Prospect Park (F,G)",Brooklyn,5.0
2023-12-26 12:00:00,subway,237,"Carroll St (F,G)",Brooklyn,17.0
2023-12-26 12:00:00,subway,272,"36 St (M,R)",Queens,7.0
2023-12-26 12:00:00,subway,99,"Lorimer St (M,J)",Brooklyn,39.0
2023-12-26 12:00:00,subway,345,"Crown Hts-Utica Av (3,4)",Brooklyn,43.0
2023-12-26 13:00:00,subway,244,Ditmas Av (F),Brooklyn,8.0
2023-12-26 13:00:00,subway,51,"Kings Hwy (B,Q)",Brooklyn,67.0
2023-12-26 13:00:00,subway,242,"Fort Hamilton Pkwy (F,G)",Brooklyn,31.0
2023-12-26 13:00:00,subway,241,"15 St-Prospect Park (F,G)",Brooklyn,84.0
2023-12-26 13:00:00,subway,241,"15 St-Prospect Park (F,G)",Brooklyn,13.0
2023-12-26 13:00:00,subway,224,57 St (F),Manhattan,190.0
2023-12-26 13:00:00,subway,221,21 St-Queensbridge (F),Queens,18.0
2023-12-26 13:00:00,subway,213,"Fordham Rd (B,D)",Bronx,16.0
2023-12-26 13:00:00,subway,209,Far Rockaway-Mott Av (A),Queens,7.0
2023-12-26 13:00:00,subway,208,Beach 25 St (A),Queens,2.0
2023-12-26 13:00:00,subway,189,Grant Av (A),Brooklyn,12.0
2023-12-26 13:00:00,subway,177,Clinton-Washington Avs (C),Brooklyn,9.0
2023-12-26 13:00:00,subway,177,Clinton-Washington Avs (C),Brooklyn,5.0
2023-12-26 13:00:00,subway,17,"Prince St (R,W)",Manhattan,17.0
2023-12-26 13:00:00,subway,165,"23 St (C,E)",Manhattan,16.0
2023-12-26 13:00:00,subway,164,"34 St-Penn Station (A,C,E)",Manhattan,1723.0
2023-12-26 13:00:00,subway,157,"96 St (C,B)",Manhattan,60.0
2023-12-26 13:00:00,subway,14,"23 St (R,W)",Manhattan,133.0
2023-12-26 13:00:00,subway,14,"23 St (R,W)",Manhattan,14.0
2023-12-26 13:00:00,subway,137,East 105 St (L),Brooklyn,3.0
2023-12-26 13:00:00,subway,135,Livonia Av (L),Brooklyn,14.0
2023-12-26 13:00:00,subway,131,Bushwick Av-Aberdeen St (L),Brooklyn,32.0
2023-12-26 13:00:00,subway,52,Avenue U (Q),Brooklyn,17.0
2023-12-26 13:00:00,subway,107,"Broad St (J,Z)",Manhattan,23.0
2023-12-26 13:00:00,subway,601,"14 St (F,M,1,2,3)/6 Av (L)",Manhattan,8.0
2023-12-26 13:00:00,subway,608,"4 Av (F,G)/9 St (R)",Brooklyn,21.0
2023-12-26 13:00:00,subway,246,Avenue I (F),Brooklyn,5.0
2023-12-26 13:00:00,tram,TRAM2,RI Tramway (Roosevelt),Manhattan,71.0
2023-12-26 13:00:00,subway,98,"Flushing Av (M,J)",Brooklyn,1.0
2023-12-26 13:00:00,subway,98,"Flushing Av (M,J)",Brooklyn,21.0
2023-12-26 13:00:00,subway,98,"Flushing Av (M,J)",Brooklyn,11.0
2023-12-26 13:00:00,subway,96,Kosciuszko St (J),Brooklyn,6.0
2023-12-26 13:00:00,subway,96,Kosciuszko St (J),Brooklyn,6.0
2023-12-26 13:00:00,subway,88,"Norwood Av (J,Z)",Brooklyn,10.0
2023-12-26 13:00:00,subway,87,"Crescent St (J,Z)",Brooklyn,7.0
2023-12-26 13:00:00,subway,80,"121 St (J,Z)",Queens,1.0
2023-12-26 13:00:00,subway,8,"5 Av/59 St (N,R,W)",Manhattan,115.0
2023-12-26 13:00:00,subway,79,86 St (N),Brooklyn,17.0
2023-12-26 13:00:00,subway,72,Fort Hamilton Pkwy (N),Brooklyn,68.0
2023-12-26 13:00:00,subway,68,Bay Pkwy (D),Brooklyn,16.0
2023-12-26 13:00:00,subway,68,Bay Pkwy (D),Brooklyn,43.0
2023-12-26 13:00:00,subway,66,18 Av (D),Brooklyn,23.0
2023-12-26 13:00:00,subway,635,"South Ferry (1)/Whitehall St (R,W)",Manhattan,626.0
2023-12-26 13:00:00,subway,625,"Delancey St (F)/Essex St (J,M,Z)",Manhattan,392.0
2023-12-26 13:00:00,subway,610,"Grand Central-42 St (S,4,5,6,7)",Manhattan,431.0
2023-12-26 13:00:00,subway,61,50 St (D),Brooklyn,34.0
2023-12-26 13:00:00,subway,609,"Bryant Pk (B,D,F,M)/5 Av (7)",Manhattan,1006.0
2023-12-26 13:00:00,subway,603,"149 St-Grand Concourse (2,4,5)",Bronx,78.0
2023-12-26 13:00:00,subway,5,"36 Av (N,W)",Queens,28.0
2023-12-26 13:00:00,subway,224,57 St (F),Manhattan,2.0
2023-12-26 13:00:00,subway,459,40 St-Lowery St (7),Queens,30.0
2023-12-26 13:00:00,subway,353,"President St-Medgar Evers College (2,5)",Brooklyn,38.0
2023-12-26 13:00:00,subway,350,Pennsylvania Av (3),Brooklyn,5.0
2023-12-26 13:00:00,subway,345,"Crown Hts-Utica Av (3,4)",Brooklyn,1.0
2023-12-26 13:00:00,subway,344,Kingston Av (3),Brooklyn,3.0
2023-12-26 13:00:00,subway,337,"Nevins St (2,3,4,5)",Brooklyn,4.0
2023-12-26 13:00:00,subway,329,Rector St (1),Manhattan,126.0
2023-12-26 13:00:00,subway,326,Franklin St (1),Manhattan,1.0
2023-12-26 13:00:00,subway,320,23 St (1),Manhattan,8.0
2023-12-26 13:00:00,subway,310,"96 St (1,2,3)",Manhattan,92.0
2023-12-26 13:00:00,subway,306,125 St (1),Manhattan,10.0
2023-12-26 13:00:00,subway,306,125 St (1),Manhattan,18.0
2023-12-26 13:00:00,subway,3,"30 Av (N,W)",Queens,47.0
2023-12-26 13:00:00,subway,293,Van Cortlandt Park-242 St (1),Bronx,76.0
2023-12-26 13:00:00,subway,278,"Jamaica Center-Parsons/Archer (E,J,Z)",Queens,36.0
2023-12-26 13:00:00,subway,278,"Jamaica Center-Parsons/Archer (E,J,Z)",Queens,39.0
2023-12-26 13:00:00,subway,277,"7 Av (E,B,D)",Manhattan,15.0
2023-12-26 13:00:00,subway,476,86 St (Q),Manhattan,11.0
2023-12-26 13:00:00,subway,263,"63 Dr-Rego Park (M,R)",Queens,47.0
2023-12-26 13:00:00,subway,252,Avenue X (F),Brooklyn,19.0
2023-12-26 13:00:00,subway,250,Kings Hwy (F),Brooklyn,9.0
2023-12-26 13:00:00,subway,246,Avenue I (F),Brooklyn,4.0
2023-12-26 13:00:00,subway,363,Westchester Sq-E Tremont Av (6),Bronx,11.0
2023-12-26 13:00:00,subway,367,St Lawrence Av (6),Bronx,38.0
2023-12-26 13:00:00,subway,271,"Steinway St (M,R)",Queens,5.0
2023-12-26 13:00:00,subway,385,176 St (4),Bronx,3.0
2023-12-26 13:00:00,subway,381,Kingsbridge Rd (4),Bronx,7.0
2023-12-26 13:00:00,subway,455,69 St (7),Queens,5.0
2023-12-26 13:00:00,subway,446,Morris Park (5),Bronx,16.0
2023-12-26 13:00:00,subway,426,"E 180 St (2,5)",Bronx,31.0
2023-12-26 13:00:00,subway,425,"Bronx Park East (2,5)",Bronx,15.0
2023-12-26 13:00:00,subway,423,"Allerton Av (2,5)",Bronx,7.0
2023-12-26 13:00:00,subway,422,"Burke Av (2,5)",Bronx,30.0
2023-12-26 13:00:00,subway,422,"Burke Av (2,5)",Bronx,1.0
2023-12-26 13:00:00,subway,420,"219 St (2,5)",Bronx,8.0
2023-12-26 13:00:00,subway,42,"Prospect Park (B,Q,S)",Brooklyn,131.0
2023-12-26 13:00:00,subway,419,"225 St (2,5)",Bronx,5.0
2023-12-26 13:00:00,subway,441,"Central Park North (110 St) (2,3)",Manhattan,7.0
2023-12-26 13:00:00,subway,416,Wakefield-241 St (2),Bronx,31.0
2023-12-26 13:00:00,subway,417,"Nereid Av (2,5)",Bronx,18.0
2023-12-26 13:00:00,subway,391,"138 St-Grand Concourse (4,5)",Bronx,2.0
2023-12-26 13:00:00,subway,404,28 St (6),Manhattan,16.0
2023-12-26 13:00:00,subway,395,103 St (6),Manhattan,39.0
2023-12-26 13:00:00,subway,409,Spring St (6),Manhattan,13.0
2023-12-26 13:00:00,subway,41,"7 Av (B,Q)",Brooklyn,5.0
2023-12-26 13:00:00,subway,413,"Wall St (4,5)",Manhattan,194.0
2023-12-26 13:00:00,subway,404,28 St (6),Manhattan,4.0
2023-12-26 13:00:00,subway,387,170 St (4),Bronx,12.0
2023-12-26 14:00:00,subway,209,Far Rockaway-Mott Av (A),Queens,16.0
2023-12-26 14:00:00,subway,215,"Tremont Av (B,D)",Bronx,10.0
2023-12-26 14:00:00,subway,218,"167 St (B,D)",Bronx,18.0
2023-12-26 14:00:00,subway,22,"Rector St (R,W)",Manhattan,4.0
2023-12-26 14:00:00,subway,220,"155 St (B,D)",Manhattan,11.0
2023-12-26 14:00:00,subway,231,"Grand St (B,D)",Manhattan,39.0
2023-12-26 14:00:00,subway,235,York St (F),Brooklyn,416.0
2023-12-26 14:00:00,subway,238,"Smith-9 Sts (F,G)",Brooklyn,4.0
2023-12-26 14:00:00,subway,252,Avenue X (F),Brooklyn,8.0
2023-12-26 14:00:00,subway,252,Avenue X (F),Brooklyn,4.0
2023-12-26 14:00:00,subway,255,169 St (F),Queens,29.0
2023-12-26 14:00:00,subway,256,Parsons Blvd (F),Queens,13.0
2023-12-26 14:00:00,subway,258,"Briarwood (E,F)",Queens,5.0
2023-12-26 14:00:00,subway,264,"Woodhaven Blvd (M,R)",Queens,21.0
2023-12-26 14:00:00,subway,207,Beach 36 St (A),Queens,3.0
2023-12-26 14:00:00,subway,264,"Woodhaven Blvd (M,R)",Queens,1.0
2023-12-26 14:00:00,subway,247,Bay Pkwy (F),Brooklyn,5.0
2023-12-26 14:00:00,subway,205,Beach 60 St (A),Queens,14.0
2023-12-26 14:00:00,subway,169,"Canal St (A,C,E)",Manhattan,9.0
2023-12-26 14:00:00,subway,204,Beach 67 St (A),Queens,19.0
2023-12-26 14:00:00,subway,272,"36 St (M,R)",Queens,1.0
2023-12-26 14:00:00,subway,101,"Marcy Av (M,J,Z)",Brooklyn,20.0
2023-12-26 14:00:00,subway,107,"Broad St (J,Z)",Manhattan,3.0
2023-12-26 14:00:00,subway,109,Fresh Pond Rd (M),Queens,12.0
2023-12-26 14:00:00,subway,122,Graham Av (L),Brooklyn,130.0
2023-12-26 14:00:00,subway,130,Wilson Av (L),Brooklyn,5.0
2023-12-26 14:00:00,subway,146,181 St (A),Manhattan,1.0
2023-12-26 14:00:00,subway,159,"81 St-Museum of Natural History (C,B)",Manhattan,367.0
2023-12-26 14:00:00,subway,168,"Spring St (C,E)",Manhattan,12.0
2023-12-26 14:00:00,subway,17,"Prince St (R,W)",Manhattan,434.0
2023-12-26 14:00:00,subway,173,"High St (A,C)",Brooklyn,2.0
2023-12-26 14:00:00,subway,175,"Hoyt-Schermerhorn Sts (A,C,G)",Brooklyn,17.0
2023-12-26 14:00:00,subway,183,Rockaway Av (C),Brooklyn,7.0
2023-12-26 14:00:00,subway,183,Rockaway Av (C),Brooklyn,93.0
2023-12-26 14:00:00,subway,192,Rockaway Blvd (A),Queens,7.0
2023-12-26 14:00:00,subway,2,"Astoria Blvd (N,W)",Queens,13.0
2023-12-26 14:00:00,subway,200,"Beach 90 St (A,S)",Queens,3.0
2023-12-26 14:00:00,subway,204,Beach 67 St (A),Queens,7.0
2023-12-26 14:00:00,subway,280,Jamaica-Van Wyck (E),Queens,13.0
2023-12-26 14:00:00,subway,328,WTC Cortlandt (1),Manhattan,313.0
2023-12-26 14:00:00,subway,295,231 St (1),Bronx,45.0
2023-12-26 14:00:00,subway,441,"Central Park North (110 St) (2,3)",Manhattan,28.0
2023-12-26 14:00:00,subway,442,Eastchester-Dyre Av (5),Bronx,16.0
2023-12-26 14:00:00,subway,444,Gun Hill Rd (5),Bronx,6.0
2023-12-26 14:00:00,subway,45,Beverley Rd (Q),Brooklyn,27.0
2023-12-26 14:00:00,subway,457,52 St (7),Queens,8.0
2023-12-26 14:00:00,subway,459,40 St-Lowery St (7),Queens,39.0
2023-12-26 14:00:00,subway,460,33 St-Rawson St (7),Queens,6.0
2023-12-26 14:00:00,subway,476,86 St (Q),Manhattan,113.0
2023-12-26 14:00:00,subway,50,Avenue M (Q),Brooklyn,4.0
2023-12-26 14:00:00,subway,50,Avenue M (Q),Brooklyn,9.0
2023-12-26 14:00:00,subway,51,"Kings Hwy (B,Q)",Brooklyn,73.0
2023-12-26 14:00:00,subway,57,"W 8 St-NY Aquarium (F,Q)",Brooklyn,7.0
2023-12-26 14:00:00,subway,57,"W 8 St-NY Aquarium (F,Q)",Brooklyn,13.0
2023-12-26 14:00:00,subway,60,Fort Hamilton Pkwy (D),Brooklyn,47.0
2023-12-26 14:00:00,subway,603,"149 St-Grand Concourse (2,4,5)",Bronx,24.0
2023-12-26 14:00:00,subway,604,"161 St-Yankee Stadium (B,D,4)",Bronx,172.0
2023-12-26 14:00:00,subway,608,"4 Av (F,G)/9 St (R)",Brooklyn,13.0
2023-12-26 14:00:00,subway,622,"Brooklyn Bridge-City Hall (4,5,6)/Chambers St (J,Z)",Manhattan,176.0
2023-12-26 14:00:00,subway,623,"Canal St (J,N,Q,R,W,Z,6)",Manhattan,189.0
2023-12-26 14:00:00,subway,624,"Chambers St (A,C)/WTC (E)/Park Pl (2,3)/Cortlandt (R,W)",Manhattan,73.0
2023-12-26 14:00:00,subway,625,"Delancey St (F)/Essex St (J,M,Z)",Manhattan,440.0
2023-12-26 14:00:00,subway,627,"Franklin Av (C,S)",Brooklyn,1.0
2023-12-26 14:00:00,subway,292,Fulton St (G),Brooklyn,25.0
2023-12-26 14:00:00,subway,79,86 St (N),Brooklyn,6.0
2023-12-26 14:00:00,subway,80,"121 St (J,Z)",Queens,5.0
2023-12-26 14:00:00,subway,87,"Crescent St (J,Z)",Brooklyn,36.0
2023-12-26 14:00:00,subway,9,"57 St-7 Av (N,Q,R,W)",Manhattan,36.0
2023-12-26 14:00:00,subway,90,"Van Siclen Av (J,Z)",Brooklyn,3.0
2023-12-26 14:00:00,tram,TRAM2,RI Tramway (Roosevelt),Manhattan,5.0
2023-12-26 14:00:00,subway,439,"125 St (2,3)",Manhattan,52.0
2023-12-26 14:00:00,subway,438,"135 St (2,3)",Manhattan,28.0
2023-12-26 14:00:00,subway,68,Bay Pkwy (D),Brooklyn,31.0
2023-12-26 14:00:00,subway,429,"Freeman St (2,5)",Bronx,62.0
2023-12-26 14:00:00,subway,436,Harlem-148 St (3),Manhattan,11.0
2023-12-26 14:00:00,subway,296,Marble Hill-225 St (1),Manhattan,65.0
2023-12-26 14:00:00,subway,298,207 St (1),Manhattan,12.0
2023-12-26 14:00:00,subway,304,145 St (1),Manhattan,19.0
2023-12-26 14:00:00,subway,313,"72 St (1,2,3)",Manhattan,1.0
2023-12-26 14:00:00,subway,314,66 St-Lincoln Center (1),Manhattan,44.0
2023-12-26 14:00:00,subway,314,66 St-Lincoln Center (1),Manhattan,8.0
2023-12-26 14:00:00,subway,321,18 St (1),Manhattan,38.0
2023-12-26 14:00:00,subway,325,Canal St (1),Manhattan,3.0
2023-12-26 14:00:00,subway,33,45 St (R),Brooklyn,27.0
2023-12-26 14:00:00,subway,333,"Wall St (2,3)",Manhattan,79.0
2023-12-26 14:00:00,subway,334,"Clark St (2,3)",Brooklyn,18.0
2023-12-26 14:00:00,subway,343,Nostrand Av (3),Brooklyn,6.0
2023-12-26 14:00:00,subway,344,Kingston Av (3),Brooklyn,6.0
2023-12-26 14:00:00,subway,35,"59 St (N,R)",Brooklyn,3.0
2023-12-26 14:00:00,subway,305,137 St-City College (1),Manhattan,184.0
2023-12-26 14:00:00,subway,36,Bay Ridge Av (R),Brooklyn,29.0
2023-12-26 14:00:00,subway,426,"E 180 St (2,5)",Bronx,8.0
2023-12-26 14:00:00,subway,358,"Newkirk Av-Little Haiti (2,5)",Brooklyn,30.0
2023-12-26 14:00:00,subway,420,"219 St (2,5)",Bronx,10.0
2023-12-26 14:00:00,subway,413,"Wall St (4,5)",Manhattan,84.0
2023-12-26 14:00:00,subway,398,77 St (6),Manhattan,15.0
2023-12-26 14:00:00,subway,393,116 St (6),Manhattan,19.0
2023-12-26 14:00:00,subway,419,"225 St (2,5)",Bronx,3.0
2023-12-26 14:00:00,subway,380,Bedford Park Blvd-Lehman College (4),Bronx,46.0
2023-12-26 14:00:00,subway,379,Mosholu Pkwy (4),Bronx,12.0
2023-12-26 14:00:00,subway,36,Bay Ridge Av (R),Brooklyn,25.0
2023-12-26 14:00:00,subway,362,Middletown Rd (6),Bronx,15.0
2023-12-26 14:00:00,subway,360,Pelham Bay Park (6),Bronx,1.0
2023-12-26 14:00:00,subway,382,Fordham Rd (4),Bronx,13.0
2023-12-26 14:00:00,subway,36,Bay Ridge Av (R),Brooklyn,137.0
2023-12-26 15:00:00,subway,624,"Chambers St (A,C)/WTC (E)/Park Pl (2,3)/Cortlandt (R,W)",Manhattan,396.0
2023-12-26 15:00:00,subway,623,"Canal St (J,N,Q,R,W,Z,6)",Manhattan,60.0
2023-12-26 15:00:00,subway,619,"Broadway-Lafayette St (B,D,F,M)/Bleecker St (6)",Manhattan,10.0
2023-12-26 15:00:00,subway,611,"Times Sq-42 St (N,Q,R,W,S,1,2,3,7)/42 St (A,C,E)",Manhattan,252.0
2023-12-26 15:00:00,subway,611,"Times Sq-42 St (N,Q,R,W,S,1,2,3,7)/42 St (A,C,E)",Manhattan,1050.0
2023-12-26 15:00:00,subway,610,"Grand Central-42 St (S,4,5,6,7)",Manhattan,158.0
2023-12-26 15:00:00,subway,607,"34 St-Herald Sq (B,D,F,M,N,Q,R,W)",Manhattan,2825.0
2023-12-26 15:00:00,subway,629,Lorimer St (L)/Metropolitan Av (G),Brooklyn,19.0
2023-12-26 15:00:00,subway,604,"161 St-Yankee Stadium (B,D,4)",Bronx,117.0
2023-12-26 15:00:00,subway,617,"Atlantic Av-Barclays Ctr (B,D,N,Q,R,2,3,4,5)",Brooklyn,352.0
2023-12-26 15:00:00,subway,67,20 Av (D),Brooklyn,6.0
2023-12-26 15:00:00,subway,90,"Van Siclen Av (J,Z)",Brooklyn,20.0
2023-12-26 15:00:00,subway,75,20 Av (N),Brooklyn,13.0
2023-12-26 15:00:00,subway,79,86 St (N),Brooklyn,5.0
2023-12-26 15:00:00,subway,8,"5 Av/59 St (N,R,W)",Manhattan,37.0
2023-12-26 15:00:00,subway,86,Cypress Hills (J),Brooklyn,7.0
2023-12-26 15:00:00,subway,91,Alabama Av (J),Brooklyn,10.0
2023-12-26 15:00:00,subway,91,Alabama Av (J),Brooklyn,16.0
2023-12-26 15:00:00,subway,99,"Lorimer St (M,J)",Brooklyn,16.0
2023-12-26 15:00:00,tram,TRAM2,RI Tramway (Roosevelt),Manhattan,100.0
2023-12-26 15:00:00,subway,39,Bay Ridge-95 St (R),Brooklyn,19.0
2023-12-26 15:00:00,subway,604,"161 St-Yankee Stadium (B,D,4)",Bronx,61.0
2023-12-26 15:00:00,subway,71,8 Av (N),Brooklyn,131.0
2023-12-26 15:00:00,subway,602,"14 St-Union Sq (L,N,Q,R,W,4,5,6)",Manhattan,1.0
2023-12-26 15:00:00,subway,430,"Simpson St (2,5)",Bronx,17.0
2023-12-26 15:00:00,subway,59,9 Av (D),Brooklyn,9.0
2023-12-26 15:00:00,subway,394,110 St (6),Manhattan,23.0
2023-12-26 15:00:00,subway,396,96 St (6),Manhattan,152.0
2023-12-26 15:00:00,subway,398,77 St (6),Manhattan,875.0
2023-12-26 15:00:00,subway,399,68 St-Hunter College (6),Manhattan,36.0
2023-12-26 15:00:00,subway,413,"Wall St (4,5)",Manhattan,18.0
2023-12-26 15:00:00,subway,419,"225 St (2,5)",Bronx,12.0
2023-12-26 15:00:00,subway,419,"225 St (2,5)",Bronx,7.0
2023-12-26 15:00:00,subway,428,"174 St (2,5)",Bronx,25.0
2023-12-26 15:00:00,subway,429,"Freeman St (2,5)",Bronx,5.0
2023-12-26 15:00:00,subway,433,"Jackson Av (2,5)",Bronx,17.0
2023-12-26 15:00:00,subway,6,"39 Av-Dutch Kills (N,W)",Queens,22.0
2023-12-26 15:00:00,subway,434,"3 Av-149 St (2,5)",Bronx,14.0
2023-12-26 15:00:00,subway,441,"Central Park North (110 St) (2,3)",Manhattan,12.0
2023-12-26 15:00:00,subway,457,52 St (7),Queens,6.0
2023-12-26 15:00:00,subway,460,33 St-Rawson St (7),Queens,10.0
2023-12-26 15:00:00,subway,461,"Queensboro Plaza (7,N,W)",Queens,66.0
2023-12-26 15:00:00,subway,464,Vernon Blvd-Jackson Av (7),Queens,360.0
2023-12-26 15:00:00,subway,476,86 St (Q),Manhattan,176.0
2023-12-26 15:00:00,subway,53,Neck Rd (Q),Brooklyn,1.0
2023-12-26 15:00:00,subway,54,"Sheepshead Bay (B,Q)",Brooklyn,87.0
2023-12-26 15:00:00,subway,54,"Sheepshead Bay (B,Q)",Brooklyn,2.0
2023-12-26 15:00:00,subway,56,Ocean Pkwy (Q),Brooklyn,9.0
2023-12-26 15:00:00,subway,439,"125 St (2,3)",Manhattan,104.0
2023-12-26 15:00:00,subway,383,183 St (4),Bronx,9.0
2023-12-26 15:00:00,subway,428,"174 St (2,5)",Bronx,54.0
2023-12-26 15:00:00,subway,109,Fresh Pond Rd (M),Queens,32.0
2023-12-26 15:00:00,subway,328,WTC Cortlandt (1),Manhattan,14.0
2023-12-26 15:00:00,subway,326,Franklin St (1),Manhattan,4.0
2023-12-26 15:00:00,subway,324,Houston St (1),Manhattan,46.0
2023-12-26 15:00:00,subway,318,"34 St-Penn Station (1,2,3)",Manhattan,1535.0
2023-12-26 15:00:00,subway,309,103 St (1),Manhattan,159.0
2023-12-26 15:00:00,subway,308,Cathedral Pkwy (110 St) (1),Manhattan,37.0
2023-12-26 15:00:00,subway,329,Rector St (1),Manhattan,2.0
2023-12-26 15:00:00,subway,3,"30 Av (N,W)",Queens,48.0
2023-12-26 15:00:00,subway,287,Flushing Av (G),Brooklyn,6.0
2023-12-26 15:00:00,subway,287,Flushing Av (G),Brooklyn,5.0
2023-12-26 15:00:00,subway,280,Jamaica-Van Wyck (E),Queens,5.0
2023-12-26 15:00:00,subway,28,Union St (R),Brooklyn,160.0
2023-12-26 15:00:00,subway,28,Union St (R),Brooklyn,23.0
2023-12-26 15:00:00,subway,270,"46 St (M,R)",Queens,1.0
2023-12-26 15:00:00,subway,299,Dyckman St (1),Manhattan,2.0
2023-12-26 15:00:00,subway,339,"Bergen St (2,3)",Brooklyn,2.0
2023-12-26 15:00:00,subway,339,"Bergen St (2,3)",Brooklyn,38.0
2023-12-26 15:00:00,subway,34,53 St (R),Brooklyn,39.0
2023-12-26 15:00:00,subway,107,"Broad St (J,Z)",Manhattan,151.0
2023-12-26 15:00:00,subway,381,Kingsbridge Rd (4),Bronx,17.0
2023-12-26 15:00:00,subway,38,86 St (R),Brooklyn,16.0
2023-12-26 15:00:00,subway,379,Mosholu Pkwy (4),Bronx,94.0
2023-12-26 15:00:00,subway,379,Mosholu Pkwy (4),Bronx,24.0
2023-12-26 15:00:00,subway,377,3 Av-138 St (6),Bronx,14.0
2023-12-26 15:00:00,subway,377,3 Av-138 St (6),Bronx,54.0
2023-12-26 15:00:00,subway,370,Whitlock Av (6),Bronx,10.0
2023-12-26 15:00:00,subway,368,Morrison Av-Soundview (6),Bronx,11.0
2023-12-26 15:00:00,subway,367,St Lawrence Av (6),Bronx,16.0
2023-12-26 15:00:00,subway,358,"Newkirk Av-Little Haiti (2,5)",Brooklyn,22.0
2023-12-26 15:00:00,subway,356,"Church Av (2,5)",Brooklyn,14.0
2023-12-26 15:00:00,subway,348,Rockaway Av (3),Brooklyn,15.0
2023-12-26 15:00:00,subway,340,"Grand Army Plaza (2,3)",Brooklyn,22.0
2023-12-26 15:00:00,subway,340,"Grand Army Plaza (2,3)",Brooklyn,40.0
2023-12-26 15:00:00,subway,269,"Northern Blvd (M,R)",Queens,31.0
2023-12-26 15:00:00,subway,266,"Elmhurst Av (M,R)",Queens,40.0
2023-12-26 15:00:00,subway,346,Sutter Av-Rutland Rd (3),Brooklyn,41.0
2023-12-26 15:00:00,subway,258,"Briarwood (E,F)",Queens,4.0
2023-12-26 15:00:00,subway,192,Rockaway Blvd (A),Queens,26.0
2023-12-26 15:00:00,subway,191,88 St (A),Queens,2.0
2023-12-26 15:00:00,subway,16,"8 St-NYU (R,W)",Manhattan,68.0
2023-12-26 15:00:00,subway,157,"96 St (C,B)",Manhattan,40.0
2023-12-26 15:00:00,subway,157,"96 St (C,B)",Manhattan,18.0
2023-12-26 15:00:00,subway,154,"116 St (C,B)",Manhattan,37.0
2023-12-26 15:00:00,subway,195,Ozone Park-Lefferts Blvd (A),Queens,3.0
2023-12-26 15:00:00,subway,141,Park Pl (S),Brooklyn,2.0
2023-12-26 15:00:00,subway,122,Graham Av (L),Brooklyn,15.0
2023-12-26 15:00:00,subway,120,Bedford Av (L),Brooklyn,766.0
2023-12-26 15:00:00,subway,118,3 Av (L),Manhattan,8.0
2023-12-26 15:00:00,subway,113,Knickerbocker Av (M),Brooklyn,4.0
2023-12-26 15:00:00,subway,259,"Kew Gardens-Union Tpke (E,F)",Queens,251.0
2023-12-26 15:00:00,subway,110,Forest Av (M),Queens,7.0
2023-12-26 15:00:00,subway,14,"23 St (R,W)",Manhattan,20.0
2023-12-26 15:00:00,subway,198,Howard Beach-JFK Airport (A),Queens,1.0
2023-12-26 15:00:00,subway,151,"145 St (A,C,B,D)",Manhattan,19.0
2023-12-26 15:00:00,subway,20,"City Hall (R,W)",Manhattan,158.0
2023-12-26 15:00:00,subway,246,Avenue I (F),Brooklyn,14.0
2023-12-26 15:00:00,subway,244,Ditmas Av (F),Brooklyn,9.0
2023-12-26 15:00:00,subway,2,"Astoria Blvd (N,W)",Queens,2.0
2023-12-26 15:00:00,subway,243,"Church Av (F,G)",Brooklyn,25.0
2023-12-26 15:00:00,subway,232,2 Av (F),Manhattan,350.0
2023-12-26 15:00:00,subway,220,"155 St (B,D)",Manhattan,19.0
2023-12-26 15:00:00,subway,22,"Rector St (R,W)",Manhattan,6.0
2023-12-26 15:00:00,subway,240,"7 Av (F,G)",Brooklyn,35.0
2023-12-26 15:00:00,subway,254,Jamaica-179 St (F),Queens,2.0
2023-12-26 15:00:00,subway,216,"174-175 Sts (B,D)",Bronx,7.0
2023-12-26 15:00:00,subway,214,"182-183 Sts (B,D)",Bronx,8.0
2023-12-26 15:00:00,subway,201,"Beach 98 St (A,S)",Queens,2.0
2023-12-26 15:00:00,subway,208,Beach 25 St (A),Queens,5.0
2023-12-26 15:00:00,subway,218,"167 St (B,D)",Bronx,123.0
2023-12-26 15:00:00,subway,205,Beach 60 St (A),Queens,4.0
2023-12-26 16:00:00,subway,364,Zerega Av (6),Bronx,13.0
2023-12-26 16:00:00,subway,370,Whitlock Av (6),Bronx,2.0
2023-12-26 16:00:00,subway,374,E 143 St-St Mary's St (6),Bronx,3.0
2023-12-26 16:00:00,subway,387,170 St (4),Bronx,48.0
2023-12-26 16:00:00,subway,376,Brook Av (6),Bronx,7.0
2023-12-26 16:00:00,subway,384,Burnside Av (4),Bronx,89.0
2023-12-26 16:00:00,subway,385,176 St (4),Bronx,11.0
2023-12-26 16:00:00,subway,359,"Flatbush Av-Brooklyn College (2,5)",Brooklyn,24.0
2023-12-26 16:00:00,subway,388,167 St (4),Bronx,7.0
2023-12-26 16:00:00,subway,375,Cypress Av (6),Bronx,45.0
2023-12-26 16:00:00,subway,309,103 St (1),Manhattan,17.0
2023-12-26 16:00:00,subway,348,Rockaway Av (3),Brooklyn,9.0
2023-12-26 16:00:00,subway,339,"Bergen St (2,3)",Brooklyn,8.0
2023-12-26 16:00:00,subway,318,"34 St-Penn Station (1,2,3)",Manhattan,14.0
2023-12-26 16:00:00,subway,303,157 St (1),Manhattan,161.0
2023-12-26 16:00:00,subway,303,157 St (1),Manhattan,13.0
2023-12-26 16:00:00,subway,300,191 St (1),Manhattan,24.0
2023-12-26 16:00:00,subway,30,Prospect Av (R),Brooklyn,11.0
2023-12-26 16:00:00,subway,430,"Simpson St (2,5)",Bronx,11.0
2023-12-26 16:00:00,subway,300,191 St (1),Manhattan,3.0
2023-12-26 16:00:00,subway,349,Junius St (3),Brooklyn,2.0
2023-12-26 16:00:00,subway,44,"Church Av (B,Q)",Brooklyn,79.0
2023-12-26 16:00:00,subway,65,79 St (D),Brooklyn,22.0
2023-12-26 16:00:00,subway,441,"Central Park North (110 St) (2,3)",Manhattan,19.0
2023-12-26 16:00:00,subway,91,Alabama Av (J),Brooklyn,21.0
2023-12-26 16:00:00,subway,3,"30 Av (N,W)",Queens,69.0
2023-12-26 16:00:00,subway,89,Cleveland St (J),Brooklyn,11.0
2023-12-26 16:00:00,subway,86,Cypress Hills (J),Brooklyn,5.0
2023-12-26 16:00:00,subway,82,"104 St (J,Z)",Queens,8.0
2023-12-26 16:00:00,subway,80,"121 St (J,Z)",Queens,5.0
2023-12-26 16:00:00,subway,77,Kings Hwy (N),Brooklyn,12.0
2023-12-26 16:00:00,subway,76,Bay Pkwy (N),Brooklyn,60.0
2023-12-26 16:00:00,subway,636,"Jay St-MetroTech (A,C,F,R)",Brooklyn,164.0
2023-12-26 16:00:00,subway,626,"Franklin Av (2,3,4,5)/Botanic Garden (S)",Brooklyn,104.0
2023-12-26 16:00:00,subway,616,"74-Broadway (7)/Jackson Hts-Roosevelt Av (E,F,M,R)",Queens,104.0
2023-12-26 16:00:00,subway,616,"74-Broadway (7)/Jackson Hts-Roosevelt Av (E,F,M,R)",Queens,642.0
2023-12-26 16:00:00,subway,614,"59 St-Columbus Circle (A,B,C,D,1)",Manhattan,184.0
2023-12-26 16:00:00,subway,614,"59 St-Columbus Circle (A,B,C,D,1)",Manhattan,111.0
2023-12-26 16:00:00,subway,53,Neck Rd (Q),Brooklyn,64.0
2023-12-26 16:00:00,subway,5,"36 Av (N,W)",Queens,12.0
2023-12-26 16:00:00,subway,47,"Newkirk Plaza (B,Q)",Brooklyn,58.0
2023-12-26 16:00:00,subway,46,Cortelyou Rd (Q),Brooklyn,19.0
2023-12-26 16:00:00,subway,456,61 St-Woodside (7),Queens,32.0
2023-12-26 16:00:00,subway,451,Junction Blvd (7),Queens,11.0
2023-12-26 16:00:00,subway,448,Mets-Willets Point (7),Queens,2.0
2023-12-26 16:00:00,subway,441,"Central Park North (110 St) (2,3)",Manhattan,26.0
2023-12-26 16:00:00,subway,3,"30 Av (N,W)",Queens,15.0
2023-12-26 16:00:00,subway,62,55 St (D),Brooklyn,9.0
2023-12-26 16:00:00,subway,293,Van Cortlandt Park-242 St (1),Bronx,10.0
2023-12-26 16:00:00,subway,198,Howard Beach-JFK Airport (A),Queens,11.0
2023-12-26 16:00:00,subway,193,104 St (A),Queens,2.0
2023-12-26 16:00:00,subway,191,88 St (A),Queens,14.0
2023-12-26 16:00:00,subway,189,Grant Av (A),Brooklyn,7.0
2023-12-26 16:00:00,subway,188,"Euclid Av (A,C)",Brooklyn,11.0
2023-12-26 16:00:00,subway,177,Clinton-Washington Avs (C),Brooklyn,3.0
2023-12-26 16:00:00,subway,173,"High St (A,C)",Brooklyn,9.0
2023-12-26 16:00:00,subway,169,"Canal St (A,C,E)",Manhattan,121.0
2023-12-26 16:00:00,subway,162,"50 St (C,E)",Manhattan,44.0
2023-12-26 16:00:00,subway,159,"81 St-Museum of Natural History (C,B)",Manhattan,1263.0
2023-12-26 16:00:00,subway,159,"81 St-Museum of Natural History (C,B)",Manhattan,27.0
2023-12-26 16:00:00,subway,153,"125 St (A,C,B,D)",Manhattan,1.0
2023-12-26 16:00:00,subway,134,Sutter Av (L),Brooklyn,5.0
2023-12-26 16:00:00,subway,129,Halsey St (L),Queens,28.0
2023-12-26 16:00:00,subway,126,Jefferson St (L),Brooklyn,18.0
2023-12-26 16:00:00,subway,124,Montrose Av (L),Brooklyn,38.0
2023-12-26 16:00:00,subway,114,Central Av (M),Brooklyn,73.0
2023-12-26 16:00:00,subway,114,Central Av (M),Brooklyn,30.0
2023-12-26 16:00:00,subway,113,Knickerbocker Av (M),Brooklyn,4.0
2023-12-26 16:00:00,subway,111,Seneca Av (M),Queens,7.0
2023-12-26 16:00:00,subway,296,Marble Hill-225 St (1),Manhattan,5.0
2023-12-26 16:00:00,subway,198,Howard Beach-JFK Airport (A),Queens,2.0
2023-12-26 16:00:00,subway,203,"Rockaway Park-Beach 116 St (A,S)",Queens,3.0
2023-12-26 16:00:00,subway,169,"Canal St (A,C,E)",Manhattan,12.0
2023-12-26 16:00:00,subway,210,Norwood-205 St (D),Bronx,9.0
2023-12-26 16:00:00,subway,205,Beach 60 St (A),Queens,1.0
2023-12-26 16:00:00,subway,283,Greenpoint Av (G),Brooklyn,1.0
2023-12-26 16:00:00,subway,280,Jamaica-Van Wyck (E),Queens,7.0
2023-12-26 16:00:00,subway,28,Union St (R),Brooklyn,170.0
2023-12-26 16:00:00,subway,276,"5 Av/53 St (E,M)",Manhattan,55.0
2023-12-26 16:00:00,subway,272,"36 St (M,R)",Queens,18.0
2023-12-26 16:00:00,subway,268,"65 St (M,R)",Queens,6.0
2023-12-26 16:00:00,subway,263,"63 Dr-Rego Park (M,R)",Queens,70.0
2023-12-26 16:00:00,subway,261,"Forest Hills-71 Av (E,F,M,R)",Queens,42.0
2023-12-26 16:00:00,subway,258,"Briarwood (E,F)",Queens,4.0
2023-12-26 16:00:00,subway,257,Sutphin Blvd (F),Queens,8.0
2023-12-26 16:00:00,subway,286,Broadway (G),Brooklyn,11.0
2023-12-26 16:00:00,subway,252,Avenue X (F),Brooklyn,28.0
2023-12-26 16:00:00,subway,256,Parsons Blvd (F),Queens,1.0
2023-12-26 16:00:00,subway,211,"Bedford Park Blvd (B,D)",Bronx,25.0
2023-12-26 16:00:00,subway,212,"Kingsbridge Rd (B,D)",Bronx,17.0
2023-12-26 16:00:00,subway,222,Roosevelt Island (F),Manhattan,14.0
2023-12-26 16:00:00,subway,211,"Bedford Park Blvd (B,D)",Bronx,8.0
2023-12-26 16:00:00,subway,232,2 Av (F),Manhattan,407.0
2023-12-26 16:00:00,subway,240,"7 Av (F,G)",Brooklyn,35.0
2023-12-26 16:00:00,subway,247,Bay Pkwy (F),Brooklyn,14.0
2023-12-26 16:00:00,subway,231,"Grand St (B,D)",Manhattan,11.0
2023-12-26 17:00:00,subway,376,Brook Av (6),Bronx,9.0
2023-12-26 17:00:00,subway,41,"7 Av (B,Q)",Brooklyn,6.0
2023-12-26 17:00:00,subway,407,Astor Pl (6),Manhattan,14.0
2023-12-26 17:00:00,subway,404,28 St (6),Manhattan,72.0
2023-12-26 17:00:00,subway,395,103 St (6),Manhattan,17.0
2023-12-26 17:00:00,subway,392,"125 St (4,5,6)",Manhattan,48.0
2023-12-26 17:00:00,subway,42,"Prospect Park (B,Q,S)",Brooklyn,10.0
2023-12-26 17:00:00,subway,388,167 St (4),Bronx,26.0
2023-12-26 17:00:00,subway,388,167 St (4),Bronx,11.0
2023-12-26 17:00:00,subway,366,Parkchester (6),Bronx,24.0
2023-12-26 17:00:00,subway,346,Sutter Av-Rutland Rd (3),Brooklyn,2.0
2023-12-26 17:00:00,subway,355,"Winthrop St (2,5)",Brooklyn,83.0
2023-12-26 17:00:00,subway,352,New Lots Av (3),Brooklyn,18.0
2023-12-26 17:00:00,subway,349,Junius St (3),Brooklyn,4.0
2023-12-26 17:00:00,subway,340,"Grand Army Plaza (2,3)",Brooklyn,11.0
2023-12-26 17:00:00,subway,34,53 St (R),Brooklyn,32.0
2023-12-26 17:00:00,subway,34,53 St (R),Brooklyn,18.0
2023-12-26 17:00:00,subway,339,"Bergen St (2,3)",Brooklyn,23.0
2023-12-26 17:00:00,subway,333,"Wall St (2,3)",Manhattan,88.0
2023-12-26 17:00:00,subway,425,"Bronx Park East (2,5)",Bronx,3.0
2023-12-26 17:00:00,subway,361,Buhre Av (6),Bronx,3.0
2023-12-26 17:00:00,subway,430,"Simpson St (2,5)",Bronx,16.0
2023-12-26 17:00:00,subway,95,"Gates Av (J,Z)",Brooklyn,6.0
2023-12-26 17:00:00,subway,440,"116 St (2,3)",Manhattan,2.0
2023-12-26 17:00:00,subway,80,"121 St (J,Z)",Queens,7.0
2023-12-26 17:00:00,subway,70,Bay 50 St (D),Brooklyn,30.0
2023-12-26 17:00:00,subway,69,25 Av (D),Brooklyn,36.0
2023-12-26 17:00:00,subway,66,18 Av (D),Brooklyn,35.0
2023-12-26 17:00:00,subway,620,"Court St (R)/Borough Hall (2,3,4,5)",Brooklyn,46.0
2023-12-26 17:00:00,subway,62,55 St (D),Brooklyn,26.0
2023-12-26 17:00:00,subway,612,"Lexington Av-53 St (E,M)/51 St (6)",Manhattan,1953.0
2023-12-26 17:00:00,subway,610,"Grand Central-42 St (S,4,5,6,7)",Manhattan,4512.0
2023-12-26 17:00:00,subway,609,"Bryant Pk (B,D,F,M)/5 Av (7)",Manhattan,404.0
2023-12-26 17:00:00,subway,54,"Sheepshead Bay (B,Q)",Brooklyn,60.0
2023-12-26 17:00:00,subway,54,"Sheepshead Bay (B,Q)",Brooklyn,36.0
2023-12-26 17:00:00,subway,51,"Kings Hwy (B,Q)",Brooklyn,383.0
2023-12-26 17:00:00,subway,51,"Kings Hwy (B,Q)",Brooklyn,100.0
2023-12-26 17:00:00,subway,464,Vernon Blvd-Jackson Av (7),Queens,341.0
2023-12-26 17:00:00,subway,455,69 St (7),Queens,1.0
2023-12-26 17:00:00,subway,455,69 St (7),Queens,26.0
2023-12-26 17:00:00,subway,450,103 St-Corona Plaza (7),Queens,60.0
2023-12-26 17:00:00,subway,450,103 St-Corona Plaza (7),Queens,8.0
2023-12-26 17:00:00,subway,448,Mets-Willets Point (7),Queens,1.0
2023-12-26 17:00:00,subway,447,Flushing-Main St (7),Queens,184.0
2023-12-26 17:00:00,subway,441,"Central Park North (110 St) (2,3)",Manhattan,18.0
2023-12-26 17:00:00,subway,436,Harlem-148 St (3),Manhattan,4.0
2023-12-26 17:00:00,subway,328,WTC Cortlandt (1),Manhattan,46.0
2023-12-26 17:00:00,subway,33,45 St (R),Brooklyn,1.0
2023-12-26 17:00:00,subway,321,18 St (1),Manhattan,17.0
2023-12-26 17:00:00,subway,200,"Beach 90 St (A,S)",Queens,4.0
2023-12-26 17:00:00,subway,2,"Astoria Blvd (N,W)",Queens,31.0
2023-12-26 17:00:00,subway,2,"Astoria Blvd (N,W)",Queens,9.0
2023-12-26 17:00:00,subway,198,Howard Beach-JFK Airport (A),Queens,34.0
2023-12-26 17:00:00,subway,190,80 St (A),Queens,7.0
2023-12-26 17:00:00,subway,159,"81 St-Museum of Natural History (C,B)",Manhattan,541.0
2023-12-26 17:00:00,subway,157,"96 St (C,B)",Manhattan,12.0
2023-12-26 17:00:00,subway,154,"116 St (C,B)",Manhattan,47.0
2023-12-26 17:00:00,subway,146,181 St (A),Manhattan,47.0
2023-12-26 17:00:00,subway,203,"Rockaway Park-Beach 116 St (A,S)",Queens,2.0
2023-12-26 17:00:00,subway,143,Inwood-207 St (A),Manhattan,20.0
2023-12-26 17:00:00,subway,137,East 105 St (L),Brooklyn,2.0
2023-12-26 17:00:00,subway,130,Wilson Av (L),Brooklyn,21.0
2023-12-26 17:00:00,subway,125,Morgan Av (L),Brooklyn,27.0
2023-12-26 17:00:00,subway,124,Montrose Av (L),Brooklyn,4.0
2023-12-26 17:00:00,subway,122,Graham Av (L),Brooklyn,21.0
2023-12-26 17:00:00,subway,118,3 Av (L),Manhattan,1.0
2023-12-26 17:00:00,subway,108,Middle Village-Metropolitan Av (M),Queens,5.0
2023-12-26 17:00:00,subway,107,"Broad St (J,Z)",Manhattan,37.0
2023-12-26 17:00:00,subway,325,Canal St (1),Manhattan,4.0
2023-12-26 17:00:00,subway,138,Canarsie-Rockaway Pkwy (L),Brooklyn,7.0
2023-12-26 17:00:00,subway,204,Beach 67 St (A),Queens,3.0
2023-12-26 17:00:00,subway,144,Dyckman St (A),Manhattan,9.0
2023-12-26 17:00:00,subway,213,"Fordham Rd (B,D)",Bronx,12.0
2023-12-26 17:00:00,subway,312,79 St (1),Manhattan,478.0
2023-12-26 17:00:00,subway,208,Beach 25 St (A),Queens,8.0
2023-12-26 17:00:00,subway,308,Cathedral Pkwy (110 St) (1),Manhattan,56.0
2023-12-26 17:00:00,subway,300,191 St (1),Manhattan,12.0
2023-12-26 17:00:00,subway,296,Marble Hill-225 St (1),Manhattan,15.0
2023-12-26 17:00:00,subway,282,21 St (G),Queens,10.0
2023-12-26 17:00:00,subway,276,"5 Av/53 St (E,M)",Manhattan,1471.0
2023-12-26 17:00:00,subway,262,"67 Av (M,R)",Queens,8.0
2023-12-26 17:00:00,subway,251,Avenue U (F),Brooklyn,30.0
2023-12-26 17:00:00,subway,244,Ditmas Av (F),Brooklyn,21.0
2023-12-26 17:00:00,subway,240,"7 Av (F,G)",Brooklyn,26.0
2023-12-26 17:00:00,subway,264,"Woodhaven Blvd (M,R)",Queens,37.0
2023-12-26 17:00:00,subway,235,York St (F),Brooklyn,264.0
2023-12-26 17:00:00,subway,214,"182-183 Sts (B,D)",Bronx,7.0
2023-12-26 17:00:00,subway,218,"167 St (B,D)",Bronx,19.0
2023-12-26 17:00:00,subway,218,"167 St (B,D)",Bronx,24.0
2023-12-26 17:00:00,subway,22,"Rector St (R,W)",Manhattan,65.0
2023-12-26 17:00:00,subway,216,"174-175 Sts (B,D)",Bronx,2.0
2023-12-26 17:00:00,subway,221,21 St-Queensbridge (F),Queens,2.0
2023-12-26 17:00:00,subway,222,Roosevelt Island (F),Manhattan,21.0
2023-12-26 17:00:00,subway,225,"47-50 Sts-Rockefeller Ctr (B,D,F,M)",Manhattan,614.0
2023-12-26 17:00:00,subway,220,"155 St (B,D)",Manhattan,17.0
2023-12-26 18:00:00,subway,355,"Winthrop St (2,5)",Brooklyn,6.0
2023-12-26 18:00:00,subway,414,"Bowling Green (4,5)",Manhattan,174.0
2023-12-26 18:00:00,subway,429,"Freeman St (2,5)",Bronx,1.0
2023-12-26 18:00:00,subway,397,"86 St (4,5,6)",Manhattan,261.0
2023-12-26 18:00:00,subway,391,"138 St-Grand Concourse (4,5)",Bronx,13.0
2023-12-26 18:00:00,subway,391,"138 St-Grand Concourse (4,5)",Bronx,5.0
2023-12-26 18:00:00,subway,383,183 St (4),Bronx,28.0
2023-12-26 18:00:00,subway,374,E 143 St-St Mary's St (6),Bronx,14.0
2023-12-26 18:00:00,subway,371,Hunts Point Av (6),Bronx,23.0
2023-12-26 18:00:00,subway,367,St Lawrence Av (6),Bronx,10.0
2023-12-26 18:00:00,subway,35,"59 St (N,R)",Brooklyn,6.0
2023-12-26 18:00:00,subway,306,125 St (1),Manhattan,10.0
2023-12-26 18:00:00,subway,343,Nostrand Av (3),Brooklyn,7.0
2023-12-26 18:00:00,subway,341,"Eastern Pkwy-Brooklyn Museum (2,3)",Brooklyn,17.0
2023-12-26 18:00:00,subway,34,53 St (R),Brooklyn,6.0
2023-12-26 18:00:00,subway,310,"96 St (1,2,3)",Manhattan,13.0
2023-12-26 18:00:00,subway,310,"96 St (1,2,3)",Manhattan,34.0
2023-12-26 18:00:00,subway,31,25 St (R),Brooklyn,17.0
2023-12-26 18:00:00,subway,308,Cathedral Pkwy (110 St) (1),Manhattan,8.0
2023-12-26 18:00:00,subway,308,Cathedral Pkwy (110 St) (1),Manhattan,13.0
2023-12-26 18:00:00,subway,303,157 St (1),Manhattan,8.0
2023-12-26 18:00:00,subway,43,Parkside Av (Q),Brooklyn,19.0
2023-12-26 18:00:00,subway,346,Sutter Av-Rutland Rd (3),Brooklyn,11.0
2023-12-26 18:00:00,subway,439,"125 St (2,3)",Manhattan,22.0
2023-12-26 18:00:00,subway,93,"Chauncey St (J,Z)",Brooklyn,2.0
2023-12-26 18:00:00,subway,447,Flushing-Main St (7),Queens,1.0
2023-12-26 18:00:00,subway,30,Prospect Av (R),Brooklyn,15.0
2023-12-26 18:00:00,subway,98,"Flushing Av (M,J)",Brooklyn,129.0
2023-12-26 18:00:00,subway,89,Cleveland St (J),Brooklyn,3.0
2023-12-26 18:00:00,subway,87,"Crescent St (J,Z)",Brooklyn,8.0
2023-12-26 18:00:00,subway,86,Cypress Hills (J),Brooklyn,7.0
2023-12-26 18:00:00,subway,80,"121 St (J,Z)",Queens,4.0
2023-12-26 18:00:00,subway,79,86 St (N),Brooklyn,12.0
2023-12-26 18:00:00,subway,78,Avenue U (N),Brooklyn,1.0
2023-12-26 18:00:00,subway,76,Bay Pkwy (N),Brooklyn,2.0
2023-12-26 18:00:00,subway,72,Fort Hamilton Pkwy (N),Brooklyn,9.0
2023-12-26 18:00:00,subway,71,8 Av (N),Brooklyn,142.0
2023-12-26 18:00:00,subway,629,Lorimer St (L)/Metropolitan Av (G),Brooklyn,281.0
2023-12-26 18:00:00,subway,627,"Franklin Av (C,S)",Brooklyn,13.0
2023-12-26 18:00:00,subway,624,"Chambers St (A,C)/WTC (E)/Park Pl (2,3)/Cortlandt (R,W)",Manhattan,1255.0
2023-12-26 18:00:00,subway,619,"Broadway-Lafayette St (B,D,F,M)/Bleecker St (6)",Manhattan,2.0
2023-12-26 18:00:00,subway,618,"14 St (A,C,E)/8 Av (L)",Manhattan,331.0
2023-12-26 18:00:00,subway,61,50 St (D),Brooklyn,55.0
2023-12-26 18:00:00,subway,609,"Bryant Pk (B,D,F,M)/5 Av (7)",Manhattan,2022.0
2023-12-26 18:00:00,subway,609,"Bryant Pk (B,D,F,M)/5 Av (7)",Manhattan,369.0
2023-12-26 18:00:00,subway,601,"14 St (F,M,1,2,3)/6 Av (L)",Manhattan,146.0
2023-12-26 18:00:00,subway,56,Ocean Pkwy (Q),Brooklyn,35.0
2023-12-26 18:00:00,subway,457,52 St (7),Queens,11.0
2023-12-26 18:00:00,subway,455,69 St (7),Queens,30.0
2023-12-26 18:00:00,subway,445,Pelham Pkwy (5),Bronx,25.0
2023-12-26 18:00:00,subway,299,Dyckman St (1),Manhattan,7.0
2023-12-26 18:00:00,subway,352,New Lots Av (3),Brooklyn,9.0
2023-12-26 18:00:00,subway,294,238 St (1),Bronx,34.0
2023-12-26 18:00:00,subway,192,Rockaway Blvd (A),Queens,10.0
2023-12-26 18:00:00,subway,190,80 St (A),Queens,2.0
2023-12-26 18:00:00,subway,189,Grant Av (A),Brooklyn,47.0
2023-12-26 18:00:00,subway,188,"Euclid Av (A,C)",Brooklyn,11.0
2023-12-26 18:00:00,subway,186,Van Siclen Av (C),Brooklyn,3.0
2023-12-26 18:00:00,subway,162,"50 St (C,E)",Manhattan,526.0
2023-12-26 18:00:00,subway,155,"Cathedral Pkwy (110 St) (C,B)",Manhattan,3.0
2023-12-26 18:00:00,subway,154,"116 St (C,B)",Manhattan,11.0
2023-12-26 18:00:00,subway,152,"135 St (C,B)",Manhattan,6.0
2023-12-26 18:00:00,subway,149,163 St-Amsterdam Av (C),Manhattan,11.0
2023-12-26 18:00:00,subway,193,104 St (A),Queens,7.0
2023-12-26 18:00:00,subway,149,163 St-Amsterdam Av (C),Manhattan,4.0
2023-12-26 18:00:00,subway,144,Dyckman St (A),Manhattan,15.0
2023-12-26 18:00:00,subway,138,Canarsie-Rockaway Pkwy (L),Brooklyn,10.0
2023-12-26 18:00:00,subway,131,Bushwick Av-Aberdeen St (L),Brooklyn,1.0
2023-12-26 18:00:00,subway,127,DeKalb Av (L),Brooklyn,39.0
2023-12-26 18:00:00,subway,124,Montrose Av (L),Brooklyn,5.0
2023-12-26 18:00:00,subway,122,Graham Av (L),Brooklyn,10.0
2023-12-26 18:00:00,subway,120,Bedford Av (L),Brooklyn,9.0
2023-12-26 18:00:00,subway,107,"Broad St (J,Z)",Manhattan,35.0
2023-12-26 18:00:00,subway,10,"49 St (N,R,W)",Manhattan,1.0
2023-12-26 18:00:00,subway,1,"Astoria-Ditmars Blvd (N,W)",Queens,55.0
2023-12-26 18:00:00,subway,144,Dyckman St (A),Manhattan,16.0
2023-12-26 18:00:00,subway,193,104 St (A),Queens,3.0
2023-12-26 18:00:00,subway,1,"Astoria-Ditmars Blvd (N,W)",Queens,196.0
2023-12-26 18:00:00,subway,198,Howard Beach-JFK Airport (A),Queens,11.0
2023-12-26 18:00:00,subway,283,Greenpoint Av (G),Brooklyn,3.0
2023-12-26 18:00:00,subway,28,Union St (R),Brooklyn,5.0
2023-12-26 18:00:00,subway,278,"Jamaica Center-Parsons/Archer (E,J,Z)",Queens,22.0
2023-12-26 18:00:00,subway,278,"Jamaica Center-Parsons/Archer (E,J,Z)",Queens,43.0
2023-12-26 18:00:00,subway,277,"7 Av (E,B,D)",Manhattan,17.0
2023-12-26 18:00:00,subway,272,"36 St (M,R)",Queens,1.0
2023-12-26 18:00:00,subway,194,111 St (A),Queens,3.0
2023-12-26 18:00:00,subway,261,"Forest Hills-71 Av (E,F,M,R)",Queens,1.0
2023-12-26 18:00:00,subway,26,"DeKalb Av (B,Q,R)",Brooklyn,22.0
2023-12-26 18:00:00,subway,254,Jamaica-179 St (F),Queens,112.0
2023-12-26 18:00:00,subway,245,18 Av (F),Brooklyn,49.0
2023-12-26 18:00:00,subway,269,"Northern Blvd (M,R)",Queens,3.0
2023-12-26 18:00:00,subway,297,215 St (1),Manhattan,4.0
2023-12-26 18:00:00,subway,243,"Church Av (F,G)",Brooklyn,1.0
2023-12-26 18:00:00,subway,237,"Carroll St (F,G)",Brooklyn,18.0
2023-12-26 18:00:00,subway,231,"Grand St (B,D)",Manhattan,315.0
2023-12-26 18:00:00,subway,223,"Lexington Av/63 St (F,Q)",Manhattan,40.0
2023-12-26 18:00:00,subway,22,"Rector St (R,W)",Manhattan,1.0
2023-12-26 18:00:00,subway,22,"Rector St (R,W)",Manhattan,27.0
2023-12-26 18:00:00,subway,217,"170 St (B,D)",Bronx,10.0
2023-12-26 18:00:00,subway,214,"182-183 Sts (B,D)",Bronx,12.0
2023-12-26 18:00:00,subway,210,Norwood-205 St (D),Bronx,1.0
2023-12-26 18:00:00,subway,244,Ditmas Av (F),Brooklyn,39.0
2023-12-26 18:00:00,subway,200,"Beach 90 St (A,S)",Queens,3.0
2023-12-26 19:00:00,subway,436,Harlem-148 St (3),Manhattan,12.0
2023-12-26 19:00:00,subway,437,145 St (3),Manhattan,2.0
2023-12-26 19:00:00,subway,440,"116 St (2,3)",Manhattan,13.0
2023-12-26 19:00:00,subway,441,"Central Park North (110 St) (2,3)",Manhattan,2.0
2023-12-26 19:00:00,subway,457,52 St (7),Queens,6.0
2023-12-26 19:00:00,subway,451,Junction Blvd (7),Queens,42.0
2023-12-26 19:00:00,subway,452,90 St-Elmhurst Av (7),Queens,38.0
2023-12-26 19:00:00,subway,455,69 St (7),Queens,22.0
2023-12-26 19:00:00,subway,447,Flushing-Main St (7),Queens,48.0
2023-12-26 19:00:00,subway,43,Parkside Av (Q),Brooklyn,6.0
2023-12-26 19:00:00,subway,358,"Newkirk Av-Little Haiti (2,5)",Brooklyn,18.0
2023-12-26 19:00:00,subway,422,"Burke Av (2,5)",Bronx,3.0
2023-12-26 19:00:00,subway,418,"233 St (2,5)",Bronx,2.0
2023-12-26 19:00:00,subway,4,"Broadway (N,W)",Queens,3.0
2023-12-26 19:00:00,subway,39,Bay Ridge-95 St (R),Brooklyn,6.0
2023-12-26 19:00:00,subway,386,Mt Eden Av (4),Bronx,2.0
2023-12-26 19:00:00,subway,371,Hunts Point Av (6),Bronx,29.0
2023-12-26 19:00:00,subway,369,Elder Av (6),Bronx,3.0
2023-12-26 19:00:00,subway,360,Pelham Bay Park (6),Bronx,11.0
2023-12-26 19:00:00,subway,359,"Flatbush Av-Brooklyn College (2,5)",Brooklyn,34.0
2023-12-26 19:00:00,subway,459,40 St-Lowery St (7),Queens,4.0
2023-12-26 19:00:00,subway,428,"174 St (2,5)",Bronx,3.0
2023-12-26 19:00:00,subway,463,Hunters Point Av (7),Queens,21.0
2023-12-26 19:00:00,subway,627,"Franklin Av (C,S)",Brooklyn,7.0
2023-12-26 19:00:00,subway,48,Avenue H (Q),Brooklyn,3.0
2023-12-26 19:00:00,subway,355,"Winthrop St (2,5)",Brooklyn,6.0
2023-12-26 19:00:00,subway,99,"Lorimer St (M,J)",Brooklyn,17.0
2023-12-26 19:00:00,subway,95,"Gates Av (J,Z)",Brooklyn,11.0
2023-12-26 19:00:00,subway,89,Cleveland St (J),Brooklyn,3.0
2023-12-26 19:00:00,subway,89,Cleveland St (J),Brooklyn,1.0
2023-12-26 19:00:00,subway,83,"Woodhaven Blvd (J,Z)",Queens,6.0
2023-12-26 19:00:00,subway,70,Bay 50 St (D),Brooklyn,3.0
2023-12-26 19:00:00,subway,70,Bay 50 St (D),Brooklyn,1.0
2023-12-26 19:00:00,subway,67,20 Av (D),Brooklyn,40.0
2023-12-26 19:00:00,subway,636,"Jay St-MetroTech (A,C,F,R)",Brooklyn,120.0
2023-12-26 19:00:00,subway,628,"Fulton St (A,C,J,Z,2,3,4,5)",Manhattan,1205.0
2023-12-26 19:00:00,subway,627,"Franklin Av (C,S)",Brooklyn,20.0
2023-12-26 19:00:00,subway,614,"59 St-Columbus Circle (A,B,C,D,1)",Manhattan,66.0
2023-12-26 19:00:00,subway,609,"Bryant Pk (B,D,F,M)/5 Av (7)",Manhattan,77.0
2023-12-26 19:00:00,subway,608,"4 Av (F,G)/9 St (R)",Brooklyn,2.0
2023-12-26 19:00:00,subway,60,Fort Hamilton Pkwy (D),Brooklyn,5.0
2023-12-26 19:00:00,subway,57,"W 8 St-NY Aquarium (F,Q)",Brooklyn,9.0
2023-12-26 19:00:00,subway,55,"Brighton Beach (B,Q)",Brooklyn,7.0
2023-12-26 19:00:00,subway,54,"Sheepshead Bay (B,Q)",Brooklyn,11.0
2023-12-26 19:00:00,subway,49,Avenue J (Q),Brooklyn,9.0
2023-12-26 19:00:00,subway,48,Avenue H (Q),Brooklyn,1.0
2023-12-26 19:00:00,subway,476,86 St (Q),Manhattan,37.0
2023-12-26 19:00:00,subway,354,"Sterling St (2,5)",Brooklyn,11.0
2023-12-26 19:00:00,subway,621,"Broadway Junction (A,C,J,L,Z)",Brooklyn,28.0
2023-12-26 19:00:00,subway,348,Rockaway Av (3),Brooklyn,7.0
2023-12-26 19:00:00,subway,198,Howard Beach-JFK Airport (A),Queens,2.0
2023-12-26 19:00:00,subway,197,Aqueduct-N Conduit Av (A),Queens,1.0
2023-12-26 19:00:00,subway,194,111 St (A),Queens,7.0
2023-12-26 19:00:00,subway,188,"Euclid Av (A,C)",Brooklyn,16.0
2023-12-26 19:00:00,subway,186,Van Siclen Av (C),Brooklyn,8.0
2023-12-26 19:00:00,subway,185,Liberty Av (C),Brooklyn,1.0
2023-12-26 19:00:00,subway,181,"Utica Av (A,C)",Brooklyn,71.0
2023-12-26 19:00:00,subway,177,Clinton-Washington Avs (C),Brooklyn,48.0
2023-12-26 19:00:00,subway,175,"Hoyt-Schermerhorn Sts (A,C,G)",Brooklyn,15.0
2023-12-26 19:00:00,subway,167,"W 4 St-Wash Sq (A,C,E,B,D,F,M)",Manhattan,27.0
2023-12-26 19:00:00,subway,165,"23 St (C,E)",Manhattan,12.0
2023-12-26 19:00:00,subway,153,"125 St (A,C,B,D)",Manhattan,229.0
2023-12-26 19:00:00,subway,151,"145 St (A,C,B,D)",Manhattan,41.0
2023-12-26 19:00:00,subway,150,155 St (C),Manhattan,13.0
2023-12-26 19:00:00,subway,141,Park Pl (S),Brooklyn,1.0
2023-12-26 19:00:00,subway,13,"28 St (R,W)",Manhattan,237.0
2023-12-26 19:00:00,subway,126,Jefferson St (L),Brooklyn,3.0
2023-12-26 19:00:00,subway,126,Jefferson St (L),Brooklyn,18.0
2023-12-26 19:00:00,subway,122,Graham Av (L),Brooklyn,5.0
2023-12-26 19:00:00,subway,101,"Marcy Av (M,J,Z)",Brooklyn,19.0
2023-12-26 19:00:00,subway,348,Rockaway Av (3),Brooklyn,7.0
2023-12-26 19:00:00,subway,205,Beach 60 St (A),Queens,8.0
2023-12-26 19:00:00,subway,224,57 St (F),Manhattan,3.0
2023-12-26 19:00:00,subway,119,1 Av (L),Manhattan,72.0
2023-12-26 19:00:00,subway,234,East Broadway (F),Manhattan,14.0
2023-12-26 19:00:00,subway,343,Nostrand Av (3),Brooklyn,6.0
2023-12-26 19:00:00,subway,340,"Grand Army Plaza (2,3)",Brooklyn,7.0
2023-12-26 19:00:00,subway,340,"Grand Army Plaza (2,3)",Brooklyn,7.0
2023-12-26 19:00:00,subway,339,"Bergen St (2,3)",Brooklyn,1.0
2023-12-26 19:00:00,subway,329,Rector St (1),Manhattan,69.0
2023-12-26 19:00:00,subway,326,Franklin St (1),Manhattan,2.0
2023-12-26 19:00:00,subway,325,Canal St (1),Manhattan,69.0
2023-12-26 19:00:00,subway,231,"Grand St (B,D)",Manhattan,144.0
2023-12-26 19:00:00,subway,318,"34 St-Penn Station (1,2,3)",Manhattan,60.0
2023-12-26 19:00:00,subway,316,50 St (1),Manhattan,6.0
2023-12-26 19:00:00,subway,303,157 St (1),Manhattan,21.0
2023-12-26 19:00:00,subway,318,"34 St-Penn Station (1,2,3)",Manhattan,139.0
2023-12-26 19:00:00,subway,294,238 St (1),Bronx,5.0
2023-12-26 19:00:00,subway,292,Fulton St (G),Brooklyn,11.0
2023-12-26 19:00:00,subway,278,"Jamaica Center-Parsons/Archer (E,J,Z)",Queens,38.0
2023-12-26 19:00:00,subway,271,"Steinway St (M,R)",Queens,38.0
2023-12-26 19:00:00,subway,259,"Kew Gardens-Union Tpke (E,F)",Queens,55.0
2023-12-26 19:00:00,subway,258,"Briarwood (E,F)",Queens,30.0
2023-12-26 19:00:00,subway,251,Avenue U (F),Brooklyn,15.0
2023-12-26 19:00:00,subway,247,Bay Pkwy (F),Brooklyn,4.0
2023-12-26 19:00:00,subway,301,181 St (1),Manhattan,7.0
2023-12-26 19:00:00,subway,246,Avenue I (F),Brooklyn,8.0
2023-12-26 19:00:00,subway,237,"Carroll St (F,G)",Brooklyn,4.0
2023-12-26 20:00:00,subway,458,46 St-Bliss St (7),Queens,32.0
2023-12-26 20:00:00,subway,420,"219 St (2,5)",Bronx,1.0
2023-12-26 20:00:00,subway,421,"Gun Hill Rd (2,5)",Bronx,15.0
2023-12-26 20:00:00,subway,457,52 St (7),Queens,52.0
2023-12-26 20:00:00,subway,432,"Prospect Av (2,5)",Bronx,2.0
2023-12-26 20:00:00,subway,453,82 St-Jackson Hts (7),Queens,9.0
2023-12-26 20:00:00,subway,455,69 St (7),Queens,3.0
2023-12-26 20:00:00,subway,431,"Intervale Av (2,5)",Bronx,4.0
2023-12-26 20:00:00,subway,42,"Prospect Park (B,Q,S)",Brooklyn,9.0
2023-12-26 20:00:00,subway,383,183 St (4),Bronx,2.0
2023-12-26 20:00:00,subway,41,"7 Av (B,Q)",Brooklyn,88.0
2023-12-26 20:00:00,subway,41,"7 Av (B,Q)",Brooklyn,14.0
2023-12-26 20:00:00,subway,407,Astor Pl (6),Manhattan,7.0
2023-12-26 20:00:00,subway,404,28 St (6),Manhattan,213.0
2023-12-26 20:00:00,subway,4,"Broadway (N,W)",Queens,13.0
2023-12-26 20:00:00,subway,394,110 St (6),Manhattan,14.0
2023-12-26 20:00:00,subway,392,"125 St (4,5,6)",Manhattan,12.0
2023-12-26 20:00:00,subway,463,Hunters Point Av (7),Queens,1.0
2023-12-26 20:00:00,subway,38,86 St (R),Brooklyn,241.0
2023-12-26 20:00:00,subway,418,"233 St (2,5)",Bronx,3.0
2023-12-26 20:00:00,subway,464,Vernon Blvd-Jackson Av (7),Queens,18.0
2023-12-26 20:00:00,subway,624,"Chambers St (A,C)/WTC (E)/Park Pl (2,3)/Cortlandt (R,W)",Manhattan,20.0
2023-12-26 20:00:00,subway,49,Avenue J (Q),Brooklyn,17.0
2023-12-26 20:00:00,subway,96,Kosciuszko St (J),Brooklyn,1.0
2023-12-26 20:00:00,subway,375,Cypress Av (6),Bronx,3.0
2023-12-26 20:00:00,subway,85,"75 St-Elderts Ln (J,Z)",Queens,1.0
2023-12-26 20:00:00,subway,81,111 St (J),Queens,3.0
2023-12-26 20:00:00,subway,80,"121 St (J,Z)",Queens,9.0
2023-12-26 20:00:00,subway,72,Fort Hamilton Pkwy (N),Brooklyn,5.0
2023-12-26 20:00:00,subway,70,Bay 50 St (D),Brooklyn,16.0
2023-12-26 20:00:00,subway,68,Bay Pkwy (D),Brooklyn,10.0
2023-12-26 20:00:00,subway,67,20 Av (D),Brooklyn,9.0
2023-12-26 20:00:00,subway,66,18 Av (D),Brooklyn,4.0
2023-12-26 20:00:00,subway,66,18 Av (D),Brooklyn,13.0
2023-12-26 20:00:00,subway,636,"Jay St-MetroTech (A,C,F,R)",Brooklyn,94.0
2023-12-26 20:00:00,subway,621,"Broadway Junction (A,C,J,L,Z)",Brooklyn,25.0
2023-12-26 20:00:00,subway,615,New Utrecht Av (N)/62 St (D),Brooklyn,3.0
2023-12-26 20:00:00,subway,614,"59 St-Columbus Circle (A,B,C,D,1)",Manhattan,163.0
2023-12-26 20:00:00,subway,614,"59 St-Columbus Circle (A,B,C,D,1)",Manhattan,49.0
2023-12-26 20:00:00,subway,613,"Lexington Av (N,R,W)/59 St (4,5,6)",Manhattan,3.0
2023-12-26 20:00:00,subway,613,"Lexington Av (N,R,W)/59 St (4,5,6)",Manhattan,58.0
2023-12-26 20:00:00,subway,612,"Lexington Av-53 St (E,M)/51 St (6)",Manhattan,22.0
2023-12-26 20:00:00,subway,606,"Court Sq (E,G,M,7)",Queens,8.0
2023-12-26 20:00:00,subway,57,"W 8 St-NY Aquarium (F,Q)",Brooklyn,16.0
2023-12-26 20:00:00,subway,477,72 St (Q),Manhattan,7.0
2023-12-26 20:00:00,subway,368,Morrison Av-Soundview (6),Bronx,2.0
2023-12-26 20:00:00,subway,326,Franklin St (1),Manhattan,17.0
2023-12-26 20:00:00,subway,361,Buhre Av (6),Bronx,5.0
2023-12-26 20:00:00,subway,192,Rockaway Blvd (A),Queens,7.0
2023-12-26 20:00:00,subway,181,"Utica Av (A,C)",Brooklyn,48.0
2023-12-26 20:00:00,subway,16,"8 St-NYU (R,W)",Manhattan,1.0
2023-12-26 20:00:00,subway,158,"86 St (C,B)",Manhattan,9.0
2023-12-26 20:00:00,subway,157,"96 St (C,B)",Manhattan,17.0
2023-12-26 20:00:00,subway,153,"125 St (A,C,B,D)",Manhattan,42.0
2023-12-26 20:00:00,subway,137,East 105 St (L),Brooklyn,2.0
2023-12-26 20:00:00,subway,13,"28 St (R,W)",Manhattan,6.0
2023-12-26 20:00:00,subway,125,Morgan Av (L),Brooklyn,61.0
2023-12-26 20:00:00,subway,2,"Astoria Blvd (N,W)",Queens,16.0
2023-12-26 20:00:00,subway,124,Montrose Av (L),Brooklyn,12.0
2023-12-26 20:00:00,subway,122,Graham Av (L),Brooklyn,5.0
2023-12-26 20:00:00,subway,120,Bedford Av (L),Brooklyn,11.0
2023-12-26 20:00:00,subway,364,Zerega Av (6),Bronx,7.0
2023-12-26 20:00:00,subway,107,"Broad St (J,Z)",Manhattan,3.0
2023-12-26 20:00:00,subway,103,"Bowery (J,Z)",Manhattan,49.0
2023-12-26 20:00:00,subway,101,"Marcy Av (M,J,Z)",Brooklyn,34.0
2023-12-26 20:00:00,subway,100,"Hewes St (M,J)",Brooklyn,2.0
2023-12-26 20:00:00,subway,1,"Astoria-Ditmars Blvd (N,W)",Queens,22.0
2023-12-26 20:00:00,staten_island_railway,501,St George (SIR),Staten Island,13.0
2023-12-26 20:00:00,subway,123,Grand St (L),Brooklyn,18.0
2023-12-26 20:00:00,subway,205,Beach 60 St (A),Queens,6.0
2023-12-26 20:00:00,subway,114,Central Av (M),Brooklyn,18.0
2023-12-26 20:00:00,subway,234,East Broadway (F),Manhattan,88.0
2023-12-26 20:00:00,subway,220,"155 St (B,D)",Manhattan,7.0
2023-12-26 20:00:00,subway,356,"Church Av (2,5)",Brooklyn,5.0
2023-12-26 20:00:00,subway,345,"Crown Hts-Utica Av (3,4)",Brooklyn,15.0
2023-12-26 20:00:00,subway,340,"Grand Army Plaza (2,3)",Brooklyn,12.0
2023-12-26 20:00:00,subway,337,"Nevins St (2,3,4,5)",Brooklyn,7.0
2023-12-26 20:00:00,subway,328,WTC Cortlandt (1),Manhattan,115.0
2023-12-26 20:00:00,subway,328,WTC Cortlandt (1),Manhattan,4.0
2023-12-26 20:00:00,subway,310,"96 St (1,2,3)",Manhattan,14.0
2023-12-26 20:00:00,subway,306,125 St (1),Manhattan,3.0
2023-12-26 20:00:00,subway,3,"30 Av (N,W)",Queens,5.0
2023-12-26 20:00:00,subway,340,"Grand Army Plaza (2,3)",Brooklyn,17.0
2023-12-26 20:00:00,subway,278,"Jamaica Center-Parsons/Archer (E,J,Z)",Queens,19.0
2023-12-26 20:00:00,subway,269,"Northern Blvd (M,R)",Queens,4.0
2023-12-26 20:00:00,subway,268,"65 St (M,R)",Queens,5.0
2023-12-26 20:00:00,subway,268,"65 St (M,R)",Queens,1.0
2023-12-26 20:00:00,subway,252,Avenue X (F),Brooklyn,2.0
2023-12-26 20:00:00,subway,243,"Church Av (F,G)",Brooklyn,18.0
2023-12-26 20:00:00,subway,243,"Church Av (F,G)",Brooklyn,19.0
2023-12-26 20:00:00,subway,241,"15 St-Prospect Park (F,G)",Brooklyn,5.0
2023-12-26 20:00:00,subway,287,Flushing Av (G),Brooklyn,1.0
2023-12-26 20:00:00,subway,237,"Carroll St (F,G)",Brooklyn,16.0
2023-12-26 21:00:00,subway,448,Mets-Willets Point (7),Queens,1.0
2023-12-26 21:00:00,subway,443,Baychester Av (5),Bronx,1.0
2023-12-26 21:00:00,subway,437,145 St (3),Manhattan,4.0
2023-12-26 21:00:00,subway,434,"3 Av-149 St (2,5)",Bronx,16.0
2023-12-26 21:00:00,subway,432,"Prospect Av (2,5)",Bronx,9.0
2023-12-26 21:00:00,subway,429,"Freeman St (2,5)",Bronx,6.0
2023-12-26 21:00:00,subway,398,77 St (6),Manhattan,15.0
2023-12-26 21:00:00,subway,407,Astor Pl (6),Manhattan,72.0
2023-12-26 21:00:00,subway,398,77 St (6),Manhattan,67.0
2023-12-26 21:00:00,subway,379,Mosholu Pkwy (4),Bronx,22.0
2023-12-26 21:00:00,subway,375,Cypress Av (6),Bronx,1.0
2023-12-26 21:00:00,subway,451,Junction Blvd (7),Queens,70.0
2023-12-26 21:00:00,subway,421,"Gun Hill Rd (2,5)",Bronx,11.0
2023-12-26 21:00:00,subway,457,52 St (7),Queens,7.0
2023-12-26 21:00:00,subway,71,8 Av (N),Brooklyn,1.0
2023-12-26 21:00:00,subway,52,Avenue U (Q),Brooklyn,2.0
2023-12-26 21:00:00,subway,54,"Sheepshead Bay (B,Q)",Brooklyn,1.0
2023-12-26 21:00:00,subway,55,"Brighton Beach (B,Q)",Brooklyn,14.0
2023-12-26 21:00:00,subway,59,9 Av (D),Brooklyn,1.0
2023-12-26 21:00:00,subway,611,"Times Sq-42 St (N,Q,R,W,S,1,2,3,7)/42 St (A,C,E)",Manhattan,213.0
2023-12-26 21:00:00,subway,615,New Utrecht Av (N)/62 St (D),Brooklyn,5.0
2023-12-26 21:00:00,tram,TRAM1,RI Tramway (Manhattan),Manhattan,43.0
2023-12-26 21:00:00,subway,70,Bay 50 St (D),Brooklyn,3.0
2023-12-26 21:00:00,subway,71,8 Av (N),Brooklyn,3.0
2023-12-26 21:00:00,subway,8,"5 Av/59 St (N,R,W)",Manhattan,66.0
2023-12-26 21:00:00,subway,84,85 St-Forest Pkwy (J),Queens,4.0
2023-12-26 21:00:00,subway,93,"Chauncey St (J,Z)",Brooklyn,1.0
2023-12-26 21:00:00,subway,98,"Flushing Av (M,J)",Brooklyn,24.0
2023-12-26 21:00:00,subway,374,E 143 St-St Mary's St (6),Bronx,2.0
2023-12-26 21:00:00,subway,459,40 St-Lowery St (7),Queens,6.0
2023-12-26 21:00:00,subway,360,Pelham Bay Park (6),Bronx,25.0
2023-12-26 21:00:00,subway,619,"Broadway-Lafayette St (B,D,F,M)/Bleecker St (6)",Manhattan,54.0
2023-12-26 21:00:00,subway,333,"Wall St (2,3)",Manhattan,3.0
2023-12-26 21:00:00,subway,344,Kingston Av (3),Brooklyn,3.0
2023-12-26 21:00:00,subway,107,"Broad St (J,Z)",Manhattan,1.0
2023-12-26 21:00:00,subway,118,3 Av (L),Manhattan,16.0
2023-12-26 21:00:00,subway,122,Graham Av (L),Brooklyn,7.0
2023-12-26 21:00:00,subway,144,Dyckman St (A),Manhattan,1.0
2023-12-26 21:00:00,subway,152,"135 St (C,B)",Manhattan,1.0
2023-12-26 21:00:00,subway,155,"Cathedral Pkwy (110 St) (C,B)",Manhattan,2.0
2023-12-26 21:00:00,subway,155,"Cathedral Pkwy (110 St) (C,B)",Manhattan,37.0
2023-12-26 21:00:00,subway,179,"Nostrand Av (A,C)",Brooklyn,4.0
2023-12-26 21:00:00,subway,190,80 St (A),Queens,2.0
2023-12-26 21:00:00,subway,20,"City Hall (R,W)",Manhattan,35.0
2023-12-26 21:00:00,subway,203,"Rockaway Park-Beach 116 St (A,S)",Queens,10.0
2023-12-26 21:00:00,subway,211,"Bedford Park Blvd (B,D)",Bronx,12.0
2023-12-26 21:00:00,subway,211,"Bedford Park Blvd (B,D)",Bronx,6.0
2023-12-26 21:00:00,subway,214,"182-183 Sts (B,D)",Bronx,3.0
2023-12-26 21:00:00,subway,119,1 Av (L),Manhattan,11.0
2023-12-26 21:00:00,subway,221,21 St-Queensbridge (F),Queens,4.0
2023-12-26 21:00:00,subway,216,"174-175 Sts (B,D)",Bronx,2.0
2023-12-26 21:00:00,subway,325,Canal St (1),Manhattan,2.0
2023-12-26 21:00:00,subway,3,"30 Av (N,W)",Queens,49.0
2023-12-26 21:00:00,subway,287,Flushing Av (G),Brooklyn,4.0
2023-12-26 21:00:00,subway,286,Broadway (G),Brooklyn,15.0
2023-12-26 21:00:00,subway,286,Broadway (G),Brooklyn,3.0
2023-12-26 21:00:00,subway,310,"96 St (1,2,3)",Manhattan,236.0
2023-12-26 21:00:00,subway,283,Greenpoint Av (G),Brooklyn,8.0
2023-12-26 21:00:00,subway,278,"Jamaica Center-Parsons/Archer (E,J,Z)",Queens,35.0
2023-12-26 21:00:00,subway,276,"5 Av/53 St (E,M)",Manhattan,148.0
2023-12-26 21:00:00,subway,260,"75 Av (E,F)",Queens,10.0
2023-12-26 21:00:00,subway,256,Parsons Blvd (F),Queens,19.0
2023-12-26 21:00:00,subway,284,Nassau Av (G),Brooklyn,79.0
2023-12-26 21:00:00,subway,245,18 Av (F),Brooklyn,10.0
2023-12-26 22:00:00,subway,463,Hunters Point Av (7),Queens,1.0
2023-12-26 22:00:00,subway,463,Hunters Point Av (7),Queens,2.0
2023-12-26 22:00:00,subway,448,Mets-Willets Point (7),Queens,4.0
2023-12-26 22:00:00,subway,44,"Church Av (B,Q)",Brooklyn,9.0
2023-12-26 22:00:00,subway,424,"Pelham Pkwy (2,5)",Bronx,14.0
2023-12-26 22:00:00,subway,427,"West Farms Sq-E Tremont Av (2,5)",Bronx,2.0
2023-12-26 22:00:00,subway,409,Spring St (6),Manhattan,192.0
2023-12-26 22:00:00,subway,403,33 St (6),Manhattan,223.0
2023-12-26 22:00:00,subway,471,34 St-Hudson Yards (7),Manhattan,9.0
2023-12-26 22:00:00,subway,392,"125 St (4,5,6)",Manhattan,2.0
2023-12-26 22:00:00,subway,431,"Intervale Av (2,5)",Bronx,1.0
2023-12-26 22:00:00,subway,56,Ocean Pkwy (Q),Brooklyn,1.0
2023-12-26 22:00:00,subway,614,"59 St-Columbus Circle (A,B,C,D,1)",Manhattan,36.0
2023-12-26 22:00:00,subway,601,"14 St (F,M,1,2,3)/6 Av (L)",Manhattan,56.0
2023-12-26 22:00:00,subway,601,"14 St (F,M,1,2,3)/6 Av (L)",Manhattan,1.0
2023-12-26 22:00:00,subway,603,"149 St-Grand Concourse (2,4,5)",Bronx,14.0
2023-12-26 22:00:00,subway,607,"34 St-Herald Sq (B,D,F,M,N,Q,R,W)",Manhattan,1.0
2023-12-26 22:00:00,subway,612,"Lexington Av-53 St (E,M)/51 St (6)",Manhattan,20.0
2023-12-26 22:00:00,subway,614,"59 St-Columbus Circle (A,B,C,D,1)",Manhattan,7.0
2023-12-26 22:00:00,subway,616,"74-Broadway (7)/Jackson Hts-Roosevelt Av (E,F,M,R)",Queens,32.0
2023-12-26 22:00:00,subway,84,85 St-Forest Pkwy (J),Queens,8.0
2023-12-26 22:00:00,subway,99,"Lorimer St (M,J)",Brooklyn,1.0
2023-12-26 22:00:00,tram,TRAM1,RI Tramway (Manhattan),Manhattan,96.0
2023-12-26 22:00:00,subway,383,183 St (4),Bronx,15.0
2023-12-26 22:00:00,subway,60,Fort Hamilton Pkwy (D),Brooklyn,2.0
2023-12-26 22:00:00,subway,357,"Beverly Rd (2,5)",Brooklyn,1.0
2023-12-26 22:00:00,subway,405,23 St (6),Manhattan,23.0
2023-12-26 22:00:00,subway,352,New Lots Av (3),Brooklyn,4.0
2023-12-26 22:00:00,subway,354,"Sterling St (2,5)",Brooklyn,1.0
2023-12-26 22:00:00,subway,1,"Astoria-Ditmars Blvd (N,W)",Queens,17.0
2023-12-26 22:00:00,subway,101,"Marcy Av (M,J,Z)",Brooklyn,7.0
2023-12-26 22:00:00,subway,118,3 Av (L),Manhattan,2.0
2023-12-26 22:00:00,subway,165,"23 St (C,E)",Manhattan,45.0
2023-12-26 22:00:00,subway,169,"Canal St (A,C,E)",Manhattan,5.0
2023-12-26 22:00:00,subway,198,Howard Beach-JFK Airport (A),Queens,9.0
2023-12-26 22:00:00,subway,203,"Rockaway Park-Beach 116 St (A,S)",Queens,1.0
2023-12-26 22:00:00,subway,207,Beach 36 St (A),Queens,1.0
2023-12-26 22:00:00,subway,225,"47-50 Sts-Rockefeller Ctr (B,D,F,M)",Manhattan,6.0
2023-12-26 22:00:00,subway,228,"23 St (F,M)",Manhattan,41.0
2023-12-26 22:00:00,subway,235,York St (F),Brooklyn,8.0
2023-12-26 22:00:00,subway,235,York St (F),Brooklyn,192.0
2023-12-26 22:00:00,subway,152,"135 St (C,B)",Manhattan,2.0
2023-12-26 22:00:00,subway,256,Parsons Blvd (F),Queens,4.0
2023-12-26 22:00:00,subway,248,Avenue N (F),Brooklyn,3.0
2023-12-26 22:00:00,subway,333,"Wall St (2,3)",Manhattan,2.0
2023-12-26 22:00:00,subway,34,53 St (R),Brooklyn,1.0
2023-12-26 22:00:00,subway,321,18 St (1),Manhattan,7.0
2023-12-26 22:00:00,subway,320,23 St (1),Manhattan,4.0
2023-12-26 22:00:00,subway,321,18 St (1),Manhattan,59.0
2023-12-26 22:00:00,subway,307,116 St-Columbia University (1),Manhattan,12.0
2023-12-26 22:00:00,subway,292,Fulton St (G),Brooklyn,20.0
2023-12-26 22:00:00,subway,280,Jamaica-Van Wyck (E),Queens,10.0
2023-12-26 22:00:00,subway,279,"Sutphin Blvd-Archer Av-JFK Airport (E,J,Z)",Queens,75.0
2023-12-26 22:00:00,subway,308,Cathedral Pkwy (110 St) (1),Manhattan,6.0
2023-12-26 23:00:00,subway,442,Eastchester-Dyre Av (5),Bronx,2.0
2023-12-26 23:00:00,subway,442,Eastchester-Dyre Av (5),Bronx,1.0
2023-12-26 23:00:00,subway,439,"125 St (2,3)",Manhattan,3.0
2023-12-26 23:00:00,subway,434,"3 Av-149 St (2,5)",Bronx,5.0
2023-12-26 23:00:00,subway,423,"Allerton Av (2,5)",Bronx,6.0
2023-12-26 23:00:00,subway,419,"225 St (2,5)",Bronx,2.0
2023-12-26 23:00:00,subway,416,Wakefield-241 St (2),Bronx,7.0
2023-12-26 23:00:00,subway,407,Astor Pl (6),Manhattan,99.0
2023-12-26 23:00:00,subway,396,96 St (6),Manhattan,54.0
2023-12-26 23:00:00,subway,369,Elder Av (6),Bronx,3.0
2023-12-26 23:00:00,subway,392,"125 St (4,5,6)",Manhattan,4.0
2023-12-26 23:00:00,subway,39,Bay Ridge-95 St (R),Brooklyn,4.0
2023-12-26 23:00:00,subway,377,3 Av-138 St (6),Bronx,3.0
2023-12-26 23:00:00,subway,369,Elder Av (6),Bronx,4.0
2023-12-26 23:00:00,subway,369,Elder Av (6),Bronx,1.0
2023-12-26 23:00:00,subway,362,Middletown Rd (6),Bronx,2.0
2023-12-26 23:00:00,subway,360,Pelham Bay Park (6),Bronx,4.0
2023-12-26 23:00:00,subway,452,90 St-Elmhurst Av (7),Queens,1.0
2023-12-26 23:00:00,subway,394,110 St (6),Manhattan,15.0
2023-12-26 23:00:00,subway,452,90 St-Elmhurst Av (7),Queens,1.0
2023-12-26 23:00:00,subway,623,"Canal St (J,N,Q,R,W,Z,6)",Manhattan,35.0
2023-12-26 23:00:00,subway,464,Vernon Blvd-Jackson Av (7),Queens,1.0
2023-12-26 23:00:00,subway,346,Sutter Av-Rutland Rd (3),Brooklyn,6.0
2023-12-26 23:00:00,subway,93,"Chauncey St (J,Z)",Brooklyn,1.0
2023-12-26 23:00:00,subway,9,"57 St-7 Av (N,Q,R,W)",Manhattan,108.0
2023-12-26 23:00:00,subway,80,"121 St (J,Z)",Queens,2.0
2023-12-26 23:00:00,subway,66,18 Av (D),Brooklyn,10.0
2023-12-26 23:00:00,subway,629,Lorimer St (L)/Metropolitan Av (G),Brooklyn,9.0
2023-12-26 23:00:00,subway,628,"Fulton St (A,C,J,Z,2,3,4,5)",Manhattan,61.0
2023-12-26 23:00:00,subway,626,"Franklin Av (2,3,4,5)/Botanic Garden (S)",Brooklyn,8.0
2023-12-26 23:00:00,subway,461,"Queensboro Plaza (7,N,W)",Queens,10.0
2023-12-26 23:00:00,subway,62,55 St (D),Brooklyn,2.0
2023-12-26 23:00:00,subway,96,Kosciuszko St (J),Brooklyn,2.0
2023-12-26 23:00:00,subway,608,"4 Av (F,G)/9 St (R)",Brooklyn,13.0
2023-12-26 23:00:00,subway,601,"14 St (F,M,1,2,3)/6 Av (L)",Manhattan,29.0
2023-12-26 23:00:00,subway,59,9 Av (D),Brooklyn,4.0
2023-12-26 23:00:00,subway,57,"W 8 St-NY Aquarium (F,Q)",Brooklyn,1.0
2023-12-26 23:00:00,subway,55,"Brighton Beach (B,Q)",Brooklyn,1.0
2023-12-26 23:00:00,subway,5,"36 Av (N,W)",Queens,5.0
2023-12-26 23:00:00,subway,464,Vernon Blvd-Jackson Av (7),Queens,52.0
2023-12-26 23:00:00,subway,617,"Atlantic Av-Barclays Ctr (B,D,N,Q,R,2,3,4,5)",Brooklyn,25.0
2023-12-26 23:00:00,subway,345,"Crown Hts-Utica Av (3,4)",Brooklyn,14.0
2023-12-26 23:00:00,subway,610,"Grand Central-42 St (S,4,5,6,7)",Manhattan,223.0
2023-12-26 23:00:00,subway,329,Rector St (1),Manhattan,12.0
2023-12-26 23:00:00,subway,198,Howard Beach-JFK Airport (A),Queens,1.0
2023-12-26 23:00:00,subway,195,Ozone Park-Lefferts Blvd (A),Queens,2.0
2023-12-26 23:00:00,subway,187,Shepherd Av (C),Brooklyn,5.0
2023-12-26 23:00:00,subway,179,"Nostrand Av (A,C)",Brooklyn,6.0
2023-12-26 23:00:00,subway,175,"Hoyt-Schermerhorn Sts (A,C,G)",Brooklyn,1.0
2023-12-26 23:00:00,subway,169,"Canal St (A,C,E)",Manhattan,112.0
2023-12-26 23:00:00,subway,167,"W 4 St-Wash Sq (A,C,E,B,D,F,M)",Manhattan,14.0
2023-12-26 23:00:00,subway,167,"W 4 St-Wash Sq (A,C,E,B,D,F,M)",Manhattan,21.0
2023-12-26 23:00:00,subway,20,"City Hall (R,W)",Manhattan,6.0
2023-12-26 23:00:00,subway,16,"8 St-NYU (R,W)",Manhattan,3.0
2023-12-26 23:00:00,subway,151,"145 St (A,C,B,D)",Manhattan,6.0
2023-12-26 23:00:00,subway,138,Canarsie-Rockaway Pkwy (L),Brooklyn,6.0
2023-12-26 23:00:00,subway,131,Bushwick Av-Aberdeen St (L),Brooklyn,1.0
2023-12-26 23:00:00,subway,126,Jefferson St (L),Brooklyn,1.0
2023-12-26 23:00:00,subway,100,"Hewes St (M,J)",Brooklyn,8.0
2023-12-26 23:00:00,subway,10,"49 St (N,R,W)",Manhattan,3.0
2023-12-26 23:00:00,staten_island_railway,501,St George (SIR),Staten Island,7.0
2023-12-26 23:00:00,subway,33,45 St (R),Brooklyn,3.0
2023-12-26 23:00:00,subway,156,"103 St (C,B)",Manhattan,7.0
2023-12-26 23:00:00,subway,205,Beach 60 St (A),Queens,1.0
2023-12-26 23:00:00,subway,107,"Broad St (J,Z)",Manhattan,6.0
2023-12-26 23:00:00,subway,209,Far Rockaway-Mott Av (A),Queens,8.0
2023-12-26 23:00:00,subway,208,Beach 25 St (A),Queens,4.0
2023-12-26 23:00:00,subway,301,181 St (1),Manhattan,18.0
2023-12-26 23:00:00,subway,319,28 St (1),Manhattan,56.0
2023-12-26 23:00:00,subway,296,Marble Hill-225 St (1),Manhattan,1.0
2023-12-26 23:00:00,subway,294,238 St (1),Bronx,9.0
2023-12-26 23:00:00,subway,289,Bedford-Nostrand Avs (G),Brooklyn,28.0
2023-12-26 23:00:00,subway,289,Bedford-Nostrand Avs (G),Brooklyn,7.0
2023-12-26 23:00:00,subway,278,"Jamaica Center-Parsons/Archer (E,J,Z)",Queens,31.0
2023-12-26 23:00:00,subway,262,"67 Av (M,R)",Queens,5.0
2023-12-26 23:00:00,subway,301,181 St (1),Manhattan,1.0
2023-12-26 23:00:00,subway,258,"Briarwood (E,F)",Queens,1.0
2023-12-26 23:00:00,subway,261,"Forest Hills-71 Av (E,F,M,R)",Queens,8.0
2023-12-26 23:00:00,subway,225,"47-50 Sts-Rockefeller Ctr (B,D,F,M)",Manhattan,27.0
2023-12-26 23:00:00,subway,225,"47-50 Sts-Rockefeller Ctr (B,D,F,M)",Manhattan,34.0
2023-12-26 23:00:00,subway,223,"Lexington Av/63 St (F,Q)",Manhattan,8.0
2023-12-26 23:00:00,subway,242,"Fort Hamilton Pkwy (F,G)",Brooklyn,2.0
2023-12-26 23:00:00,subway,249,Avenue P (F),Brooklyn,2.0
2023-12-26 23:00:00,subway,257,Sutphin Blvd (F),Queens,4.0
2023-12-26 23:00:00,subway,236,"Bergen St (F,G)",Brooklyn,1.0
2023-12-26 23:00:00,subway,218,"167 St (B,D)",Bronx,2.0
2023-12-27 00:00:00,subway,210,Norwood-205 St (D),Bronx,1.0
2023-12-27 00:00:00,subway,277,"7 Av (E,B,D)",Manhattan,32.0
2023-12-27 00:00:00,subway,225,"47-50 Sts-Rockefeller Ctr (B,D,F,M)",Manhattan,27.0
2023-12-27 00:00:00,subway,241,"15 St-Prospect Park (F,G)",Brooklyn,1.0
2023-12-27 00:00:00,subway,258,"Briarwood (E,F)",Queens,1.0
2023-12-27 00:00:00,subway,269,"Northern Blvd (M,R)",Queens,1.0
2023-12-27 00:00:00,subway,271,"Steinway St (M,R)",Queens,2.0
2023-12-27 00:00:00,subway,280,Jamaica-Van Wyck (E),Queens,5.0
2023-12-27 00:00:00,subway,279,"Sutphin Blvd-Archer Av-JFK Airport (E,J,Z)",Queens,25.0
2023-12-27 00:00:00,subway,279,"Sutphin Blvd-Archer Av-JFK Airport (E,J,Z)",Queens,78.0
2023-12-27 00:00:00,subway,297,215 St (1),Manhattan,2.0
2023-12-27 00:00:00,subway,305,137 St-City College (1),Manhattan,1.0
2023-12-27 00:00:00,subway,306,125 St (1),Manhattan,4.0
2023-12-27 00:00:00,subway,307,116 St-Columbia University (1),Manhattan,16.0
2023-12-27 00:00:00,subway,278,"Jamaica Center-Parsons/Archer (E,J,Z)",Queens,6.0
2023-12-27 00:00:00,subway,2,"Astoria Blvd (N,W)",Queens,1.0
2023-12-27 00:00:00,subway,71,8 Av (N),Brooklyn,4.0
2023-12-27 00:00:00,subway,169,"Canal St (A,C,E)",Manhattan,12.0
2023-12-27 00:00:00,subway,309,103 St (1),Manhattan,2.0
2023-12-27 00:00:00,subway,42,"Prospect Park (B,Q,S)",Brooklyn,3.0
2023-12-27 00:00:00,subway,451,Junction Blvd (7),Queens,4.0
2023-12-27 00:00:00,subway,607,"34 St-Herald Sq (B,D,F,M,N,Q,R,W)",Manhattan,404.0
2023-12-27 00:00:00,subway,611,"Times Sq-42 St (N,Q,R,W,S,1,2,3,7)/42 St (A,C,E)",Manhattan,71.0
2023-12-27 00:00:00,subway,611,"Times Sq-42 St (N,Q,R,W,S,1,2,3,7)/42 St (A,C,E)",Manhattan,369.0
2023-12-27 00:00:00,subway,617,"Atlantic Av-Barclays Ctr (B,D,N,Q,R,2,3,4,5)",Brooklyn,7.0
2023-12-27 00:00:00,subway,62,55 St (D),Brooklyn,1.0
2023-12-27 00:00:00,subway,77,Kings Hwy (N),Brooklyn,3.0
2023-12-27 00:00:00,subway,107,"Broad St (J,Z)",Manhattan,14.0
2023-12-27 00:00:00,subway,107,"Broad St (J,Z)",Manhattan,1.0
2023-12-27 00:00:00,subway,13,"28 St (R,W)",Manhattan,1.0
2023-12-27 00:00:00,subway,133,Atlantic Av (L),Brooklyn,3.0
2023-12-27 00:00:00,subway,160,"72 St (C,B)",Manhattan,4.0
2023-12-27 00:00:00,subway,167,"W 4 St-Wash Sq (A,C,E,B,D,F,M)",Manhattan,8.0
2023-12-27 00:00:00,subway,198,Howard Beach-JFK Airport (A),Queens,35.0
2023-12-27 00:00:00,subway,309,103 St (1),Manhattan,7.0
2023-12-27 00:00:00,subway,432,"Prospect Av (2,5)",Bronx,2.0
2023-12-27 00:00:00,subway,313,"72 St (1,2,3)",Manhattan,60.0
2023-12-27 00:00:00,subway,438,"135 St (2,3)",Manhattan,13.0
2023-12-27 00:00:00,subway,453,82 St-Jackson Hts (7),Queens,7.0
2023-12-27 00:00:00,subway,456,61 St-Woodside (7),Queens,3.0
2023-12-27 00:00:00,subway,461,"Queensboro Plaza (7,N,W)",Queens,3.0
2023-12-27 00:00:00,subway,606,"Court Sq (E,G,M,7)",Queens,6.0
2023-12-27 00:00:00,subway,608,"4 Av (F,G)/9 St (R)",Brooklyn,6.0
2023-12-27 00:00:00,subway,609,"Bryant Pk (B,D,F,M)/5 Av (7)",Manhattan,15.0
2023-12-27 00:00:00,subway,612,"Lexington Av-53 St (E,M)/51 St (6)",Manhattan,145.0
2023-12-27 00:00:00,subway,628,"Fulton St (A,C,J,Z,2,3,4,5)",Manhattan,4.0
2023-12-27 00:00:00,subway,629,Lorimer St (L)/Metropolitan Av (G),Brooklyn,7.0
2023-12-27 00:00:00,subway,67,20 Av (D),Brooklyn,1.0
2023-12-27 00:00:00,subway,74,18 Av (N),Brooklyn,1.0
2023-12-27 00:00:00,subway,77,Kings Hwy (N),Brooklyn,1.0
2023-12-27 00:00:00,subway,79,86 St (N),Brooklyn,1.0
2023-12-27 00:00:00,subway,87,"Crescent St (J,Z)",Brooklyn,3.0
2023-12-27 00:00:00,subway,38,86 St (R),Brooklyn,3.0
2023-12-27 00:00:00,subway,311,86 St (1),Manhattan,2.0
2023-12-27 00:00:00,subway,430,"Simpson St (2,5)",Bronx,4.0
2023-12-27 00:00:00,subway,419,"225 St (2,5)",Bronx,1.0
2023-12-27 00:00:00,subway,33,45 St (R),Brooklyn,1.0
2023-12-27 00:00:00,subway,345,"Crown Hts-Utica Av (3,4)",Brooklyn,2.0
2023-12-27 00:00:00,subway,347,Saratoga Av (3),Brooklyn,1.0
2023-12-27 00:00:00,subway,353,"President St-Medgar Evers College (2,5)",Brooklyn,2.0
2023-12-27 00:00:00,subway,353,"President St-Medgar Evers College (2,5)",Brooklyn,2.0
2023-12-27 00:00:00,subway,354,"Sterling St (2,5)",Brooklyn,1.0
2023-12-27 00:00:00,subway,360,Pelham Bay Park (6),Bronx,1.0
2023-12-27 00:00:00,subway,363,Westchester Sq-E Tremont Av (6),Bronx,1.0
2023-12-27 00:00:00,subway,370,Whitlock Av (6),Bronx,1.0
2023-12-27 00:00:00,subway,38,86 St (R),Brooklyn,2.0
2023-12-27 00:00:00,subway,381,Kingsbridge Rd (4),Bronx,2.0
2023-12-27 00:00:00,subway,383,183 St (4),Bronx,1.0
2023-12-27 00:00:00,subway,384,Burnside Av (4),Bronx,5.0
2023-12-27 00:00:00,subway,395,103 St (6),Manhattan,12.0
2023-12-27 00:00:00,subway,416,Wakefield-241 St (2),Bronx,1.0
2023-12-27 00:00:00,subway,427,"West Farms Sq-E Tremont Av (2,5)",Bronx,3.0
2023-12-27 00:00:00,subway,327,"Chambers St (1,2,3)",Manhattan,5.0
2023-12-27 00:00:00,subway,605,"168 St (A,C,1)",Manhattan,14.0
2023-12-27 00:00:00,subway,319,28 St (1),Manhattan,2.0
2023-12-27 00:00:00,subway,235,York St (F),Brooklyn,3.0
2023-12-27 00:00:00,subway,249,Avenue P (F),Brooklyn,1.0
2023-12-27 00:00:00,subway,254,Jamaica-179 St (F),Queens,1.0
2023-12-27 00:00:00,subway,264,"Woodhaven Blvd (M,R)",Queens,1.0
2023-12-27 00:00:00,subway,125,Morgan Av (L),Brooklyn,1.0
2023-12-27 00:00:00,subway,266,"Elmhurst Av (M,R)",Queens,2.0
2023-12-27 00:00:00,subway,273,"Queens Plaza (E,M,R)",Queens,11.0
2023-12-27 00:00:00,subway,276,"5 Av/53 St (E,M)",Manhattan,16.0
2023-12-27 00:00:00,subway,278,"Jamaica Center-Parsons/Archer (E,J,Z)",Queens,11.0
2023-12-27 00:00:00,subway,295,231 St (1),Bronx,6.0
2023-12-27 00:00:00,subway,312,79 St (1),Manhattan,1.0
2023-12-27 00:00:00,subway,316,50 St (1),Manhattan,64.0
2023-12-27 00:00:00,subway,316,50 St (1),Manhattan,61.0
2023-12-27 00:00:00,subway,318,"34 St-Penn Station (1,2,3)",Manhattan,108.0
2023-12-27 00:00:00,subway,320,23 St (1),Manhattan,5.0
2023-12-27 00:00:00,subway,234,East Broadway (F),Manhattan,3.0
2023-12-27 00:00:00,subway,327,"Chambers St (1,2,3)",Manhattan,1.0
2023-12-27 00:00:00,subway,231,"Grand St (B,D)",Manhattan,10.0
2023-12-27 00:00:00,subway,217,"170 St (B,D)",Bronx,1.0
2023-12-27 00:00:00,tram,TRAM2,RI Tramway (Roosevelt),Manhattan,2.0
2023-12-27 00:00:00,subway,126,Jefferson St (L),Brooklyn,2.0
2023-12-27 00:00:00,subway,147,175 St (A),Manhattan,3.0
2023-12-27 00:00:00,subway,158,"86 St (C,B)",Manhattan,3.0
2023-12-27 00:00:00,subway,16,"8 St-NYU (R,W)",Manhattan,9.0
2023-12-27 00:00:00,subway,167,"W 4 St-Wash Sq (A,C,E,B,D,F,M)",Manhattan,41.0
2023-12-27 00:00:00,subway,168,"Spring St (C,E)",Manhattan,1.0
2023-12-27 00:00:00,subway,176,Lafayette Av (C),Brooklyn,1.0
2023-12-27 00:00:00,subway,179,"Nostrand Av (A,C)",Brooklyn,12.0
2023-12-27 00:00:00,subway,182,Ralph Av (C),Brooklyn,2.0
2023-12-27 00:00:00,subway,188,"Euclid Av (A,C)",Brooklyn,6.0
2023-12-27 00:00:00,subway,190,80 St (A),Queens,1.0
2023-12-27 00:00:00,subway,196,Aqueduct Racetrack (A),Queens,1.0
2023-12-27 00:00:00,subway,212,"Kingsbridge Rd (B,D)",Bronx,2.0
2023-12-27 00:00:00,subway,217,"170 St (B,D)",Bronx,2.0
2023-12-27 00:00:00,subway,22,"Rector St (R,W)",Manhattan,1.0
2023-12-27 00:00:00,subway,32,"36 St (D,N,R)",Brooklyn,10.0
2023-12-27 00:00:00,subway,34,53 St (R),Brooklyn,1.0
2023-12-27 00:00:00,subway,344,Kingston Av (3),Brooklyn,1.0
2023-12-27 00:00:00,subway,635,"South Ferry (1)/Whitehall St (R,W)",Manhattan,31.0
2023-12-27 00:00:00,subway,636,"Jay St-MetroTech (A,C,F,R)",Brooklyn,51.0
2023-12-27 00:00:00,subway,66,18 Av (D),Brooklyn,1.0
2023-12-27 00:00:00,subway,9,"57 St-7 Av (N,Q,R,W)",Manhattan,36.0
2023-12-27 00:00:00,tram,TRAM1,RI Tramway (Manhattan),Manhattan,8.0
2023-12-27 00:00:00,subway,101,"Marcy Av (M,J,Z)",Brooklyn,10.0
2023-12-27 00:00:00,subway,1,"Astoria-Ditmars Blvd (N,W)",Queens,2.0
2023-12-27 00:00:00,subway,103,"Bowery (J,Z)",Manhattan,3.0
2023-12-27 00:00:00,subway,123,Grand St (L),Brooklyn,3.0
2023-12-27 00:00:00,subway,160,"72 St (C,B)",Manhattan,1.0
2023-12-27 00:00:00,subway,164,"34 St-Penn Station (A,C,E)",Manhattan,78.0
2023-12-27 00:00:00,subway,181,"Utica Av (A,C)",Brooklyn,7.0
2023-12-27 00:00:00,subway,182,Ralph Av (C),Brooklyn,3.0
2023-12-27 00:00:00,subway,192,Rockaway Blvd (A),Queens,1.0
2023-12-27 00:00:00,subway,210,Norwood-205 St (D),Bronx,1.0
2023-12-27 00:00:00,subway,627,"Franklin Av (C,S)",Brooklyn,3.0
2023-12-27 00:00:00,subway,343,Nostrand Av (3),Brooklyn,3.0
2023-12-27 00:00:00,subway,624,"Chambers St (A,C)/WTC (E)/Park Pl (2,3)/Cortlandt (R,W)",Manhattan,1.0
2023-12-27 00:00:00,subway,615,New Utrecht Av (N)/62 St (D),Brooklyn,1.0
2023-12-27 00:00:00,subway,360,Pelham Bay Park (6),Bronx,5.0
2023-12-27 00:00:00,subway,361,Buhre Av (6),Bronx,3.0
2023-12-27 00:00:00,subway,368,Morrison Av-Soundview (6),Bronx,5.0
2023-12-27 00:00:00,subway,369,Elder Av (6),Bronx,1.0
2023-12-27 00:00:00,subway,371,Hunts Point Av (6),Bronx,7.0
2023-12-27 00:00:00,subway,379,Mosholu Pkwy (4),Bronx,1.0
2023-12-27 00:00:00,subway,409,Spring St (6),Manhattan,2.0
2023-12-27 00:00:00,subway,414,"Bowling Green (4,5)",Manhattan,21.0
2023-12-27 00:00:00,subway,427,"West Farms Sq-E Tremont Av (2,5)",Bronx,5.0
2023-12-27 00:00:00,subway,440,"116 St (2,3)",Manhattan,3.0
2023-12-27 00:00:00,subway,452,90 St-Elmhurst Av (7),Queens,6.0
2023-12-27 00:00:00,subway,46,Cortelyou Rd (Q),Brooklyn,2.0
2023-12-27 00:00:00,subway,471,34 St-Hudson Yards (7),Manhattan,16.0
2023-12-27 00:00:00,subway,477,72 St (Q),Manhattan,1.0
2023-12-27 00:00:00,subway,54,"Sheepshead Bay (B,Q)",Brooklyn,1.0
2023-12-27 00:00:00,subway,616,"74-Broadway (7)/Jackson Hts-Roosevelt Av (E,F,M,R)",Queens,9.0
2023-12-27 00:00:00,subway,9,"57 St-7 Av (N,Q,R,W)",Manhattan,47.0
2023-12-27 00:00:00,staten_island_railway,501,St George (SIR),Staten Island,20.0
2023-12-27 00:00:00,subway,636,"Jay St-MetroTech (A,C,F,R)",Brooklyn,14.0
2023-12-27 00:00:00,subway,351,Van Siclen Av (3),Brooklyn,1.0
2023-12-27 00:00:00,subway,341,"Eastern Pkwy-Brooklyn Museum (2,3)",Brooklyn,2.0
2023-12-27 00:00:00,subway,34,53 St (R),Brooklyn,2.0
2023-12-27 00:00:00,subway,329,Rector St (1),Manhattan,4.0
2023-12-27 00:00:00,subway,327,"Chambers St (1,2,3)",Manhattan,28.0
2023-12-27 00:00:00,subway,326,Franklin St (1),Manhattan,1.0
2023-12-27 00:00:00,subway,321,18 St (1),Manhattan,3.0
2023-12-27 00:00:00,subway,32,"36 St (D,N,R)",Brooklyn,5.0
2023-12-27 00:00:00,subway,311,86 St (1),Manhattan,12.0
2023-12-27 00:00:00,subway,31,25 St (R),Brooklyn,1.0
2023-12-27 00:00:00,subway,306,125 St (1),Manhattan,2.0
2023-12-27 00:00:00,subway,304,145 St (1),Manhattan,5.0
2023-12-27 00:00:00,subway,299,Dyckman St (1),Manhattan,1.0
2023-12-27 00:00:00,subway,299,Dyckman St (1),Manhattan,1.0
2023-12-27 00:00:00,subway,283,Greenpoint Av (G),Brooklyn,1.0
2023-12-27 00:00:00,subway,28,Union St (R),Brooklyn,5.0
2023-12-27 00:00:00,subway,276,"5 Av/53 St (E,M)",Manhattan,3.0
2023-12-27 00:00:00,subway,272,"36 St (M,R)",Queens,2.0
2023-12-27 00:00:00,subway,270,"46 St (M,R)",Queens,1.0
2023-12-27 00:00:00,subway,269,"Northern Blvd (M,R)",Queens,3.0
2023-12-27 00:00:00,subway,264,"Woodhaven Blvd (M,R)",Queens,5.0
2023-12-27 00:00:00,subway,259,"Kew Gardens-Union Tpke (E,F)",Queens,3.0
2023-12-27 00:00:00,subway,228,"23 St (F,M)",Manhattan,12.0
2023-12-27 00:00:00,subway,22,"Rector St (R,W)",Manhattan,6.0
2023-12-27 00:00:00,subway,196,Aqueduct Racetrack (A),Queens,2.0
2023-12-27 00:00:00,subway,352,New Lots Av (3),Brooklyn,2.0
2023-12-27 00:00:00,subway,354,"Sterling St (2,5)",Brooklyn,1.0
2023-12-27 00:00:00,subway,36,Bay Ridge Av (R),Brooklyn,1.0
2023-12-27 00:00:00,subway,367,St Lawrence Av (6),Bronx,1.0
2023-12-27 00:00:00,subway,123,Grand St (L),Brooklyn,3.0
2023-12-27 00:00:00,subway,629,Lorimer St (L)/Metropolitan Av (G),Brooklyn,10.0
2023-12-27 00:00:00,subway,624,"Chambers St (A,C)/WTC (E)/Park Pl (2,3)/Cortlandt (R,W)",Manhattan,5.0
2023-12-27 00:00:00,subway,620,"Court St (R)/Borough Hall (2,3,4,5)",Brooklyn,5.0
2023-12-27 00:00:00,subway,618,"14 St (A,C,E)/8 Av (L)",Manhattan,5.0
2023-12-27 00:00:00,subway,615,New Utrecht Av (N)/62 St (D),Brooklyn,3.0
2023-12-27 00:00:00,subway,612,"Lexington Av-53 St (E,M)/51 St (6)",Manhattan,41.0
2023-12-27 00:00:00,subway,58,"Coney Island-Stillwell Av (D,F,N,Q)",Brooklyn,40.0
2023-12-27 00:00:00,subway,50,Avenue M (Q),Brooklyn,1.0
2023-12-27 00:00:00,subway,463,Hunters Point Av (7),Queens,3.0
2023-12-27 00:00:00,subway,460,33 St-Rawson St (7),Queens,2.0
2023-12-27 00:00:00,subway,458,46 St-Bliss St (7),Queens,15.0
2023-12-27 00:00:00,subway,179,"Nostrand Av (A,C)",Brooklyn,10.0
2023-12-27 00:00:00,subway,450,103 St-Corona Plaza (7),Queens,12.0
2023-12-27 00:00:00,subway,447,Flushing-Main St (7),Queens,7.0
2023-12-27 00:00:00,subway,44,"Church Av (B,Q)",Brooklyn,6.0
2023-12-27 00:00:00,subway,439,"125 St (2,3)",Manhattan,22.0
2023-12-27 00:00:00,subway,424,"Pelham Pkwy (2,5)",Bronx,3.0
2023-12-27 00:00:00,subway,399,68 St-Hunter College (6),Manhattan,12.0
2023-12-27 00:00:00,subway,397,"86 St (4,5,6)",Manhattan,13.0
2023-12-27 00:00:00,subway,396,96 St (6),Manhattan,5.0
2023-12-27 00:00:00,subway,392,"125 St (4,5,6)",Manhattan,7.0
2023-12-27 00:00:00,subway,39,Bay Ridge-95 St (R),Brooklyn,1.0
2023-12-27 00:00:00,subway,386,Mt Eden Av (4),Bronx,4.0
2023-12-27 00:00:00,subway,385,176 St (4),Bronx,2.0
2023-12-27 00:00:00,subway,37,77 St (R),Brooklyn,2.0
2023-12-27 00:00:00,subway,448,Mets-Willets Point (7),Queens,1.0
2023-12-27 00:00:00,subway,168,"Spring St (C,E)",Manhattan,8.0
2023-12-27 00:00:00,subway,37,77 St (R),Brooklyn,3.0
2023-12-27 00:00:00,subway,160,"72 St (C,B)",Manhattan,1.0
2023-12-27 00:00:00,subway,154,"116 St (C,B)",Manhattan,4.0
2023-12-27 00:00:00,subway,8,"5 Av/59 St (N,R,W)",Manhattan,3.0
2023-12-27 00:00:00,subway,151,"145 St (A,C,B,D)",Manhattan,8.0
2023-12-27 00:00:00,subway,147,175 St (A),Manhattan,7.0
2023-12-27 00:00:00,subway,137,East 105 St (L),Brooklyn,1.0
2023-12-27 00:00:00,subway,136,New Lots Av (L),Brooklyn,5.0
2023-12-27 00:00:00,subway,126,Jefferson St (L),Brooklyn,26.0
2023-12-27 00:00:00,subway,123,Grand St (L),Brooklyn,3.0
2023-12-27 00:00:00,subway,103,"Bowery (J,Z)",Manhattan,4.0
2023-12-27 00:00:00,subway,10,"49 St (N,R,W)",Manhattan,25.0
2023-12-27 00:00:00,subway,119,1 Av (L),Manhattan,1.0
2023-12-27 00:00:00,subway,157,"96 St (C,B)",Manhattan,1.0
2023-12-27 00:00:00,subway,162,"50 St (C,E)",Manhattan,10.0
2023-12-27 00:00:00,subway,10,"49 St (N,R,W)",Manhattan,6.0
2023-12-27 00:00:00,subway,157,"96 St (C,B)",Manhattan,2.0
2023-12-27 00:00:00,subway,158,"86 St (C,B)",Manhattan,2.0
2023-12-27 00:00:00,subway,158,"86 St (C,B)",Manhattan,2.0
2023-12-27 01:00:00,subway,409,Spring St (6),Manhattan,2.0
2023-12-27 01:00:00,subway,404,28 St (6),Manhattan,3.0
2023-12-27 01:00:00,subway,403,33 St (6),Manhattan,3.0
2023-12-27 01:00:00,subway,403,33 St (6),Manhattan,2.0
2023-12-27 01:00:00,subway,4,"Broadway (N,W)",Queens,2.0
2023-12-27 01:00:00,subway,399,68 St-Hunter College (6),Manhattan,2.0
2023-12-27 01:00:00,subway,371,Hunts Point Av (6),Bronx,4.0
2023-12-27 01:00:00,subway,334,"Clark St (2,3)",Brooklyn,3.0
2023-12-27 01:00:00,subway,307,116 St-Columbia University (1),Manhattan,2.0
2023-12-27 01:00:00,subway,253,Neptune Av (F),Brooklyn,1.0
2023-12-27 01:00:00,subway,257,Sutphin Blvd (F),Queens,1.0
2023-12-27 01:00:00,subway,26,"DeKalb Av (B,Q,R)",Brooklyn,8.0
2023-12-27 01:00:00,subway,295,231 St (1),Bronx,2.0
2023-12-27 01:00:00,subway,413,"Wall St (4,5)",Manhattan,1.0
2023-12-27 01:00:00,subway,325,Canal St (1),Manhattan,1.0
2023-12-27 01:00:00,subway,319,28 St (1),Manhattan,18.0
2023-12-27 01:00:00,subway,311,86 St (1),Manhattan,1.0
2023-12-27 01:00:00,subway,299,Dyckman St (1),Manhattan,6.0
2023-12-27 01:00:00,subway,424,"Pelham Pkwy (2,5)",Bronx,2.0
2023-12-27 01:00:00,subway,56,Ocean Pkwy (Q),Brooklyn,2.0
2023-12-27 01:00:00,subway,475,96 St (Q),Manhattan,2.0
2023-12-27 01:00:00,subway,143,Inwood-207 St (A),Manhattan,2.0
2023-12-27 01:00:00,subway,156,"103 St (C,B)",Manhattan,1.0
2023-12-27 01:00:00,subway,165,"23 St (C,E)",Manhattan,8.0
2023-12-27 01:00:00,subway,168,"Spring St (C,E)",Manhattan,2.0
2023-12-27 01:00:00,subway,17,"Prince St (R,W)",Manhattan,3.0
2023-12-27 01:00:00,subway,17,"Prince St (R,W)",Manhattan,3.0
2023-12-27 01:00:00,subway,191,88 St (A),Queens,1.0
2023-12-27 01:00:00,subway,195,Ozone Park-Lefferts Blvd (A),Queens,1.0
2023-12-27 01:00:00,subway,195,Ozone Park-Lefferts Blvd (A),Queens,3.0
2023-12-27 01:00:00,subway,22,"Rector St (R,W)",Manhattan,2.0
2023-12-27 01:00:00,subway,220,"155 St (B,D)",Manhattan,1.0
2023-12-27 01:00:00,subway,247,Bay Pkwy (F),Brooklyn,2.0
2023-12-27 01:00:00,subway,273,"Queens Plaza (E,M,R)",Queens,4.0
2023-12-27 01:00:00,subway,293,Van Cortlandt Park-242 St (1),Bronx,2.0
2023-12-27 01:00:00,subway,310,"96 St (1,2,3)",Manhattan,12.0
2023-12-27 01:00:00,subway,314,66 St-Lincoln Center (1),Manhattan,1.0
2023-12-27 01:00:00,tram,TRAM2,RI Tramway (Roosevelt),Manhattan,5.0
2023-12-27 01:00:00,tram,TRAM1,RI Tramway (Manhattan),Manhattan,6.0
2023-12-27 01:00:00,subway,99,"Lorimer St (M,J)",Brooklyn,9.0
2023-12-27 01:00:00,subway,98,"Flushing Av (M,J)",Brooklyn,2.0
2023-12-27 01:00:00,subway,94,Halsey St (J),Brooklyn,2.0
2023-12-27 01:00:00,subway,80,"121 St (J,Z)",Queens,1.0
2023-12-27 01:00:00,subway,76,Bay Pkwy (N),Brooklyn,11.0
2023-12-27 01:00:00,subway,620,"Court St (R)/Borough Hall (2,3,4,5)",Brooklyn,10.0
2023-12-27 01:00:00,subway,616,"74-Broadway (7)/Jackson Hts-Roosevelt Av (E,F,M,R)",Queens,1.0
2023-12-27 01:00:00,subway,613,"Lexington Av (N,R,W)/59 St (4,5,6)",Manhattan,24.0
2023-12-27 01:00:00,subway,609,"Bryant Pk (B,D,F,M)/5 Av (7)",Manhattan,16.0
2023-12-27 01:00:00,subway,605,"168 St (A,C,1)",Manhattan,2.0
2023-12-27 01:00:00,subway,250,Kings Hwy (F),Brooklyn,2.0
2023-12-27 01:00:00,subway,429,"Freeman St (2,5)",Bronx,1.0
2023-12-27 01:00:00,subway,248,Avenue N (F),Brooklyn,4.0
2023-12-27 01:00:00,subway,136,New Lots Av (L),Brooklyn,3.0
2023-12-27 01:00:00,subway,188,"Euclid Av (A,C)",Brooklyn,2.0
2023-12-27 01:00:00,subway,447,Flushing-Main St (7),Queens,19.0
2023-12-27 01:00:00,subway,54,"Sheepshead Bay (B,Q)",Brooklyn,3.0
2023-12-27 01:00:00,subway,635,"South Ferry (1)/Whitehall St (R,W)",Manhattan,14.0
2023-12-27 01:00:00,subway,69,25 Av (D),Brooklyn,2.0
2023-12-27 01:00:00,subway,635,"South Ferry (1)/Whitehall St (R,W)",Manhattan,4.0
2023-12-27 01:00:00,subway,628,"Fulton St (A,C,J,Z,2,3,4,5)",Manhattan,10.0
2023-12-27 01:00:00,subway,616,"74-Broadway (7)/Jackson Hts-Roosevelt Av (E,F,M,R)",Queens,19.0
2023-12-27 01:00:00,subway,51,"Kings Hwy (B,Q)",Brooklyn,1.0
2023-12-27 01:00:00,subway,47,"Newkirk Plaza (B,Q)",Brooklyn,1.0
2023-12-27 01:00:00,subway,460,33 St-Rawson St (7),Queens,2.0
2023-12-27 01:00:00,subway,418,"233 St (2,5)",Bronx,1.0
2023-12-27 01:00:00,subway,416,Wakefield-241 St (2),Bronx,2.0
2023-12-27 01:00:00,subway,405,23 St (6),Manhattan,5.0
2023-12-27 01:00:00,subway,403,33 St (6),Manhattan,23.0
2023-12-27 01:00:00,subway,397,"86 St (4,5,6)",Manhattan,6.0
2023-12-27 01:00:00,subway,396,96 St (6),Manhattan,2.0
2023-12-27 01:00:00,subway,367,St Lawrence Av (6),Bronx,1.0
2023-12-27 01:00:00,subway,359,"Flatbush Av-Brooklyn College (2,5)",Brooklyn,6.0
2023-12-27 01:00:00,subway,358,"Newkirk Av-Little Haiti (2,5)",Brooklyn,1.0
2023-12-27 01:00:00,subway,349,Junius St (3),Brooklyn,3.0
2023-12-27 01:00:00,subway,336,"Hoyt St (2,3)",Brooklyn,3.0
2023-12-27 01:00:00,subway,327,"Chambers St (1,2,3)",Manhattan,6.0
2023-12-27 01:00:00,subway,323,Christopher St-Sheridan Sq (1),Manhattan,76.0
2023-12-27 01:00:00,subway,438,"135 St (2,3)",Manhattan,5.0
2023-12-27 01:00:00,subway,433,"Jackson Av (2,5)",Bronx,1.0
2023-12-27 01:00:00,subway,418,"233 St (2,5)",Bronx,2.0
2023-12-27 01:00:00,subway,138,Canarsie-Rockaway Pkwy (L),Brooklyn,3.0
2023-12-27 01:00:00,subway,185,Liberty Av (C),Brooklyn,1.0
2023-12-27 01:00:00,subway,169,"Canal St (A,C,E)",Manhattan,7.0
2023-12-27 01:00:00,subway,167,"W 4 St-Wash Sq (A,C,E,B,D,F,M)",Manhattan,155.0
2023-12-27 01:00:00,subway,144,Dyckman St (A),Manhattan,1.0
2023-12-27 01:00:00,subway,136,New Lots Av (L),Brooklyn,1.0
2023-12-27 01:00:00,subway,134,Sutter Av (L),Brooklyn,1.0
2023-12-27 01:00:00,subway,124,Montrose Av (L),Brooklyn,3.0
2023-12-27 01:00:00,subway,120,Bedford Av (L),Brooklyn,1.0
2023-12-27 01:00:00,subway,114,Central Av (M),Brooklyn,2.0
2023-12-27 01:00:00,staten_island_railway,501,St George (SIR),Staten Island,1.0
2023-12-27 01:00:00,subway,152,"135 St (C,B)",Manhattan,1.0
2023-12-27 01:00:00,subway,198,Howard Beach-JFK Airport (A),Queens,6.0
2023-12-27 01:00:00,subway,153,"125 St (A,C,B,D)",Manhattan,2.0
2023-12-27 01:00:00,subway,157,"96 St (C,B)",Manhattan,1.0
2023-12-27 01:00:00,subway,16,"8 St-NYU (R,W)",Manhattan,1.0
2023-12-27 01:00:00,subway,245,18 Av (F),Brooklyn,2.0
2023-12-27 01:00:00,subway,257,Sutphin Blvd (F),Queens,3.0
2023-12-27 01:00:00,subway,259,"Kew Gardens-Union Tpke (E,F)",Queens,5.0
2023-12-27 01:00:00,subway,292,Fulton St (G),Brooklyn,3.0
2023-12-27 01:00:00,subway,295,231 St (1),Bronx,1.0
2023-12-27 01:00:00,subway,3,"30 Av (N,W)",Queens,5.0
2023-12-27 01:00:00,subway,328,WTC Cortlandt (1),Manhattan,3.0
2023-12-27 01:00:00,subway,343,Nostrand Av (3),Brooklyn,1.0
2023-12-27 01:00:00,subway,356,"Church Av (2,5)",Brooklyn,3.0
2023-12-27 01:00:00,subway,153,"125 St (A,C,B,D)",Manhattan,3.0
2023-12-27 01:00:00,subway,137,East 105 St (L),Brooklyn,3.0
2023-12-27 01:00:00,subway,316,50 St (1),Manhattan,6.0
2023-12-27 01:00:00,subway,84,85 St-Forest Pkwy (J),Queens,1.0
2023-12-27 01:00:00,subway,262,"67 Av (M,R)",Queens,1.0
2023-12-27 01:00:00,subway,280,Jamaica-Van Wyck (E),Queens,1.0
2023-12-27 01:00:00,subway,299,Dyckman St (1),Manhattan,3.0
2023-12-27 01:00:00,subway,308,Cathedral Pkwy (110 St) (1),Manhattan,1.0
2023-12-27 01:00:00,subway,318,"34 St-Penn Station (1,2,3)",Manhattan,5.0
2023-12-27 01:00:00,subway,343,Nostrand Av (3),Brooklyn,4.0
2023-12-27 01:00:00,subway,346,Sutter Av-Rutland Rd (3),Brooklyn,1.0
2023-12-27 01:00:00,subway,35,"59 St (N,R)",Brooklyn,1.0
2023-12-27 01:00:00,subway,361,Buhre Av (6),Bronx,1.0
2023-12-27 01:00:00,subway,377,3 Av-138 St (6),Bronx,2.0
2023-12-27 01:00:00,subway,384,Burnside Av (4),Bronx,1.0
2023-12-27 01:00:00,subway,384,Burnside Av (4),Bronx,1.0
2023-12-27 01:00:00,subway,39,Bay Ridge-95 St (R),Brooklyn,1.0
2023-12-27 01:00:00,subway,398,77 St (6),Manhattan,1.0
2023-12-27 01:00:00,subway,420,"219 St (2,5)",Bronx,1.0
2023-12-27 01:00:00,subway,624,"Chambers St (A,C)/WTC (E)/Park Pl (2,3)/Cortlandt (R,W)",Manhattan,18.0
2023-12-27 01:00:00,subway,624,"Chambers St (A,C)/WTC (E)/Park Pl (2,3)/Cortlandt (R,W)",Manhattan,1.0
2023-12-27 01:00:00,subway,630,"Myrtle-Wyckoff Avs (L,M)",Brooklyn,1.0
2023-12-27 01:00:00,subway,93,"Chauncey St (J,Z)",Brooklyn,1.0
2023-12-27 01:00:00,subway,98,"Flushing Av (M,J)",Brooklyn,2.0
2023-12-27 01:00:00,subway,439,"125 St (2,3)",Manhattan,2.0
2023-12-27 01:00:00,subway,261,"Forest Hills-71 Av (E,F,M,R)",Queens,8.0
2023-12-27 01:00:00,subway,26,"DeKalb Av (B,Q,R)",Brooklyn,1.0
2023-12-27 01:00:00,subway,289,Bedford-Nostrand Avs (G),Brooklyn,7.0
2023-12-27 01:00:00,subway,234,East Broadway (F),Manhattan,8.0
2023-12-27 01:00:00,subway,440,"116 St (2,3)",Manhattan,1.0
2023-12-27 01:00:00,subway,447,Flushing-Main St (7),Queens,3.0
2023-12-27 01:00:00,subway,50,Avenue M (Q),Brooklyn,1.0
2023-12-27 01:00:00,subway,54,"Sheepshead Bay (B,Q)",Brooklyn,4.0
2023-12-27 01:00:00,subway,55,"Brighton Beach (B,Q)",Brooklyn,2.0
2023-12-27 01:00:00,subway,250,Kings Hwy (F),Brooklyn,1.0
2023-12-27 01:00:00,subway,611,"Times Sq-42 St (N,Q,R,W,S,1,2,3,7)/42 St (A,C,E)",Manhattan,15.0
2023-12-27 01:00:00,subway,617,"Atlantic Av-Barclays Ctr (B,D,N,Q,R,2,3,4,5)",Brooklyn,6.0
2023-12-27 01:00:00,subway,617,"Atlantic Av-Barclays Ctr (B,D,N,Q,R,2,3,4,5)",Brooklyn,34.0
2023-12-27 01:00:00,staten_island_railway,501,St George (SIR),Staten Island,10.0
2023-12-27 01:00:00,subway,607,"34 St-Herald Sq (B,D,F,M,N,Q,R,W)",Manhattan,73.0
2023-12-27 01:00:00,subway,164,"34 St-Penn Station (A,C,E)",Manhattan,28.0
2023-12-27 01:00:00,subway,192,Rockaway Blvd (A),Queens,1.0
2023-12-27 01:00:00,subway,196,Aqueduct Racetrack (A),Queens,2.0
2023-12-27 01:00:00,subway,204,Beach 67 St (A),Queens,1.0
2023-12-27 01:00:00,subway,209,Far Rockaway-Mott Av (A),Queens,1.0
2023-12-27 01:00:00,subway,212,"Kingsbridge Rd (B,D)",Bronx,1.0
2023-12-27 01:00:00,subway,218,"167 St (B,D)",Bronx,1.0
2023-12-27 01:00:00,subway,223,"Lexington Av/63 St (F,Q)",Manhattan,1.0
2023-12-27 01:00:00,subway,231,"Grand St (B,D)",Manhattan,15.0
2023-12-27 01:00:00,subway,14,"23 St (R,W)",Manhattan,7.0
2023-12-27 02:00:00,subway,212,"Kingsbridge Rd (B,D)",Bronx,1.0
2023-12-27 02:00:00,subway,151,"145 St (A,C,B,D)",Manhattan,2.0
2023-12-27 02:00:00,subway,143,Inwood-207 St (A),Manhattan,2.0
2023-12-27 02:00:00,subway,14,"23 St (R,W)",Manhattan,2.0
2023-12-27 02:00:00,subway,125,Morgan Av (L),Brooklyn,1.0
2023-12-27 02:00:00,subway,10,"49 St (N,R,W)",Manhattan,10.0
2023-12-27 02:00:00,subway,110,Forest Av (M),Queens,2.0
2023-12-27 02:00:00,subway,10,"49 St (N,R,W)",Manhattan,28.0
2023-12-27 02:00:00,subway,108,Middle Village-Metropolitan Av (M),Queens,3.0
2023-12-27 02:00:00,subway,26,"DeKalb Av (B,Q,R)",Brooklyn,4.0
2023-12-27 02:00:00,subway,122,Graham Av (L),Brooklyn,2.0
2023-12-27 02:00:00,subway,26,"DeKalb Av (B,Q,R)",Brooklyn,1.0
2023-12-27 02:00:00,subway,409,Spring St (6),Manhattan,3.0
2023-12-27 02:00:00,subway,290,Classon Av (G),Brooklyn,1.0
2023-12-27 02:00:00,subway,626,"Franklin Av (2,3,4,5)/Botanic Garden (S)",Brooklyn,2.0
2023-12-27 02:00:00,subway,620,"Court St (R)/Borough Hall (2,3,4,5)",Brooklyn,10.0
2023-12-27 02:00:00,subway,619,"Broadway-Lafayette St (B,D,F,M)/Bleecker St (6)",Manhattan,26.0
2023-12-27 02:00:00,subway,617,"Atlantic Av-Barclays Ctr (B,D,N,Q,R,2,3,4,5)",Brooklyn,15.0
2023-12-27 02:00:00,subway,616,"74-Broadway (7)/Jackson Hts-Roosevelt Av (E,F,M,R)",Queens,14.0
2023-12-27 02:00:00,subway,609,"Bryant Pk (B,D,F,M)/5 Av (7)",Manhattan,2.0
2023-12-27 02:00:00,subway,604,"161 St-Yankee Stadium (B,D,4)",Bronx,6.0
2023-12-27 02:00:00,subway,603,"149 St-Grand Concourse (2,4,5)",Bronx,1.0
2023-12-27 02:00:00,subway,443,Baychester Av (5),Bronx,1.0
2023-12-27 02:00:00,subway,434,"3 Av-149 St (2,5)",Bronx,13.0
2023-12-27 02:00:00,subway,42,"Prospect Park (B,Q,S)",Brooklyn,1.0
2023-12-27 02:00:00,subway,413,"Wall St (4,5)",Manhattan,1.0
2023-12-27 02:00:00,subway,289,Bedford-Nostrand Avs (G),Brooklyn,4.0
2023-12-27 02:00:00,subway,144,Dyckman St (A),Manhattan,1.0
2023-12-27 02:00:00,subway,39,Bay Ridge-95 St (R),Brooklyn,1.0
2023-12-27 02:00:00,subway,382,Fordham Rd (4),Bronx,3.0
2023-12-27 02:00:00,subway,382,Fordham Rd (4),Bronx,3.0
2023-12-27 02:00:00,subway,38,86 St (R),Brooklyn,2.0
2023-12-27 02:00:00,subway,359,"Flatbush Av-Brooklyn College (2,5)",Brooklyn,5.0
2023-12-27 02:00:00,subway,358,"Newkirk Av-Little Haiti (2,5)",Brooklyn,2.0
2023-12-27 02:00:00,subway,347,Saratoga Av (3),Brooklyn,1.0
2023-12-27 02:00:00,subway,345,"Crown Hts-Utica Av (3,4)",Brooklyn,8.0
2023-12-27 02:00:00,subway,345,"Crown Hts-Utica Av (3,4)",Brooklyn,7.0
2023-12-27 02:00:00,subway,327,"Chambers St (1,2,3)",Manhattan,1.0
2023-12-27 02:00:00,subway,323,Christopher St-Sheridan Sq (1),Manhattan,34.0
2023-12-27 02:00:00,subway,312,79 St (1),Manhattan,1.0
2023-12-27 02:00:00,subway,394,110 St (6),Manhattan,1.0
2023-12-27 02:00:00,subway,147,175 St (A),Manhattan,3.0
2023-12-27 02:00:00,subway,348,Rockaway Av (3),Brooklyn,1.0
2023-12-27 02:00:00,subway,168,"Spring St (C,E)",Manhattan,2.0
2023-12-27 02:00:00,subway,460,33 St-Rawson St (7),Queens,3.0
2023-12-27 02:00:00,subway,383,183 St (4),Bronx,1.0
2023-12-27 02:00:00,subway,381,Kingsbridge Rd (4),Bronx,2.0
2023-12-27 02:00:00,subway,373,E 149 St (6),Bronx,3.0
2023-12-27 02:00:00,subway,37,77 St (R),Brooklyn,5.0
2023-12-27 02:00:00,subway,366,Parkchester (6),Bronx,4.0
2023-12-27 02:00:00,subway,365,Castle Hill Av (6),Bronx,1.0
2023-12-27 02:00:00,subway,290,Classon Av (G),Brooklyn,1.0
2023-12-27 02:00:00,subway,257,Sutphin Blvd (F),Queens,1.0
2023-12-27 02:00:00,subway,251,Avenue U (F),Brooklyn,1.0
2023-12-27 02:00:00,subway,209,Far Rockaway-Mott Av (A),Queens,2.0
2023-12-27 02:00:00,subway,198,Howard Beach-JFK Airport (A),Queens,4.0
2023-12-27 02:00:00,subway,193,104 St (A),Queens,1.0
2023-12-27 02:00:00,subway,189,Grant Av (A),Brooklyn,1.0
2023-12-27 02:00:00,subway,46,Cortelyou Rd (Q),Brooklyn,1.0
2023-12-27 02:00:00,subway,57,"W 8 St-NY Aquarium (F,Q)",Brooklyn,1.0
2023-12-27 02:00:00,subway,605,"168 St (A,C,1)",Manhattan,3.0
2023-12-27 02:00:00,subway,608,"4 Av (F,G)/9 St (R)",Brooklyn,1.0
2023-12-27 02:00:00,subway,609,"Bryant Pk (B,D,F,M)/5 Av (7)",Manhattan,2.0
2023-12-27 02:00:00,subway,611,"Times Sq-42 St (N,Q,R,W,S,1,2,3,7)/42 St (A,C,E)",Manhattan,56.0
2023-12-27 02:00:00,subway,617,"Atlantic Av-Barclays Ctr (B,D,N,Q,R,2,3,4,5)",Brooklyn,1.0
2023-12-27 02:00:00,subway,617,"Atlantic Av-Barclays Ctr (B,D,N,Q,R,2,3,4,5)",Brooklyn,10.0
2023-12-27 02:00:00,subway,619,"Broadway-Lafayette St (B,D,F,M)/Bleecker St (6)",Manhattan,1.0
2023-12-27 02:00:00,subway,68,Bay Pkwy (D),Brooklyn,1.0
2023-12-27 02:00:00,subway,76,Bay Pkwy (N),Brooklyn,2.0
2023-12-27 02:00:00,subway,59,9 Av (D),Brooklyn,2.0
2023-12-27 02:00:00,subway,150,155 St (C),Manhattan,1.0
2023-12-27 02:00:00,subway,626,"Franklin Av (2,3,4,5)/Botanic Garden (S)",Brooklyn,1.0
2023-12-27 02:00:00,subway,65,79 St (D),Brooklyn,1.0
2023-12-27 02:00:00,subway,214,"182-183 Sts (B,D)",Bronx,1.0
2023-12-27 02:00:00,subway,228,"23 St (F,M)",Manhattan,2.0
2023-12-27 02:00:00,subway,228,"23 St (F,M)",Manhattan,3.0
2023-12-27 02:00:00,subway,236,"Bergen St (F,G)",Brooklyn,1.0
2023-12-27 02:00:00,subway,259,"Kew Gardens-Union Tpke (E,F)",Queens,7.0
2023-12-27 02:00:00,subway,266,"Elmhurst Av (M,R)",Queens,2.0
2023-12-27 02:00:00,subway,272,"36 St (M,R)",Queens,1.0
2023-12-27 02:00:00,subway,289,Bedford-Nostrand Avs (G),Brooklyn,3.0
2023-12-27 02:00:00,subway,299,Dyckman St (1),Manhattan,3.0
2023-12-27 02:00:00,subway,3,"30 Av (N,W)",Queens,1.0
2023-12-27 02:00:00,subway,304,145 St (1),Manhattan,2.0
2023-12-27 02:00:00,subway,337,"Nevins St (2,3,4,5)",Brooklyn,1.0
2023-12-27 02:00:00,subway,337,"Nevins St (2,3,4,5)",Brooklyn,3.0
2023-12-27 02:00:00,subway,65,79 St (D),Brooklyn,2.0
2023-12-27 02:00:00,subway,349,Junius St (3),Brooklyn,2.0
2023-12-27 02:00:00,subway,350,Pennsylvania Av (3),Brooklyn,1.0
2023-12-27 02:00:00,subway,366,Parkchester (6),Bronx,1.0
2023-12-27 02:00:00,subway,368,Morrison Av-Soundview (6),Bronx,1.0
2023-12-27 02:00:00,subway,38,86 St (R),Brooklyn,1.0
2023-12-27 02:00:00,subway,380,Bedford Park Blvd-Lehman College (4),Bronx,1.0
2023-12-27 02:00:00,subway,405,23 St (6),Manhattan,2.0
2023-12-27 02:00:00,subway,416,Wakefield-241 St (2),Bronx,2.0
2023-12-27 02:00:00,subway,420,"219 St (2,5)",Bronx,1.0
2023-12-27 02:00:00,subway,447,Flushing-Main St (7),Queens,2.0
2023-12-27 02:00:00,subway,447,Flushing-Main St (7),Queens,15.0
2023-12-27 02:00:00,subway,636,"Jay St-MetroTech (A,C,F,R)",Brooklyn,10.0
2023-12-27 02:00:00,subway,94,Halsey St (J),Brooklyn,1.0
2023-12-27 02:00:00,subway,442,Eastchester-Dyre Av (5),Bronx,2.0
2023-12-27 02:00:00,subway,420,"219 St (2,5)",Bronx,1.0
2023-12-27 02:00:00,subway,618,"14 St (A,C,E)/8 Av (L)",Manhattan,22.0
2023-12-27 02:00:00,subway,612,"Lexington Av-53 St (E,M)/51 St (6)",Manhattan,11.0
2023-12-27 02:00:00,subway,608,"4 Av (F,G)/9 St (R)",Brooklyn,1.0
2023-12-27 02:00:00,subway,602,"14 St-Union Sq (L,N,Q,R,W,4,5,6)",Manhattan,3.0
2023-12-27 02:00:00,subway,5,"36 Av (N,W)",Queens,3.0
2023-12-27 02:00:00,subway,446,Morris Park (5),Bronx,1.0
2023-12-27 02:00:00,subway,441,"Central Park North (110 St) (2,3)",Manhattan,1.0
2023-12-27 02:00:00,subway,232,2 Av (F),Manhattan,7.0
2023-12-27 02:00:00,subway,405,23 St (6),Manhattan,6.0
2023-12-27 02:00:00,subway,403,33 St (6),Manhattan,2.0
2023-12-27 02:00:00,subway,392,"125 St (4,5,6)",Manhattan,6.0
2023-12-27 02:00:00,subway,380,Bedford Park Blvd-Lehman College (4),Bronx,1.0
2023-12-27 02:00:00,subway,324,Houston St (1),Manhattan,1.0
2023-12-27 02:00:00,subway,320,23 St (1),Manhattan,4.0
2023-12-27 02:00:00,subway,32,"36 St (D,N,R)",Brooklyn,3.0
2023-12-27 02:00:00,subway,318,"34 St-Penn Station (1,2,3)",Manhattan,1.0
2023-12-27 02:00:00,subway,314,66 St-Lincoln Center (1),Manhattan,2.0
2023-12-27 02:00:00,subway,299,Dyckman St (1),Manhattan,1.0
2023-12-27 02:00:00,subway,28,Union St (R),Brooklyn,1.0
2023-12-27 02:00:00,subway,621,"Broadway Junction (A,C,J,L,Z)",Brooklyn,3.0
2023-12-27 02:00:00,subway,621,"Broadway Junction (A,C,J,L,Z)",Brooklyn,1.0
2023-12-27 02:00:00,subway,628,"Fulton St (A,C,J,Z,2,3,4,5)",Manhattan,1.0
2023-12-27 02:00:00,subway,635,"South Ferry (1)/Whitehall St (R,W)",Manhattan,11.0
2023-12-27 02:00:00,subway,263,"63 Dr-Rego Park (M,R)",Queens,2.0
2023-12-27 02:00:00,subway,119,1 Av (L),Manhattan,5.0
2023-12-27 02:00:00,subway,145,190 St (A),Manhattan,2.0
2023-12-27 02:00:00,subway,162,"50 St (C,E)",Manhattan,1.0
2023-12-27 02:00:00,subway,192,Rockaway Blvd (A),Queens,1.0
2023-12-27 02:00:00,subway,101,"Marcy Av (M,J,Z)",Brooklyn,2.0
2023-12-27 02:00:00,subway,98,"Flushing Av (M,J)",Brooklyn,4.0
2023-12-27 02:00:00,subway,94,Halsey St (J),Brooklyn,3.0
2023-12-27 02:00:00,subway,91,Alabama Av (J),Brooklyn,1.0
2023-12-27 02:00:00,subway,80,"121 St (J,Z)",Queens,4.0
2023-12-27 02:00:00,subway,71,8 Av (N),Brooklyn,3.0
2023-12-27 02:00:00,subway,225,"47-50 Sts-Rockefeller Ctr (B,D,F,M)",Manhattan,1.0
2023-12-27 02:00:00,subway,278,"Jamaica Center-Parsons/Archer (E,J,Z)",Queens,1.0
2023-12-27 03:00:00,subway,273,"Queens Plaza (E,M,R)",Queens,5.0
2023-12-27 03:00:00,subway,277,"7 Av (E,B,D)",Manhattan,2.0
2023-12-27 03:00:00,subway,300,191 St (1),Manhattan,1.0
2023-12-27 03:00:00,subway,303,157 St (1),Manhattan,8.0
2023-12-27 03:00:00,subway,304,145 St (1),Manhattan,2.0
2023-12-27 03:00:00,subway,305,137 St-City College (1),Manhattan,2.0
2023-12-27 03:00:00,subway,305,137 St-City College (1),Manhattan,1.0
2023-12-27 03:00:00,subway,305,137 St-City College (1),Manhattan,4.0
2023-12-27 03:00:00,subway,31,25 St (R),Brooklyn,1.0
2023-12-27 03:00:00,subway,630,"Myrtle-Wyckoff Avs (L,M)",Brooklyn,13.0
2023-12-27 03:00:00,subway,328,WTC Cortlandt (1),Manhattan,2.0
2023-12-27 03:00:00,subway,441,"Central Park North (110 St) (2,3)",Manhattan,1.0
2023-12-27 03:00:00,subway,43,Parkside Av (Q),Brooklyn,1.0
2023-12-27 03:00:00,subway,423,"Allerton Av (2,5)",Bronx,2.0
2023-12-27 03:00:00,subway,340,"Grand Army Plaza (2,3)",Brooklyn,1.0
2023-12-27 03:00:00,subway,238,"Smith-9 Sts (F,G)",Brooklyn,1.0
2023-12-27 03:00:00,subway,210,Norwood-205 St (D),Bronx,4.0
2023-12-27 03:00:00,subway,205,Beach 60 St (A),Queens,2.0
2023-12-27 03:00:00,subway,199,"Broad Channel (A,S)",Queens,1.0
2023-12-27 03:00:00,subway,198,Howard Beach-JFK Airport (A),Queens,2.0
2023-12-27 03:00:00,subway,164,"34 St-Penn Station (A,C,E)",Manhattan,8.0
2023-12-27 03:00:00,subway,135,Livonia Av (L),Brooklyn,6.0
2023-12-27 03:00:00,subway,209,Far Rockaway-Mott Av (A),Queens,1.0
2023-12-27 03:00:00,subway,220,"155 St (B,D)",Manhattan,2.0
2023-12-27 03:00:00,subway,228,"23 St (F,M)",Manhattan,1.0
2023-12-27 03:00:00,subway,261,"Forest Hills-71 Av (E,F,M,R)",Queens,3.0
2023-12-27 03:00:00,subway,263,"63 Dr-Rego Park (M,R)",Queens,2.0
2023-12-27 03:00:00,subway,339,"Bergen St (2,3)",Brooklyn,1.0
2023-12-27 03:00:00,subway,340,"Grand Army Plaza (2,3)",Brooklyn,1.0
2023-12-27 03:00:00,subway,354,"Sterling St (2,5)",Brooklyn,2.0
2023-12-27 03:00:00,subway,215,"Tremont Av (B,D)",Bronx,1.0
2023-12-27 03:00:00,subway,215,"Tremont Av (B,D)",Bronx,2.0
2023-12-27 03:00:00,subway,218,"167 St (B,D)",Bronx,2.0
2023-12-27 03:00:00,subway,231,"Grand St (B,D)",Manhattan,1.0
2023-12-27 03:00:00,subway,242,"Fort Hamilton Pkwy (F,G)",Brooklyn,1.0
2023-12-27 03:00:00,subway,244,Ditmas Av (F),Brooklyn,2.0
2023-12-27 03:00:00,subway,250,Kings Hwy (F),Brooklyn,2.0
2023-12-27 03:00:00,subway,294,238 St (1),Bronx,1.0
2023-12-27 03:00:00,subway,295,231 St (1),Bronx,1.0
2023-12-27 03:00:00,subway,30,Prospect Av (R),Brooklyn,2.0
2023-12-27 03:00:00,subway,300,191 St (1),Manhattan,5.0
2023-12-27 03:00:00,subway,301,181 St (1),Manhattan,5.0
2023-12-27 03:00:00,subway,304,145 St (1),Manhattan,4.0
2023-12-27 03:00:00,subway,304,145 St (1),Manhattan,3.0
2023-12-27 03:00:00,subway,31,25 St (R),Brooklyn,1.0
2023-12-27 03:00:00,subway,323,Christopher St-Sheridan Sq (1),Manhattan,1.0
2023-12-27 03:00:00,subway,340,"Grand Army Plaza (2,3)",Brooklyn,1.0
2023-12-27 03:00:00,subway,345,"Crown Hts-Utica Av (3,4)",Brooklyn,13.0
2023-12-27 03:00:00,subway,35,"59 St (N,R)",Brooklyn,3.0
2023-12-27 03:00:00,subway,354,"Sterling St (2,5)",Brooklyn,1.0
2023-12-27 03:00:00,subway,366,Parkchester (6),Bronx,5.0
2023-12-27 03:00:00,subway,369,Elder Av (6),Bronx,1.0
2023-12-27 03:00:00,subway,374,E 143 St-St Mary's St (6),Bronx,2.0
2023-12-27 03:00:00,subway,376,Brook Av (6),Bronx,1.0
2023-12-27 03:00:00,subway,392,"125 St (4,5,6)",Manhattan,10.0
2023-12-27 03:00:00,subway,403,33 St (6),Manhattan,2.0
2023-12-27 03:00:00,subway,407,Astor Pl (6),Manhattan,3.0
2023-12-27 03:00:00,subway,414,"Bowling Green (4,5)",Manhattan,2.0
2023-12-27 03:00:00,subway,417,"Nereid Av (2,5)",Bronx,1.0
2023-12-27 03:00:00,subway,213,"Fordham Rd (B,D)",Bronx,1.0
2023-12-27 03:00:00,subway,209,Far Rockaway-Mott Av (A),Queens,3.0
2023-12-27 03:00:00,subway,205,Beach 60 St (A),Queens,5.0
2023-12-27 03:00:00,subway,204,Beach 67 St (A),Queens,1.0
2023-12-27 03:00:00,subway,360,Pelham Bay Park (6),Bronx,2.0
2023-12-27 03:00:00,subway,37,77 St (R),Brooklyn,4.0
2023-12-27 03:00:00,subway,372,Longwood Av (6),Bronx,1.0
2023-12-27 03:00:00,subway,381,Kingsbridge Rd (4),Bronx,1.0
2023-12-27 03:00:00,subway,386,Mt Eden Av (4),Bronx,3.0
2023-12-27 03:00:00,subway,387,170 St (4),Bronx,6.0
2023-12-27 03:00:00,subway,393,116 St (6),Manhattan,3.0
2023-12-27 03:00:00,subway,422,"Burke Av (2,5)",Bronx,2.0
2023-12-27 03:00:00,subway,436,Harlem-148 St (3),Manhattan,1.0
2023-12-27 03:00:00,subway,447,Flushing-Main St (7),Queens,28.0
2023-12-27 03:00:00,subway,457,52 St (7),Queens,1.0
2023-12-27 03:00:00,subway,458,46 St-Bliss St (7),Queens,2.0
2023-12-27 03:00:00,subway,617,"Atlantic Av-Barclays Ctr (B,D,N,Q,R,2,3,4,5)",Brooklyn,1.0
2023-12-27 03:00:00,subway,620,"Court St (R)/Borough Hall (2,3,4,5)",Brooklyn,2.0
2023-12-27 03:00:00,subway,442,Eastchester-Dyre Av (5),Bronx,3.0
2023-12-27 03:00:00,subway,625,"Delancey St (F)/Essex St (J,M,Z)",Manhattan,1.0
2023-12-27 03:00:00,subway,98,"Flushing Av (M,J)",Brooklyn,3.0
2023-12-27 03:00:00,subway,100,"Hewes St (M,J)",Brooklyn,3.0
2023-12-27 03:00:00,subway,118,3 Av (L),Manhattan,1.0
2023-12-27 03:00:00,subway,125,Morgan Av (L),Brooklyn,1.0
2023-12-27 03:00:00,subway,127,DeKalb Av (L),Brooklyn,5.0
2023-12-27 03:00:00,subway,14,"23 St (R,W)",Manhattan,1.0
2023-12-27 03:00:00,subway,151,"145 St (A,C,B,D)",Manhattan,4.0
2023-12-27 03:00:00,subway,156,"103 St (C,B)",Manhattan,1.0
2023-12-27 03:00:00,subway,159,"81 St-Museum of Natural History (C,B)",Manhattan,1.0
2023-12-27 03:00:00,subway,162,"50 St (C,E)",Manhattan,3.0
2023-12-27 03:00:00,subway,164,"34 St-Penn Station (A,C,E)",Manhattan,4.0
2023-12-27 03:00:00,subway,179,"Nostrand Av (A,C)",Brooklyn,5.0
2023-12-27 03:00:00,subway,192,Rockaway Blvd (A),Queens,3.0
2023-12-27 03:00:00,subway,198,Howard Beach-JFK Airport (A),Queens,1.0
2023-12-27 03:00:00,subway,98,"Flushing Av (M,J)",Brooklyn,2.0
2023-12-27 03:00:00,subway,475,96 St (Q),Manhattan,10.0
2023-12-27 03:00:00,subway,194,111 St (A),Queens,2.0
2023-12-27 03:00:00,subway,96,Kosciuszko St (J),Brooklyn,4.0
2023-12-27 03:00:00,subway,279,"Sutphin Blvd-Archer Av-JFK Airport (E,J,Z)",Queens,2.0
2023-12-27 03:00:00,subway,269,"Northern Blvd (M,R)",Queens,1.0
2023-12-27 03:00:00,subway,240,"7 Av (F,G)",Brooklyn,2.0
2023-12-27 03:00:00,subway,218,"167 St (B,D)",Bronx,8.0
2023-12-27 03:00:00,subway,210,Norwood-205 St (D),Bronx,4.0
2023-12-27 03:00:00,subway,209,Far Rockaway-Mott Av (A),Queens,7.0
2023-12-27 03:00:00,subway,204,Beach 67 St (A),Queens,3.0
2023-12-27 03:00:00,subway,2,"Astoria Blvd (N,W)",Queens,1.0
2023-12-27 03:00:00,subway,195,Ozone Park-Lefferts Blvd (A),Queens,7.0
2023-12-27 03:00:00,subway,192,Rockaway Blvd (A),Queens,3.0
2023-12-27 03:00:00,subway,280,Jamaica-Van Wyck (E),Queens,1.0
2023-12-27 03:00:00,subway,186,Van Siclen Av (C),Brooklyn,2.0
2023-12-27 03:00:00,subway,141,Park Pl (S),Brooklyn,1.0
2023-12-27 03:00:00,subway,135,Livonia Av (L),Brooklyn,1.0
2023-12-27 03:00:00,subway,127,DeKalb Av (L),Brooklyn,1.0
2023-12-27 03:00:00,subway,126,Jefferson St (L),Brooklyn,1.0
2023-12-27 03:00:00,subway,8,"5 Av/59 St (N,R,W)",Manhattan,1.0
2023-12-27 03:00:00,subway,9,"57 St-7 Av (N,Q,R,W)",Manhattan,12.0
2023-12-27 03:00:00,subway,449,111 St (7),Queens,1.0
2023-12-27 03:00:00,subway,450,103 St-Corona Plaza (7),Queens,1.0
2023-12-27 03:00:00,subway,452,90 St-Elmhurst Av (7),Queens,10.0
2023-12-27 03:00:00,subway,457,52 St (7),Queens,2.0
2023-12-27 03:00:00,subway,17,"Prince St (R,W)",Manhattan,2.0
2023-12-27 03:00:00,subway,53,Neck Rd (Q),Brooklyn,3.0
2023-12-27 03:00:00,subway,305,137 St-City College (1),Manhattan,3.0
2023-12-27 03:00:00,subway,321,18 St (1),Manhattan,1.0
2023-12-27 03:00:00,subway,617,"Atlantic Av-Barclays Ctr (B,D,N,Q,R,2,3,4,5)",Brooklyn,10.0
2023-12-27 03:00:00,subway,614,"59 St-Columbus Circle (A,B,C,D,1)",Manhattan,10.0
2023-12-27 03:00:00,subway,613,"Lexington Av (N,R,W)/59 St (4,5,6)",Manhattan,8.0
2023-12-27 03:00:00,subway,609,"Bryant Pk (B,D,F,M)/5 Av (7)",Manhattan,5.0
2023-12-27 03:00:00,subway,471,34 St-Hudson Yards (7),Manhattan,6.0
2023-12-27 03:00:00,subway,456,61 St-Woodside (7),Queens,2.0
2023-12-27 03:00:00,subway,452,90 St-Elmhurst Av (7),Queens,1.0
2023-12-27 03:00:00,subway,452,90 St-Elmhurst Av (7),Queens,9.0
2023-12-27 03:00:00,subway,429,"Freeman St (2,5)",Bronx,1.0
2023-12-27 03:00:00,subway,424,"Pelham Pkwy (2,5)",Bronx,4.0
2023-12-27 03:00:00,subway,309,103 St (1),Manhattan,1.0
2023-12-27 03:00:00,subway,424,"Pelham Pkwy (2,5)",Bronx,1.0
2023-12-27 03:00:00,subway,397,"86 St (4,5,6)",Manhattan,4.0
2023-12-27 03:00:00,subway,395,103 St (6),Manhattan,5.0
2023-12-27 03:00:00,subway,394,110 St (6),Manhattan,3.0
2023-12-27 03:00:00,subway,387,170 St (4),Bronx,2.0
2023-12-27 03:00:00,subway,363,Westchester Sq-E Tremont Av (6),Bronx,1.0
2023-12-27 03:00:00,subway,359,"Flatbush Av-Brooklyn College (2,5)",Brooklyn,1.0
2023-12-27 03:00:00,subway,357,"Beverly Rd (2,5)",Brooklyn,7.0
2023-12-27 03:00:00,subway,355,"Winthrop St (2,5)",Brooklyn,1.0
2023-12-27 03:00:00,subway,355,"Winthrop St (2,5)",Brooklyn,3.0
2023-12-27 03:00:00,subway,326,Franklin St (1),Manhattan,1.0
2023-12-27 03:00:00,subway,404,28 St (6),Manhattan,3.0
2023-12-27 03:00:00,subway,625,"Delancey St (F)/Essex St (J,M,Z)",Manhattan,4.0
2023-12-27 03:00:00,subway,60,Fort Hamilton Pkwy (D),Brooklyn,1.0
2023-12-27 03:00:00,subway,83,"Woodhaven Blvd (J,Z)",Queens,1.0
2023-12-27 03:00:00,subway,616,"74-Broadway (7)/Jackson Hts-Roosevelt Av (E,F,M,R)",Queens,14.0
2023-12-27 03:00:00,subway,419,"225 St (2,5)",Bronx,2.0
2023-12-27 03:00:00,subway,622,"Brooklyn Bridge-City Hall (4,5,6)/Chambers St (J,Z)",Manhattan,1.0
2023-12-27 03:00:00,subway,66,18 Av (D),Brooklyn,2.0
2023-12-27 03:00:00,subway,80,"121 St (J,Z)",Queens,1.0
2023-12-27 03:00:00,subway,82,"104 St (J,Z)",Queens,1.0
2023-12-27 03:00:00,subway,86,Cypress Hills (J),Brooklyn,2.0
2023-12-27 03:00:00,subway,93,"Chauncey St (J,Z)",Brooklyn,2.0
2023-12-27 03:00:00,subway,440,"116 St (2,3)",Manhattan,2.0
2023-12-27 03:00:00,subway,1,"Astoria-Ditmars Blvd (N,W)",Queens,7.0
2023-12-27 03:00:00,subway,101,"Marcy Av (M,J,Z)",Brooklyn,3.0
2023-12-27 03:00:00,subway,108,Middle Village-Metropolitan Av (M),Queens,5.0
2023-12-27 03:00:00,subway,114,Central Av (M),Brooklyn,4.0
2023-12-27 03:00:00,subway,119,1 Av (L),Manhattan,3.0
2023-12-27 03:00:00,subway,124,Montrose Av (L),Brooklyn,2.0
2023-12-27 03:00:00,subway,126,Jefferson St (L),Brooklyn,3.0
2023-12-27 03:00:00,subway,146,181 St (A),Manhattan,1.0
2023-12-27 03:00:00,subway,152,"135 St (C,B)",Manhattan,3.0
2023-12-27 03:00:00,subway,154,"116 St (C,B)",Manhattan,4.0
2023-12-27 03:00:00,subway,155,"Cathedral Pkwy (110 St) (C,B)",Manhattan,1.0
2023-12-27 03:00:00,subway,162,"50 St (C,E)",Manhattan,2.0
2023-12-27 03:00:00,subway,175,"Hoyt-Schermerhorn Sts (A,C,G)",Brooklyn,3.0
2023-12-27 03:00:00,subway,66,18 Av (D),Brooklyn,3.0
2023-12-27 03:00:00,subway,200,"Beach 90 St (A,S)",Queens,1.0
2023-12-27 03:00:00,subway,207,Beach 36 St (A),Queens,1.0
2023-12-27 03:00:00,subway,605,"168 St (A,C,1)",Manhattan,7.0
2023-12-27 03:00:00,subway,60,Fort Hamilton Pkwy (D),Brooklyn,2.0
2023-12-27 03:00:00,subway,428,"174 St (2,5)",Bronx,1.0
2023-12-27 04:00:00,subway,305,137 St-City College (1),Manhattan,7.0
2023-12-27 04:00:00,subway,299,Dyckman St (1),Manhattan,16.0
2023-12-27 04:00:00,subway,423,"Allerton Av (2,5)",Bronx,15.0
2023-12-27 04:00:00,subway,414,"Bowling Green (4,5)",Manhattan,3.0
2023-12-27 04:00:00,subway,398,77 St (6),Manhattan,2.0
2023-12-27 04:00:00,subway,388,167 St (4),Bronx,3.0
2023-12-27 04:00:00,subway,318,"34 St-Penn Station (1,2,3)",Manhattan,13.0
2023-12-27 04:00:00,subway,324,Houston St (1),Manhattan,1.0
2023-12-27 04:00:00,subway,339,"Bergen St (2,3)",Brooklyn,1.0
2023-12-27 04:00:00,subway,293,Van Cortlandt Park-242 St (1),Bronx,12.0
2023-12-27 04:00:00,subway,348,Rockaway Av (3),Brooklyn,3.0
2023-12-27 04:00:00,subway,385,176 St (4),Bronx,4.0
2023-12-27 04:00:00,subway,375,Cypress Av (6),Bronx,1.0
2023-12-27 04:00:00,subway,373,E 149 St (6),Bronx,4.0
2023-12-27 04:00:00,subway,372,Longwood Av (6),Bronx,1.0
2023-12-27 04:00:00,subway,367,St Lawrence Av (6),Bronx,11.0
2023-12-27 04:00:00,subway,363,Westchester Sq-E Tremont Av (6),Bronx,4.0
2023-12-27 04:00:00,subway,351,Van Siclen Av (3),Brooklyn,5.0
2023-12-27 04:00:00,subway,350,Pennsylvania Av (3),Brooklyn,4.0
2023-12-27 04:00:00,subway,387,170 St (4),Bronx,4.0
2023-12-27 04:00:00,subway,28,Union St (R),Brooklyn,1.0
2023-12-27 04:00:00,subway,255,169 St (F),Queens,13.0
2023-12-27 04:00:00,subway,234,East Broadway (F),Manhattan,1.0
2023-12-27 04:00:00,subway,31,25 St (R),Brooklyn,4.0
2023-12-27 04:00:00,subway,452,90 St-Elmhurst Av (7),Queens,6.0
2023-12-27 04:00:00,subway,440,"116 St (2,3)",Manhattan,3.0
2023-12-27 04:00:00,subway,439,"125 St (2,3)",Manhattan,3.0
2023-12-27 04:00:00,subway,437,145 St (3),Manhattan,2.0
2023-12-27 04:00:00,subway,431,"Intervale Av (2,5)",Bronx,2.0
2023-12-27 04:00:00,subway,349,Junius St (3),Brooklyn,10.0
2023-12-27 04:00:00,subway,426,"E 180 St (2,5)",Bronx,16.0
2023-12-27 04:00:00,subway,425,"Bronx Park East (2,5)",Bronx,6.0
2023-12-27 04:00:00,subway,100,"Hewes St (M,J)",Brooklyn,1.0
2023-12-27 04:00:00,subway,110,Forest Av (M),Queens,6.0
2023-12-27 04:00:00,subway,133,Atlantic Av (L),Brooklyn,1.0
2023-12-27 04:00:00,subway,141,Park Pl (S),Brooklyn,1.0
2023-12-27 04:00:00,subway,151,"145 St (A,C,B,D)",Manhattan,8.0
2023-12-27 04:00:00,subway,2,"Astoria Blvd (N,W)",Queens,2.0
2023-12-27 04:00:00,subway,200,"Beach 90 St (A,S)",Queens,3.0
2023-12-27 04:00:00,subway,202,"Beach 105 St (A,S)",Queens,1.0
2023-12-27 04:00:00,subway,203,"Rockaway Park-Beach 116 St (A,S)",Queens,5.0
2023-12-27 04:00:00,subway,207,Beach 36 St (A),Queens,3.0
2023-12-27 04:00:00,subway,300,191 St (1),Manhattan,1.0
2023-12-27 04:00:00,subway,350,Pennsylvania Av (3),Brooklyn,2.0
2023-12-27 04:00:00,subway,238,"Smith-9 Sts (F,G)",Brooklyn,2.0
2023-12-27 04:00:00,subway,93,"Chauncey St (J,Z)",Brooklyn,4.0
2023-12-27 04:00:00,subway,351,Van Siclen Av (3),Brooklyn,7.0
2023-12-27 04:00:00,subway,327,"Chambers St (1,2,3)",Manhattan,1.0
2023-12-27 04:00:00,subway,307,116 St-Columbia University (1),Manhattan,1.0
2023-12-27 04:00:00,subway,304,145 St (1),Manhattan,11.0
2023-12-27 04:00:00,subway,301,181 St (1),Manhattan,13.0
2023-12-27 04:00:00,subway,299,Dyckman St (1),Manhattan,9.0
2023-12-27 04:00:00,subway,296,Marble Hill-225 St (1),Manhattan,13.0
2023-12-27 04:00:00,subway,289,Bedford-Nostrand Avs (G),Brooklyn,2.0
2023-12-27 04:00:00,subway,280,Jamaica-Van Wyck (E),Queens,11.0
2023-12-27 04:00:00,subway,277,"7 Av (E,B,D)",Manhattan,9.0
2023-12-27 04:00:00,subway,264,"Woodhaven Blvd (M,R)",Queens,12.0
2023-12-27 04:00:00,subway,258,"Briarwood (E,F)",Queens,10.0
2023-12-27 04:00:00,subway,257,Sutphin Blvd (F),Queens,6.0
2023-12-27 04:00:00,subway,254,Jamaica-179 St (F),Queens,94.0
2023-12-27 04:00:00,subway,254,Jamaica-179 St (F),Queens,7.0
2023-12-27 04:00:00,subway,247,Bay Pkwy (F),Brooklyn,1.0
2023-12-27 04:00:00,subway,169,"Canal St (A,C,E)",Manhattan,1.0
2023-12-27 04:00:00,subway,185,Liberty Av (C),Brooklyn,2.0
2023-12-27 04:00:00,subway,187,Shepherd Av (C),Brooklyn,4.0
2023-12-27 04:00:00,subway,188,"Euclid Av (A,C)",Brooklyn,12.0
2023-12-27 04:00:00,subway,189,Grant Av (A),Brooklyn,2.0
2023-12-27 04:00:00,subway,194,111 St (A),Queens,9.0
2023-12-27 04:00:00,subway,203,"Rockaway Park-Beach 116 St (A,S)",Queens,1.0
2023-12-27 04:00:00,subway,205,Beach 60 St (A),Queens,6.0
2023-12-27 04:00:00,subway,213,"Fordham Rd (B,D)",Bronx,17.0
2023-12-27 04:00:00,subway,214,"182-183 Sts (B,D)",Bronx,7.0
2023-12-27 04:00:00,subway,215,"Tremont Av (B,D)",Bronx,1.0
2023-12-27 04:00:00,subway,357,"Beverly Rd (2,5)",Brooklyn,9.0
2023-12-27 04:00:00,subway,358,"Newkirk Av-Little Haiti (2,5)",Brooklyn,20.0
2023-12-27 04:00:00,subway,359,"Flatbush Av-Brooklyn College (2,5)",Brooklyn,24.0
2023-12-27 04:00:00,subway,373,E 149 St (6),Bronx,7.0
2023-12-27 04:00:00,subway,86,Cypress Hills (J),Brooklyn,5.0
2023-12-27 04:00:00,subway,76,Bay Pkwy (N),Brooklyn,5.0
2023-12-27 04:00:00,subway,453,82 St-Jackson Hts (7),Queens,11.0
2023-12-27 04:00:00,subway,69,25 Av (D),Brooklyn,2.0
2023-12-27 04:00:00,subway,623,"Canal St (J,N,Q,R,W,Z,6)",Manhattan,5.0
2023-12-27 04:00:00,subway,622,"Brooklyn Bridge-City Hall (4,5,6)/Chambers St (J,Z)",Manhattan,2.0
2023-12-27 04:00:00,subway,622,"Brooklyn Bridge-City Hall (4,5,6)/Chambers St (J,Z)",Manhattan,11.0
2023-12-27 04:00:00,subway,609,"Bryant Pk (B,D,F,M)/5 Av (7)",Manhattan,13.0
2023-12-27 04:00:00,subway,609,"Bryant Pk (B,D,F,M)/5 Av (7)",Manhattan,1.0
2023-12-27 04:00:00,subway,6,"39 Av-Dutch Kills (N,W)",Queens,2.0
2023-12-27 04:00:00,subway,55,"Brighton Beach (B,Q)",Brooklyn,15.0
2023-12-27 04:00:00,subway,47,"Newkirk Plaza (B,Q)",Brooklyn,11.0
2023-12-27 04:00:00,subway,464,Vernon Blvd-Jackson Av (7),Queens,1.0
2023-12-27 04:00:00,subway,245,18 Av (F),Brooklyn,4.0
2023-12-27 04:00:00,subway,455,69 St (7),Queens,3.0
2023-12-27 04:00:00,subway,444,Gun Hill Rd (5),Bronx,1.0
2023-12-27 04:00:00,subway,438,"135 St (2,3)",Manhattan,2.0
2023-12-27 04:00:00,subway,434,"3 Av-149 St (2,5)",Bronx,8.0
2023-12-27 04:00:00,subway,432,"Prospect Av (2,5)",Bronx,11.0
2023-12-27 04:00:00,subway,43,Parkside Av (Q),Brooklyn,11.0
2023-12-27 04:00:00,subway,43,Parkside Av (Q),Brooklyn,1.0
2023-12-27 04:00:00,subway,427,"West Farms Sq-E Tremont Av (2,5)",Bronx,12.0
2023-12-27 04:00:00,subway,394,110 St (6),Manhattan,3.0
2023-12-27 04:00:00,subway,39,Bay Ridge-95 St (R),Brooklyn,7.0
2023-12-27 04:00:00,subway,383,183 St (4),Bronx,2.0
2023-12-27 04:00:00,subway,380,Bedford Park Blvd-Lehman College (4),Bronx,23.0
2023-12-27 04:00:00,subway,376,Brook Av (6),Bronx,1.0
2023-12-27 04:00:00,subway,373,E 149 St (6),Bronx,8.0
2023-12-27 04:00:00,subway,447,Flushing-Main St (7),Queens,12.0
2023-12-27 04:00:00,subway,456,61 St-Woodside (7),Queens,10.0
2023-12-27 04:00:00,subway,361,Buhre Av (6),Bronx,8.0
2023-12-27 04:00:00,subway,46,Cortelyou Rd (Q),Brooklyn,16.0
2023-12-27 04:00:00,subway,9,"57 St-7 Av (N,Q,R,W)",Manhattan,2.0
2023-12-27 04:00:00,subway,88,"Norwood Av (J,Z)",Brooklyn,4.0
2023-12-27 04:00:00,subway,71,8 Av (N),Brooklyn,1.0
2023-12-27 04:00:00,subway,68,Bay Pkwy (D),Brooklyn,1.0
2023-12-27 04:00:00,subway,636,"Jay St-MetroTech (A,C,F,R)",Brooklyn,9.0
2023-12-27 04:00:00,subway,621,"Broadway Junction (A,C,J,L,Z)",Brooklyn,1.0
2023-12-27 04:00:00,subway,618,"14 St (A,C,E)/8 Av (L)",Manhattan,8.0
2023-12-27 04:00:00,subway,617,"Atlantic Av-Barclays Ctr (B,D,N,Q,R,2,3,4,5)",Brooklyn,9.0
2023-12-27 04:00:00,subway,612,"Lexington Av-53 St (E,M)/51 St (6)",Manhattan,5.0
2023-12-27 04:00:00,subway,608,"4 Av (F,G)/9 St (R)",Brooklyn,8.0
2023-12-27 04:00:00,subway,601,"14 St (F,M,1,2,3)/6 Av (L)",Manhattan,7.0
2023-12-27 04:00:00,subway,60,Fort Hamilton Pkwy (D),Brooklyn,1.0
2023-12-27 04:00:00,subway,58,"Coney Island-Stillwell Av (D,F,N,Q)",Brooklyn,17.0
2023-12-27 04:00:00,subway,51,"Kings Hwy (B,Q)",Brooklyn,5.0
2023-12-27 04:00:00,subway,459,40 St-Lowery St (7),Queens,14.0
2023-12-27 04:00:00,subway,457,52 St (7),Queens,1.0
2023-12-27 04:00:00,subway,449,111 St (7),Queens,2.0
2023-12-27 04:00:00,subway,444,Gun Hill Rd (5),Bronx,4.0
2023-12-27 04:00:00,subway,443,Baychester Av (5),Bronx,1.0
2023-12-27 04:00:00,subway,433,"Jackson Av (2,5)",Bronx,2.0
2023-12-27 04:00:00,subway,429,"Freeman St (2,5)",Bronx,8.0
2023-12-27 04:00:00,subway,420,"219 St (2,5)",Bronx,2.0
2023-12-27 04:00:00,subway,407,Astor Pl (6),Manhattan,4.0
2023-12-27 04:00:00,subway,94,Halsey St (J),Brooklyn,5.0
2023-12-27 04:00:00,subway,403,33 St (6),Manhattan,1.0
2023-12-27 04:00:00,subway,97,"Myrtle Av (M,J,Z)",Brooklyn,6.0
2023-12-27 04:00:00,subway,82,"104 St (J,Z)",Queens,2.0
2023-12-27 04:00:00,subway,138,Canarsie-Rockaway Pkwy (L),Brooklyn,10.0
2023-12-27 04:00:00,subway,125,Morgan Av (L),Brooklyn,1.0
2023-12-27 04:00:00,subway,123,Grand St (L),Brooklyn,6.0
2023-12-27 04:00:00,subway,111,Seneca Av (M),Queens,1.0
2023-12-27 04:00:00,subway,110,Forest Av (M),Queens,4.0
2023-12-27 04:00:00,subway,109,Fresh Pond Rd (M),Queens,1.0
2023-12-27 04:00:00,subway,150,155 St (C),Manhattan,1.0
2023-12-27 04:00:00,subway,186,Van Siclen Av (C),Brooklyn,1.0
2023-12-27 04:00:00,subway,253,Neptune Av (F),Brooklyn,2.0
2023-12-27 04:00:00,subway,261,"Forest Hills-71 Av (E,F,M,R)",Queens,18.0
2023-12-27 04:00:00,subway,46,Cortelyou Rd (Q),Brooklyn,3.0
2023-12-27 04:00:00,subway,295,231 St (1),Bronx,3.0
2023-12-27 04:00:00,subway,305,137 St-City College (1),Manhattan,4.0
2023-12-27 04:00:00,subway,345,"Crown Hts-Utica Av (3,4)",Brooklyn,4.0
2023-12-27 04:00:00,subway,371,Hunts Point Av (6),Bronx,41.0
2023-12-27 04:00:00,subway,420,"219 St (2,5)",Bronx,4.0
2023-12-27 04:00:00,subway,452,90 St-Elmhurst Av (7),Queens,58.0
2023-12-27 04:00:00,subway,455,69 St (7),Queens,7.0
2023-12-27 04:00:00,subway,460,33 St-Rawson St (7),Queens,8.0
2023-12-27 04:00:00,subway,476,86 St (Q),Manhattan,2.0
2023-12-27 04:00:00,subway,616,"74-Broadway (7)/Jackson Hts-Roosevelt Av (E,F,M,R)",Queens,60.0
2023-12-27 04:00:00,subway,636,"Jay St-MetroTech (A,C,F,R)",Brooklyn,8.0
2023-12-27 04:00:00,subway,8,"5 Av/59 St (N,R,W)",Manhattan,1.0
2023-12-27 04:00:00,subway,98,"Flushing Av (M,J)",Brooklyn,3.0
2023-12-27 04:00:00,subway,146,181 St (A),Manhattan,3.0
2023-12-27 04:00:00,subway,396,96 St (6),Manhattan,2.0
2023-12-27 04:00:00,subway,386,Mt Eden Av (4),Bronx,7.0
2023-12-27 04:00:00,subway,209,Far Rockaway-Mott Av (A),Queens,5.0
2023-12-27 04:00:00,subway,200,"Beach 90 St (A,S)",Queens,1.0
2023-12-27 04:00:00,subway,198,Howard Beach-JFK Airport (A),Queens,1.0
2023-12-27 04:00:00,subway,196,Aqueduct Racetrack (A),Queens,1.0
2023-12-27 04:00:00,subway,190,80 St (A),Queens,8.0
2023-12-27 04:00:00,subway,189,Grant Av (A),Brooklyn,8.0
2023-12-27 04:00:00,subway,187,Shepherd Av (C),Brooklyn,3.0
2023-12-27 04:00:00,subway,179,"Nostrand Av (A,C)",Brooklyn,3.0
2023-12-27 04:00:00,subway,175,"Hoyt-Schermerhorn Sts (A,C,G)",Brooklyn,1.0
2023-12-27 04:00:00,subway,162,"50 St (C,E)",Manhattan,5.0
2023-12-27 04:00:00,subway,154,"116 St (C,B)",Manhattan,2.0
2023-12-27 04:00:00,subway,147,175 St (A),Manhattan,5.0
2023-12-27 04:00:00,subway,138,Canarsie-Rockaway Pkwy (L),Brooklyn,1.0
2023-12-27 04:00:00,subway,138,Canarsie-Rockaway Pkwy (L),Brooklyn,7.0
2023-12-27 04:00:00,subway,136,New Lots Av (L),Brooklyn,5.0
2023-12-27 04:00:00,subway,134,Sutter Av (L),Brooklyn,1.0
2023-12-27 04:00:00,subway,131,Bushwick Av-Aberdeen St (L),Brooklyn,3.0
2023-12-27 04:00:00,subway,130,Wilson Av (L),Brooklyn,1.0
2023-12-27 04:00:00,subway,13,"28 St (R,W)",Manhattan,1.0
2023-12-27 04:00:00,subway,124,Montrose Av (L),Brooklyn,1.0
2023-12-27 04:00:00,subway,123,Grand St (L),Brooklyn,2.0
2023-12-27 04:00:00,subway,108,Middle Village-Metropolitan Av (M),Queens,6.0
2023-12-27 04:00:00,subway,10,"49 St (N,R,W)",Manhattan,2.0
2023-12-27 04:00:00,subway,231,"Grand St (B,D)",Manhattan,5.0
2023-12-27 04:00:00,subway,388,167 St (4),Bronx,12.0
2023-12-27 04:00:00,subway,241,"15 St-Prospect Park (F,G)",Brooklyn,1.0
2023-12-27 04:00:00,subway,265,"Grand Av-Newtown (M,R)",Queens,21.0
2023-12-27 04:00:00,subway,385,176 St (4),Bronx,12.0
2023-12-27 04:00:00,subway,384,Burnside Av (4),Bronx,34.0
2023-12-27 04:00:00,subway,384,Burnside Av (4),Bronx,12.0
2023-12-27 04:00:00,subway,380,Bedford Park Blvd-Lehman College (4),Bronx,4.0
2023-12-27 04:00:00,subway,372,Longwood Av (6),Bronx,2.0
2023-12-27 04:00:00,subway,365,Castle Hill Av (6),Bronx,24.0
2023-12-27 04:00:00,subway,361,Buhre Av (6),Bronx,3.0
2023-12-27 04:00:00,subway,360,Pelham Bay Park (6),Bronx,15.0
2023-12-27 04:00:00,subway,349,Junius St (3),Brooklyn,1.0
2023-12-27 04:00:00,subway,348,Rockaway Av (3),Brooklyn,4.0
2023-12-27 04:00:00,subway,337,"Nevins St (2,3,4,5)",Brooklyn,5.0
2023-12-27 04:00:00,subway,323,Christopher St-Sheridan Sq (1),Manhattan,1.0
2023-12-27 04:00:00,subway,32,"36 St (D,N,R)",Brooklyn,8.0
2023-12-27 04:00:00,subway,32,"36 St (D,N,R)",Brooklyn,4.0
2023-12-27 04:00:00,subway,306,125 St (1),Manhattan,2.0
2023-12-27 04:00:00,subway,300,191 St (1),Manhattan,10.0
2023-12-27 04:00:00,subway,293,Van Cortlandt Park-242 St (1),Bronx,12.0
2023-12-27 04:00:00,subway,283,Greenpoint Av (G),Brooklyn,1.0
2023-12-27 04:00:00,subway,273,"Queens Plaza (E,M,R)",Queens,15.0
2023-12-27 04:00:00,subway,270,"46 St (M,R)",Queens,2.0
2023-12-27 04:00:00,subway,268,"65 St (M,R)",Queens,2.0
2023-12-27 04:00:00,subway,266,"Elmhurst Av (M,R)",Queens,14.0
2023-12-27 04:00:00,subway,265,"Grand Av-Newtown (M,R)",Queens,4.0
2023-12-27 04:00:00,subway,251,Avenue U (F),Brooklyn,1.0
2023-12-27 04:00:00,subway,152,"135 St (C,B)",Manhattan,1.0
2023-12-27 04:00:00,subway,265,"Grand Av-Newtown (M,R)",Queens,17.0
2023-12-27 04:00:00,subway,418,"233 St (2,5)",Bronx,5.0
2023-12-27 04:00:00,subway,153,"125 St (A,C,B,D)",Manhattan,12.0
2023-12-27 04:00:00,subway,99,"Lorimer St (M,J)",Brooklyn,1.0
2023-12-27 04:00:00,subway,91,Alabama Av (J),Brooklyn,1.0
2023-12-27 04:00:00,subway,90,"Van Siclen Av (J,Z)",Brooklyn,2.0
2023-12-27 04:00:00,subway,628,"Fulton St (A,C,J,Z,2,3,4,5)",Manhattan,17.0
2023-12-27 04:00:00,subway,75,20 Av (N),Brooklyn,6.0
2023-12-27 04:00:00,subway,626,"Franklin Av (2,3,4,5)/Botanic Garden (S)",Brooklyn,3.0
2023-12-27 04:00:00,subway,622,"Brooklyn Bridge-City Hall (4,5,6)/Chambers St (J,Z)",Manhattan,6.0
2023-12-27 04:00:00,subway,607,"34 St-Herald Sq (B,D,F,M,N,Q,R,W)",Manhattan,2.0
2023-12-27 04:00:00,subway,60,Fort Hamilton Pkwy (D),Brooklyn,2.0
2023-12-27 04:00:00,subway,461,"Queensboro Plaza (7,N,W)",Queens,8.0
2023-12-27 04:00:00,subway,627,"Franklin Av (C,S)",Brooklyn,1.0
2023-12-27 05:00:00,subway,303,157 St (1),Manhattan,35.0
2023-12-27 05:00:00,subway,313,"72 St (1,2,3)",Manhattan,6.0
2023-12-27 05:00:00,subway,306,125 St (1),Manhattan,3.0
2023-12-27 05:00:00,subway,305,137 St-City College (1),Manhattan,44.0
2023-12-27 05:00:00,subway,303,157 St (1),Manhattan,3.0
2023-12-27 05:00:00,subway,269,"Northern Blvd (M,R)",Queens,28.0
2023-12-27 05:00:00,subway,298,207 St (1),Manhattan,27.0
2023-12-27 05:00:00,subway,288,Myrtle-Willoughby Avs (G),Brooklyn,18.0
2023-12-27 05:00:00,subway,276,"5 Av/53 St (E,M)",Manhattan,1.0
2023-12-27 05:00:00,subway,269,"Northern Blvd (M,R)",Queens,26.0
2023-12-27 05:00:00,subway,314,66 St-Lincoln Center (1),Manhattan,2.0
2023-12-27 05:00:00,subway,300,191 St (1),Manhattan,34.0
2023-12-27 05:00:00,subway,320,23 St (1),Manhattan,2.0
2023-12-27 05:00:00,subway,345,"Crown Hts-Utica Av (3,4)",Brooklyn,1.0
2023-12-27 05:00:00,subway,329,Rector St (1),Manhattan,1.0
2023-12-27 05:00:00,subway,337,"Nevins St (2,3,4,5)",Brooklyn,10.0
2023-12-27 05:00:00,subway,344,Kingston Av (3),Brooklyn,1.0
2023-12-27 05:00:00,subway,345,"Crown Hts-Utica Av (3,4)",Brooklyn,129.0
2023-12-27 05:00:00,subway,268,"65 St (M,R)",Queens,3.0
2023-12-27 05:00:00,subway,35,"59 St (N,R)",Brooklyn,8.0
2023-12-27 05:00:00,subway,350,Pennsylvania Av (3),Brooklyn,28.0
2023-12-27 05:00:00,subway,350,Pennsylvania Av (3),Brooklyn,30.0
2023-12-27 05:00:00,subway,354,"Sterling St (2,5)",Brooklyn,17.0
2023-12-27 05:00:00,subway,36,Bay Ridge Av (R),Brooklyn,51.0
2023-12-27 05:00:00,subway,376,Brook Av (6),Bronx,3.0
2023-12-27 05:00:00,subway,381,Kingsbridge Rd (4),Bronx,7.0
2023-12-27 05:00:00,subway,327,"Chambers St (1,2,3)",Manhattan,3.0
2023-12-27 05:00:00,subway,264,"Woodhaven Blvd (M,R)",Queens,15.0
2023-12-27 05:00:00,subway,259,"Kew Gardens-Union Tpke (E,F)",Queens,18.0
2023-12-27 05:00:00,subway,261,"Forest Hills-71 Av (E,F,M,R)",Queens,5.0
2023-12-27 05:00:00,subway,100,"Hewes St (M,J)",Brooklyn,1.0
2023-12-27 05:00:00,subway,100,"Hewes St (M,J)",Brooklyn,9.0
2023-12-27 05:00:00,subway,108,Middle Village-Metropolitan Av (M),Queens,33.0
2023-12-27 05:00:00,subway,109,Fresh Pond Rd (M),Queens,32.0
2023-12-27 05:00:00,subway,130,Wilson Av (L),Brooklyn,8.0
2023-12-27 05:00:00,subway,130,Wilson Av (L),Brooklyn,3.0
2023-12-27 05:00:00,subway,131,Bushwick Av-Aberdeen St (L),Brooklyn,11.0
2023-12-27 05:00:00,subway,135,Livonia Av (L),Brooklyn,17.0
2023-12-27 05:00:00,subway,143,Inwood-207 St (A),Manhattan,20.0
2023-12-27 05:00:00,subway,145,190 St (A),Manhattan,2.0
2023-12-27 05:00:00,subway,150,155 St (C),Manhattan,10.0
2023-12-27 05:00:00,subway,156,"103 St (C,B)",Manhattan,9.0
2023-12-27 05:00:00,subway,158,"86 St (C,B)",Manhattan,1.0
2023-12-27 05:00:00,subway,263,"63 Dr-Rego Park (M,R)",Queens,3.0
2023-12-27 05:00:00,subway,164,"34 St-Penn Station (A,C,E)",Manhattan,15.0
2023-12-27 05:00:00,subway,192,Rockaway Blvd (A),Queens,9.0
2023-12-27 05:00:00,subway,204,Beach 67 St (A),Queens,7.0
2023-12-27 05:00:00,subway,223,"Lexington Av/63 St (F,Q)",Manhattan,2.0
2023-12-27 05:00:00,subway,231,"Grand St (B,D)",Manhattan,16.0
2023-12-27 05:00:00,subway,234,East Broadway (F),Manhattan,4.0
2023-12-27 05:00:00,subway,238,"Smith-9 Sts (F,G)",Brooklyn,3.0
2023-12-27 05:00:00,subway,242,"Fort Hamilton Pkwy (F,G)",Brooklyn,2.0
2023-12-27 05:00:00,subway,251,Avenue U (F),Brooklyn,4.0
2023-12-27 05:00:00,subway,254,Jamaica-179 St (F),Queens,14.0
2023-12-27 05:00:00,subway,383,183 St (4),Bronx,38.0
2023-12-27 05:00:00,subway,26,"DeKalb Av (B,Q,R)",Brooklyn,13.0
2023-12-27 05:00:00,subway,26,"DeKalb Av (B,Q,R)",Brooklyn,25.0
2023-12-27 05:00:00,subway,260,"75 Av (E,F)",Queens,6.0
2023-12-27 05:00:00,subway,191,88 St (A),Queens,5.0
2023-12-27 05:00:00,subway,84,85 St-Forest Pkwy (J),Queens,11.0
2023-12-27 05:00:00,subway,84,85 St-Forest Pkwy (J),Queens,41.0
2023-12-27 05:00:00,subway,387,170 St (4),Bronx,33.0
2023-12-27 05:00:00,subway,601,"14 St (F,M,1,2,3)/6 Av (L)",Manhattan,2.0
2023-12-27 05:00:00,subway,6,"39 Av-Dutch Kills (N,W)",Queens,2.0
2023-12-27 05:00:00,subway,54,"Sheepshead Bay (B,Q)",Brooklyn,23.0
2023-12-27 05:00:00,subway,53,Neck Rd (Q),Brooklyn,6.0
2023-12-27 05:00:00,subway,48,Avenue H (Q),Brooklyn,1.0
2023-12-27 05:00:00,subway,471,34 St-Hudson Yards (7),Manhattan,7.0
2023-12-27 05:00:00,subway,603,"149 St-Grand Concourse (2,4,5)",Bronx,12.0
2023-12-27 05:00:00,subway,461,"Queensboro Plaza (7,N,W)",Queens,34.0
2023-12-27 05:00:00,subway,450,103 St-Corona Plaza (7),Queens,457.0
2023-12-27 05:00:00,subway,445,Pelham Pkwy (5),Bronx,5.0
2023-12-27 05:00:00,subway,445,Pelham Pkwy (5),Bronx,5.0
2023-12-27 05:00:00,subway,439,"125 St (2,3)",Manhattan,2.0
2023-12-27 05:00:00,subway,433,"Jackson Av (2,5)",Bronx,8.0
2023-12-27 05:00:00,subway,103,"Bowery (J,Z)",Manhattan,2.0
2023-12-27 05:00:00,subway,459,40 St-Lowery St (7),Queens,18.0
2023-12-27 05:00:00,subway,604,"161 St-Yankee Stadium (B,D,4)",Bronx,136.0
2023-12-27 05:00:00,subway,609,"Bryant Pk (B,D,F,M)/5 Av (7)",Manhattan,10.0
2023-12-27 05:00:00,subway,611,"Times Sq-42 St (N,Q,R,W,S,1,2,3,7)/42 St (A,C,E)",Manhattan,739.0
2023-12-27 05:00:00,subway,89,Cleveland St (J),Brooklyn,2.0
2023-12-27 05:00:00,subway,90,"Van Siclen Av (J,Z)",Brooklyn,1.0
2023-12-27 05:00:00,subway,91,Alabama Av (J),Brooklyn,1.0
2023-12-27 05:00:00,subway,93,"Chauncey St (J,Z)",Brooklyn,9.0
2023-12-27 05:00:00,subway,96,Kosciuszko St (J),Brooklyn,16.0
2023-12-27 05:00:00,tram,TRAM1,RI Tramway (Manhattan),Manhattan,1.0
2023-12-27 05:00:00,subway,76,Bay Pkwy (N),Brooklyn,25.0
2023-12-27 05:00:00,subway,74,18 Av (N),Brooklyn,3.0
2023-12-27 05:00:00,subway,69,25 Av (D),Brooklyn,3.0
2023-12-27 05:00:00,subway,624,"Chambers St (A,C)/WTC (E)/Park Pl (2,3)/Cortlandt (R,W)",Manhattan,2.0
2023-12-27 05:00:00,subway,621,"Broadway Junction (A,C,J,L,Z)",Brooklyn,47.0
2023-12-27 05:00:00,subway,617,"Atlantic Av-Barclays Ctr (B,D,N,Q,R,2,3,4,5)",Brooklyn,45.0
2023-12-27 05:00:00,subway,615,New Utrecht Av (N)/62 St (D),Brooklyn,16.0
2023-12-27 05:00:00,subway,613,"Lexington Av (N,R,W)/59 St (4,5,6)",Manhattan,4.0
2023-12-27 05:00:00,subway,612,"Lexington Av-53 St (E,M)/51 St (6)",Manhattan,2.0
2023-12-27 05:00:00,subway,119,1 Av (L),Manhattan,3.0
2023-12-27 05:00:00,subway,384,Burnside Av (4),Bronx,4.0
2023-12-27 05:00:00,subway,123,Grand St (L),Brooklyn,23.0
2023-12-27 05:00:00,subway,236,"Bergen St (F,G)",Brooklyn,2.0
2023-12-27 05:00:00,subway,453,82 St-Jackson Hts (7),Queens,3.0
2023-12-27 05:00:00,subway,476,86 St (Q),Manhattan,5.0
2023-12-27 05:00:00,subway,51,"Kings Hwy (B,Q)",Brooklyn,123.0
2023-12-27 05:00:00,subway,59,9 Av (D),Brooklyn,5.0
2023-12-27 05:00:00,subway,605,"168 St (A,C,1)",Manhattan,4.0
2023-12-27 05:00:00,subway,617,"Atlantic Av-Barclays Ctr (B,D,N,Q,R,2,3,4,5)",Brooklyn,25.0
2023-12-27 05:00:00,subway,450,103 St-Corona Plaza (7),Queens,25.0
2023-12-27 05:00:00,subway,620,"Court St (R)/Borough Hall (2,3,4,5)",Brooklyn,8.0
2023-12-27 05:00:00,subway,432,"Prospect Av (2,5)",Bronx,3.0
2023-12-27 05:00:00,subway,414,"Bowling Green (4,5)",Manhattan,38.0
2023-12-27 05:00:00,subway,414,"Bowling Green (4,5)",Manhattan,23.0
2023-12-27 05:00:00,subway,407,Astor Pl (6),Manhattan,8.0
2023-12-27 05:00:00,subway,4,"Broadway (N,W)",Queens,6.0
2023-12-27 05:00:00,subway,395,103 St (6),Manhattan,23.0
2023-12-27 05:00:00,subway,98,"Flushing Av (M,J)",Brooklyn,1.0
2023-12-27 05:00:00,subway,403,33 St (6),Manhattan,1.0
2023-12-27 05:00:00,subway,398,77 St (6),Manhattan,3.0
2023-12-27 05:00:00,subway,382,Fordham Rd (4),Bronx,14.0
2023-12-27 05:00:00,subway,245,18 Av (F),Brooklyn,3.0
2023-12-27 05:00:00,subway,246,Avenue I (F),Brooklyn,2.0
2023-12-27 05:00:00,subway,272,"36 St (M,R)",Queens,8.0
2023-12-27 05:00:00,subway,283,Greenpoint Av (G),Brooklyn,1.0
2023-12-27 05:00:00,subway,314,66 St-Lincoln Center (1),Manhattan,11.0
2023-12-27 05:00:00,subway,32,"36 St (D,N,R)",Brooklyn,1.0
2023-12-27 05:00:00,subway,340,"Grand Army Plaza (2,3)",Brooklyn,1.0
2023-12-27 05:00:00,subway,347,Saratoga Av (3),Brooklyn,47.0
2023-12-27 05:00:00,subway,349,Junius St (3),Brooklyn,1.0
2023-12-27 05:00:00,subway,351,Van Siclen Av (3),Brooklyn,19.0
2023-12-27 05:00:00,subway,362,Middletown Rd (6),Bronx,8.0
2023-12-27 05:00:00,subway,368,Morrison Av-Soundview (6),Bronx,12.0
2023-12-27 05:00:00,subway,37,77 St (R),Brooklyn,11.0
2023-12-27 05:00:00,subway,370,Whitlock Av (6),Bronx,4.0
2023-12-27 05:00:00,subway,375,Cypress Av (6),Bronx,4.0
2023-12-27 05:00:00,subway,154,"116 St (C,B)",Manhattan,1.0
2023-12-27 05:00:00,subway,384,Burnside Av (4),Bronx,72.0
2023-12-27 05:00:00,subway,371,Hunts Point Av (6),Bronx,82.0
2023-12-27 05:00:00,subway,79,86 St (N),Brooklyn,17.0
2023-12-27 05:00:00,subway,259,"Kew Gardens-Union Tpke (E,F)",Queens,9.0
2023-12-27 05:00:00,subway,261,"Forest Hills-71 Av (E,F,M,R)",Queens,47.0
2023-12-27 05:00:00,subway,266,"Elmhurst Av (M,R)",Queens,98.0
2023-12-27 05:00:00,subway,284,Nassau Av (G),Brooklyn,2.0
2023-12-27 05:00:00,subway,286,Broadway (G),Brooklyn,8.0
2023-12-27 05:00:00,subway,288,Myrtle-Willoughby Avs (G),Brooklyn,2.0
2023-12-27 05:00:00,subway,294,238 St (1),Bronx,9.0
2023-12-27 05:00:00,subway,296,Marble Hill-225 St (1),Manhattan,3.0
2023-12-27 05:00:00,subway,296,Marble Hill-225 St (1),Manhattan,36.0
2023-12-27 05:00:00,subway,30,Prospect Av (R),Brooklyn,8.0
2023-12-27 05:00:00,subway,316,50 St (1),Manhattan,8.0
2023-12-27 05:00:00,subway,319,28 St (1),Manhattan,2.0
2023-12-27 05:00:00,subway,33,45 St (R),Brooklyn,79.0
2023-12-27 05:00:00,subway,35,"59 St (N,R)",Brooklyn,77.0
2023-12-27 05:00:00,subway,352,New Lots Av (3),Brooklyn,38.0
2023-12-27 05:00:00,subway,352,New Lots Av (3),Brooklyn,5.0
2023-12-27 05:00:00,subway,36,Bay Ridge Av (R),Brooklyn,6.0
2023-12-27 05:00:00,subway,362,Middletown Rd (6),Bronx,6.0
2023-12-27 05:00:00,subway,368,Morrison Av-Soundview (6),Bronx,16.0
2023-12-27 05:00:00,subway,373,E 149 St (6),Bronx,6.0
2023-12-27 05:00:00,subway,374,E 143 St-St Mary's St (6),Bronx,4.0
2023-12-27 05:00:00,subway,259,"Kew Gardens-Union Tpke (E,F)",Queens,125.0
2023-12-27 05:00:00,subway,256,Parsons Blvd (F),Queens,14.0
2023-12-27 05:00:00,subway,254,Jamaica-179 St (F),Queens,91.0
2023-12-27 05:00:00,subway,249,Avenue P (F),Brooklyn,1.0
2023-12-27 05:00:00,subway,154,"116 St (C,B)",Manhattan,1.0
2023-12-27 05:00:00,subway,157,"96 St (C,B)",Manhattan,1.0
2023-12-27 05:00:00,subway,159,"81 St-Museum of Natural History (C,B)",Manhattan,2.0
2023-12-27 05:00:00,subway,168,"Spring St (C,E)",Manhattan,3.0
2023-12-27 05:00:00,subway,17,"Prince St (R,W)",Manhattan,2.0
2023-12-27 05:00:00,subway,183,Rockaway Av (C),Brooklyn,32.0
2023-12-27 05:00:00,subway,186,Van Siclen Av (C),Brooklyn,3.0
2023-12-27 05:00:00,subway,186,Van Siclen Av (C),Brooklyn,7.0
2023-12-27 05:00:00,subway,188,"Euclid Av (A,C)",Brooklyn,6.0
2023-12-27 05:00:00,subway,190,80 St (A),Queens,1.0
2023-12-27 05:00:00,subway,375,Cypress Av (6),Bronx,1.0
2023-12-27 05:00:00,subway,191,88 St (A),Queens,6.0
2023-12-27 05:00:00,subway,197,Aqueduct-N Conduit Av (A),Queens,1.0
2023-12-27 05:00:00,subway,205,Beach 60 St (A),Queens,6.0
2023-12-27 05:00:00,subway,206,Beach 44 St (A),Queens,11.0
2023-12-27 05:00:00,subway,216,"174-175 Sts (B,D)",Bronx,38.0
2023-12-27 05:00:00,subway,22,"Rector St (R,W)",Manhattan,1.0
2023-12-27 05:00:00,subway,221,21 St-Queensbridge (F),Queens,6.0
2023-12-27 05:00:00,subway,234,East Broadway (F),Manhattan,19.0
2023-12-27 05:00:00,subway,242,"Fort Hamilton Pkwy (F,G)",Brooklyn,6.0
2023-12-27 05:00:00,subway,242,"Fort Hamilton Pkwy (F,G)",Brooklyn,15.0
2023-12-27 05:00:00,subway,247,Bay Pkwy (F),Brooklyn,1.0
2023-12-27 05:00:00,subway,194,111 St (A),Queens,7.0
2023-12-27 05:00:00,subway,147,175 St (A),Manhattan,1.0
2023-12-27 05:00:00,subway,376,Brook Av (6),Bronx,8.0
2023-12-27 05:00:00,subway,379,Mosholu Pkwy (4),Bronx,28.0
2023-12-27 05:00:00,subway,607,"34 St-Herald Sq (B,D,F,M,N,Q,R,W)",Manhattan,4.0
2023-12-27 05:00:00,subway,61,50 St (D),Brooklyn,9.0
2023-12-27 05:00:00,subway,610,"Grand Central-42 St (S,4,5,6,7)",Manhattan,223.0
2023-12-27 05:00:00,subway,611,"Times Sq-42 St (N,Q,R,W,S,1,2,3,7)/42 St (A,C,E)",Manhattan,33.0
2023-12-27 05:00:00,subway,611,"Times Sq-42 St (N,Q,R,W,S,1,2,3,7)/42 St (A,C,E)",Manhattan,62.0
2023-12-27 05:00:00,subway,62,55 St (D),Brooklyn,3.0
2023-12-27 05:00:00,subway,623,"Canal St (J,N,Q,R,W,Z,6)",Manhattan,12.0
2023-12-27 05:00:00,subway,623,"Canal St (J,N,Q,R,W,Z,6)",Manhattan,17.0
2023-12-27 05:00:00,subway,624,"Chambers St (A,C)/WTC (E)/Park Pl (2,3)/Cortlandt (R,W)",Manhattan,10.0
2023-12-27 05:00:00,subway,628,"Fulton St (A,C,J,Z,2,3,4,5)",Manhattan,1.0
2023-12-27 05:00:00,subway,635,"South Ferry (1)/Whitehall St (R,W)",Manhattan,31.0
2023-12-27 05:00:00,subway,636,"Jay St-MetroTech (A,C,F,R)",Brooklyn,29.0
2023-12-27 05:00:00,subway,69,25 Av (D),Brooklyn,1.0
2023-12-27 05:00:00,subway,71,8 Av (N),Brooklyn,1.0
2023-12-27 05:00:00,subway,77,Kings Hwy (N),Brooklyn,3.0
2023-12-27 05:00:00,subway,82,"104 St (J,Z)",Queens,38.0
2023-12-27 05:00:00,subway,87,"Crescent St (J,Z)",Brooklyn,21.0
2023-12-27 05:00:00,subway,90,"Van Siclen Av (J,Z)",Brooklyn,12.0
2023-12-27 05:00:00,subway,93,"Chauncey St (J,Z)",Brooklyn,6.0
2023-12-27 05:00:00,subway,95,"Gates Av (J,Z)",Brooklyn,14.0
2023-12-27 05:00:00,subway,96,Kosciuszko St (J),Brooklyn,1.0
2023-12-27 05:00:00,subway,59,9 Av (D),Brooklyn,1.0
2023-12-27 05:00:00,subway,59,9 Av (D),Brooklyn,41.0
2023-12-27 05:00:00,subway,59,9 Av (D),Brooklyn,28.0
2023-12-27 05:00:00,subway,56,Ocean Pkwy (Q),Brooklyn,20.0
2023-12-27 05:00:00,subway,381,Kingsbridge Rd (4),Bronx,89.0
2023-12-27 05:00:00,subway,382,Fordham Rd (4),Bronx,7.0
2023-12-27 05:00:00,subway,109,Fresh Pond Rd (M),Queens,13.0
2023-12-27 05:00:00,subway,385,176 St (4),Bronx,4.0
2023-12-27 05:00:00,subway,391,"138 St-Grand Concourse (4,5)",Bronx,4.0
2023-12-27 05:00:00,subway,396,96 St (6),Manhattan,3.0
2023-12-27 05:00:00,subway,397,"86 St (4,5,6)",Manhattan,3.0
2023-12-27 05:00:00,subway,422,"Burke Av (2,5)",Bronx,4.0
2023-12-27 05:00:00,subway,424,"Pelham Pkwy (2,5)",Bronx,17.0
2023-12-27 05:00:00,subway,428,"174 St (2,5)",Bronx,25.0
2023-12-27 05:00:00,subway,378,Woodlawn (4),Bronx,2.0
2023-12-27 05:00:00,subway,429,"Freeman St (2,5)",Bronx,7.0
2023-12-27 05:00:00,subway,434,"3 Av-149 St (2,5)",Bronx,62.0
2023-12-27 05:00:00,subway,441,"Central Park North (110 St) (2,3)",Manhattan,6.0
2023-12-27 05:00:00,subway,446,Morris Park (5),Bronx,3.0
2023-12-27 05:00:00,subway,452,90 St-Elmhurst Av (7),Queens,11.0
2023-12-27 05:00:00,subway,457,52 St (7),Queens,45.0
2023-12-27 05:00:00,subway,458,46 St-Bliss St (7),Queens,2.0
2023-12-27 05:00:00,subway,461,"Queensboro Plaza (7,N,W)",Queens,4.0
2023-12-27 05:00:00,subway,475,96 St (Q),Manhattan,3.0
2023-12-27 05:00:00,subway,48,Avenue H (Q),Brooklyn,7.0
2023-12-27 05:00:00,subway,55,"Brighton Beach (B,Q)",Brooklyn,3.0
2023-12-27 05:00:00,subway,433,"Jackson Av (2,5)",Bronx,10.0
2023-12-27 05:00:00,subway,146,181 St (A),Manhattan,1.0
2023-12-27 05:00:00,subway,141,Park Pl (S),Brooklyn,2.0
2023-12-27 05:00:00,subway,137,East 105 St (L),Brooklyn,7.0
2023-12-27 05:00:00,subway,221,21 St-Queensbridge (F),Queens,3.0
2023-12-27 05:00:00,subway,222,Roosevelt Island (F),Manhattan,3.0
2023-12-27 05:00:00,subway,236,"Bergen St (F,G)",Brooklyn,5.0
2023-12-27 05:00:00,subway,236,"Bergen St (F,G)",Brooklyn,2.0
2023-12-27 05:00:00,subway,251,Avenue U (F),Brooklyn,7.0
2023-12-27 05:00:00,subway,255,169 St (F),Queens,29.0
2023-12-27 05:00:00,subway,261,"Forest Hills-71 Av (E,F,M,R)",Queens,37.0
2023-12-27 05:00:00,subway,28,Union St (R),Brooklyn,1.0
2023-12-27 05:00:00,subway,287,Flushing Av (G),Brooklyn,5.0
2023-12-27 05:00:00,subway,296,Marble Hill-225 St (1),Manhattan,18.0
2023-12-27 05:00:00,subway,30,Prospect Av (R),Brooklyn,1.0
2023-12-27 05:00:00,subway,303,157 St (1),Manhattan,71.0
2023-12-27 05:00:00,subway,304,145 St (1),Manhattan,22.0
2023-12-27 05:00:00,subway,306,125 St (1),Manhattan,1.0
2023-12-27 05:00:00,subway,316,50 St (1),Manhattan,4.0
2023-12-27 05:00:00,subway,321,18 St (1),Manhattan,2.0
2023-12-27 05:00:00,subway,325,Canal St (1),Manhattan,1.0
2023-12-27 05:00:00,subway,327,"Chambers St (1,2,3)",Manhattan,2.0
2023-12-27 05:00:00,subway,328,WTC Cortlandt (1),Manhattan,32.0
2023-12-27 05:00:00,subway,337,"Nevins St (2,3,4,5)",Brooklyn,5.0
2023-12-27 05:00:00,subway,34,53 St (R),Brooklyn,6.0
2023-12-27 05:00:00,subway,220,"155 St (B,D)",Manhattan,7.0
2023-12-27 05:00:00,subway,214,"182-183 Sts (B,D)",Bronx,34.0
2023-12-27 05:00:00,subway,212,"Kingsbridge Rd (B,D)",Bronx,6.0
2023-12-27 05:00:00,subway,205,Beach 60 St (A),Queens,1.0
2023-12-27 05:00:00,subway,114,Central Av (M),Brooklyn,2.0
2023-12-27 05:00:00,subway,120,Bedford Av (L),Brooklyn,3.0
2023-12-27 05:00:00,subway,124,Montrose Av (L),Brooklyn,18.0
2023-12-27 05:00:00,subway,136,New Lots Av (L),Brooklyn,12.0
2023-12-27 05:00:00,subway,136,New Lots Av (L),Brooklyn,1.0
2023-12-27 05:00:00,subway,143,Inwood-207 St (A),Manhattan,6.0
2023-12-27 05:00:00,subway,144,Dyckman St (A),Manhattan,19.0
2023-12-27 05:00:00,subway,146,181 St (A),Manhattan,3.0
2023-12-27 05:00:00,subway,147,175 St (A),Manhattan,18.0
2023-12-27 05:00:00,subway,156,"103 St (C,B)",Manhattan,1.0
2023-12-27 05:00:00,subway,347,Saratoga Av (3),Brooklyn,4.0
2023-12-27 05:00:00,subway,159,"81 St-Museum of Natural History (C,B)",Manhattan,3.0
2023-12-27 05:00:00,subway,167,"W 4 St-Wash Sq (A,C,E,B,D,F,M)",Manhattan,3.0
2023-12-27 05:00:00,subway,187,Shepherd Av (C),Brooklyn,27.0
2023-12-27 05:00:00,subway,188,"Euclid Av (A,C)",Brooklyn,18.0
2023-12-27 05:00:00,subway,188,"Euclid Av (A,C)",Brooklyn,20.0
2023-12-27 05:00:00,subway,191,88 St (A),Queens,56.0
2023-12-27 05:00:00,subway,195,Ozone Park-Lefferts Blvd (A),Queens,8.0
2023-12-27 05:00:00,subway,195,Ozone Park-Lefferts Blvd (A),Queens,117.0
2023-12-27 05:00:00,subway,195,Ozone Park-Lefferts Blvd (A),Queens,25.0
2023-12-27 05:00:00,subway,2,"Astoria Blvd (N,W)",Queens,15.0
2023-12-27 05:00:00,subway,205,Beach 60 St (A),Queens,13.0
2023-12-27 05:00:00,subway,162,"50 St (C,E)",Manhattan,1.0
2023-12-27 05:00:00,subway,348,Rockaway Av (3),Brooklyn,10.0
2023-12-27 05:00:00,subway,349,Junius St (3),Brooklyn,8.0
2023-12-27 05:00:00,subway,352,New Lots Av (3),Brooklyn,23.0
2023-12-27 05:00:00,subway,475,96 St (Q),Manhattan,8.0
2023-12-27 05:00:00,subway,49,Avenue J (Q),Brooklyn,4.0
2023-12-27 05:00:00,subway,54,"Sheepshead Bay (B,Q)",Brooklyn,34.0
2023-12-27 05:00:00,subway,602,"14 St-Union Sq (L,N,Q,R,W,4,5,6)",Manhattan,32.0
2023-12-27 05:00:00,subway,608,"4 Av (F,G)/9 St (R)",Brooklyn,1.0
2023-12-27 05:00:00,subway,608,"4 Av (F,G)/9 St (R)",Brooklyn,7.0
2023-12-27 05:00:00,subway,610,"Grand Central-42 St (S,4,5,6,7)",Manhattan,9.0
2023-12-27 05:00:00,subway,614,"59 St-Columbus Circle (A,B,C,D,1)",Manhattan,1.0
2023-12-27 05:00:00,subway,618,"14 St (A,C,E)/8 Av (L)",Manhattan,2.0
2023-12-27 05:00:00,subway,626,"Franklin Av (2,3,4,5)/Botanic Garden (S)",Brooklyn,38.0
2023-12-27 05:00:00,subway,461,"Queensboro Plaza (7,N,W)",Queens,4.0
2023-12-27 05:00:00,subway,636,"Jay St-MetroTech (A,C,F,R)",Brooklyn,2.0
2023-12-27 05:00:00,subway,76,Bay Pkwy (N),Brooklyn,13.0
2023-12-27 05:00:00,subway,82,"104 St (J,Z)",Queens,1.0
2023-12-27 05:00:00,subway,9,"57 St-7 Av (N,Q,R,W)",Manhattan,2.0
2023-12-27 05:00:00,subway,93,"Chauncey St (J,Z)",Brooklyn,1.0
2023-12-27 05:00:00,subway,95,"Gates Av (J,Z)",Brooklyn,24.0
2023-12-27 05:00:00,subway,98,"Flushing Av (M,J)",Brooklyn,6.0
2023-12-27 05:00:00,tram,TRAM2,RI Tramway (Roosevelt),Manhattan,3.0
2023-12-27 05:00:00,subway,113,Knickerbocker Av (M),Brooklyn,1.0
2023-12-27 05:00:00,subway,130,Wilson Av (L),Brooklyn,23.0
2023-12-27 05:00:00,subway,134,Sutter Av (L),Brooklyn,4.0
2023-12-27 05:00:00,subway,70,Bay 50 St (D),Brooklyn,24.0
2023-12-27 05:00:00,subway,97,"Myrtle Av (M,J,Z)",Brooklyn,15.0
2023-12-27 05:00:00,subway,459,40 St-Lowery St (7),Queens,19.0
2023-12-27 05:00:00,subway,450,103 St-Corona Plaza (7),Queens,16.0
2023-12-27 05:00:00,subway,353,"President St-Medgar Evers College (2,5)",Brooklyn,1.0
2023-12-27 05:00:00,subway,354,"Sterling St (2,5)",Brooklyn,4.0
2023-12-27 05:00:00,subway,355,"Winthrop St (2,5)",Brooklyn,2.0
2023-12-27 05:00:00,subway,358,"Newkirk Av-Little Haiti (2,5)",Brooklyn,6.0
2023-12-27 05:00:00,subway,358,"Newkirk Av-Little Haiti (2,5)",Brooklyn,4.0
2023-12-27 05:00:00,subway,359,"Flatbush Av-Brooklyn College (2,5)",Brooklyn,34.0
2023-12-27 05:00:00,subway,360,Pelham Bay Park (6),Bronx,5.0
2023-12-27 05:00:00,subway,362,Middletown Rd (6),Bronx,3.0
2023-12-27 05:00:00,subway,37,77 St (R),Brooklyn,29.0
2023-12-27 05:00:00,subway,370,Whitlock Av (6),Bronx,2.0
2023-12-27 05:00:00,subway,457,52 St (7),Queens,3.0
2023-12-27 05:00:00,subway,386,Mt Eden Av (4),Bronx,7.0
2023-12-27 05:00:00,subway,399,68 St-Hunter College (6),Manhattan,1.0
2023-12-27 05:00:00,subway,424,"Pelham Pkwy (2,5)",Bronx,39.0
2023-12-27 05:00:00,subway,427,"West Farms Sq-E Tremont Av (2,5)",Bronx,2.0
2023-12-27 05:00:00,subway,434,"3 Av-149 St (2,5)",Bronx,23.0
2023-12-27 05:00:00,subway,434,"3 Av-149 St (2,5)",Bronx,6.0
2023-12-27 05:00:00,subway,438,"135 St (2,3)",Manhattan,6.0
2023-12-27 05:00:00,subway,44,"Church Av (B,Q)",Brooklyn,70.0
2023-12-27 05:00:00,subway,44,"Church Av (B,Q)",Brooklyn,1.0
2023-12-27 05:00:00,subway,440,"116 St (2,3)",Manhattan,14.0
2023-12-27 05:00:00,subway,448,Mets-Willets Point (7),Queens,2.0
2023-12-27 05:00:00,subway,397,"86 St (4,5,6)",Manhattan,1.0
2023-12-27 05:00:00,tram,TRAM2,RI Tramway (Roosevelt),Manhattan,4.0
2023-12-27 05:00:00,subway,383,183 St (4),Bronx,2.0
2023-12-27 05:00:00,subway,107,"Broad St (J,Z)",Manhattan,4.0
2023-12-27 06:00:00,subway,1,"Astoria-Ditmars Blvd (N,W)",Queens,18.0
2023-12-27 06:00:00,subway,109,Fresh Pond Rd (M),Queens,34.0
2023-12-27 06:00:00,subway,113,Knickerbocker Av (M),Brooklyn,34.0
2023-12-27 06:00:00,subway,114,Central Av (M),Brooklyn,1.0
2023-12-27 06:00:00,subway,120,Bedford Av (L),Brooklyn,18.0
2023-12-27 06:00:00,subway,122,Graham Av (L),Brooklyn,1.0
2023-12-27 06:00:00,subway,123,Grand St (L),Brooklyn,68.0
2023-12-27 06:00:00,subway,124,Montrose Av (L),Brooklyn,7.0
2023-12-27 06:00:00,subway,133,Atlantic Av (L),Brooklyn,16.0
2023-12-27 06:00:00,subway,137,East 105 St (L),Brooklyn,12.0
2023-12-27 06:00:00,subway,143,Inwood-207 St (A),Manhattan,30.0
2023-12-27 06:00:00,subway,150,155 St (C),Manhattan,3.0
2023-12-27 06:00:00,subway,154,"116 St (C,B)",Manhattan,4.0
2023-12-27 06:00:00,subway,155,"Cathedral Pkwy (110 St) (C,B)",Manhattan,14.0
2023-12-27 06:00:00,subway,168,"Spring St (C,E)",Manhattan,14.0
2023-12-27 06:00:00,subway,94,Halsey St (J),Brooklyn,4.0
2023-12-27 06:00:00,subway,169,"Canal St (A,C,E)",Manhattan,9.0
2023-12-27 06:00:00,subway,93,"Chauncey St (J,Z)",Brooklyn,1.0
2023-12-27 06:00:00,subway,67,20 Av (D),Brooklyn,99.0
2023-12-27 06:00:00,subway,456,61 St-Woodside (7),Queens,21.0
2023-12-27 06:00:00,subway,471,34 St-Hudson Yards (7),Manhattan,14.0
2023-12-27 06:00:00,subway,475,96 St (Q),Manhattan,31.0
2023-12-27 06:00:00,subway,477,72 St (Q),Manhattan,56.0
2023-12-27 06:00:00,subway,54,"Sheepshead Bay (B,Q)",Brooklyn,27.0
2023-12-27 06:00:00,subway,58,"Coney Island-Stillwell Av (D,F,N,Q)",Brooklyn,110.0
2023-12-27 06:00:00,subway,61,50 St (D),Brooklyn,10.0
2023-12-27 06:00:00,subway,612,"Lexington Av-53 St (E,M)/51 St (6)",Manhattan,80.0
2023-12-27 06:00:00,subway,616,"74-Broadway (7)/Jackson Hts-Roosevelt Av (E,F,M,R)",Queens,2.0
2023-12-27 06:00:00,subway,621,"Broadway Junction (A,C,J,L,Z)",Brooklyn,44.0
2023-12-27 06:00:00,subway,623,"Canal St (J,N,Q,R,W,Z,6)",Manhattan,32.0
2023-12-27 06:00:00,subway,628,"Fulton St (A,C,J,Z,2,3,4,5)",Manhattan,5.0
2023-12-27 06:00:00,staten_island_railway,501,St George (SIR),Staten Island,87.0
2023-12-27 06:00:00,subway,636,"Jay St-MetroTech (A,C,F,R)",Brooklyn,27.0
2023-12-27 06:00:00,subway,66,18 Av (D),Brooklyn,102.0
2023-12-27 06:00:00,subway,69,25 Av (D),Brooklyn,1.0
2023-12-27 06:00:00,subway,177,Clinton-Washington Avs (C),Brooklyn,8.0
2023-12-27 06:00:00,subway,194,111 St (A),Queens,1.0
2023-12-27 06:00:00,subway,209,Far Rockaway-Mott Av (A),Queens,8.0
2023-12-27 06:00:00,subway,308,Cathedral Pkwy (110 St) (1),Manhattan,2.0
2023-12-27 06:00:00,subway,312,79 St (1),Manhattan,1.0
2023-12-27 06:00:00,subway,316,50 St (1),Manhattan,10.0
2023-12-27 06:00:00,subway,328,WTC Cortlandt (1),Manhattan,60.0
2023-12-27 06:00:00,subway,329,Rector St (1),Manhattan,3.0
2023-12-27 06:00:00,subway,333,"Wall St (2,3)",Manhattan,3.0
2023-12-27 06:00:00,subway,337,"Nevins St (2,3,4,5)",Brooklyn,3.0
2023-12-27 06:00:00,subway,34,53 St (R),Brooklyn,13.0
2023-12-27 06:00:00,subway,341,"Eastern Pkwy-Brooklyn Museum (2,3)",Brooklyn,18.0
2023-12-27 06:00:00,subway,344,Kingston Av (3),Brooklyn,3.0
2023-12-27 06:00:00,subway,347,Saratoga Av (3),Brooklyn,8.0
2023-12-27 06:00:00,subway,348,Rockaway Av (3),Brooklyn,10.0
2023-12-27 06:00:00,subway,349,Junius St (3),Brooklyn,3.0
2023-12-27 06:00:00,subway,350,Pennsylvania Av (3),Brooklyn,12.0
2023-12-27 06:00:00,subway,351,Van Siclen Av (3),Brooklyn,27.0
2023-12-27 06:00:00,subway,304,145 St (1),Manhattan,3.0
2023-12-27 06:00:00,subway,301,181 St (1),Manhattan,74.0
2023-12-27 06:00:00,subway,297,215 St (1),Manhattan,1.0
2023-12-27 06:00:00,subway,294,238 St (1),Bronx,61.0
2023-12-27 06:00:00,subway,210,Norwood-205 St (D),Bronx,18.0
2023-12-27 06:00:00,subway,211,"Bedford Park Blvd (B,D)",Bronx,12.0
2023-12-27 06:00:00,subway,220,"155 St (B,D)",Manhattan,12.0
2023-12-27 06:00:00,subway,237,"Carroll St (F,G)",Brooklyn,2.0
2023-12-27 06:00:00,subway,248,Avenue N (F),Brooklyn,4.0
2023-12-27 06:00:00,subway,250,Kings Hwy (F),Brooklyn,9.0
2023-12-27 06:00:00,subway,252,Avenue X (F),Brooklyn,30.0
2023-12-27 06:00:00,subway,452,90 St-Elmhurst Av (7),Queens,255.0
2023-12-27 06:00:00,subway,254,Jamaica-179 St (F),Queens,36.0
2023-12-27 06:00:00,subway,261,"Forest Hills-71 Av (E,F,M,R)",Queens,22.0
2023-12-27 06:00:00,subway,269,"Northern Blvd (M,R)",Queens,8.0
2023-12-27 06:00:00,subway,278,"Jamaica Center-Parsons/Archer (E,J,Z)",Queens,2.0
2023-12-27 06:00:00,subway,280,Jamaica-Van Wyck (E),Queens,8.0
2023-12-27 06:00:00,subway,292,Fulton St (G),Brooklyn,37.0
2023-12-27 06:00:00,subway,293,Van Cortlandt Park-242 St (1),Bronx,151.0
2023-12-27 06:00:00,subway,293,Van Cortlandt Park-242 St (1),Bronx,11.0
2023-12-27 06:00:00,subway,260,"75 Av (E,F)",Queens,2.0
2023-12-27 06:00:00,subway,449,111 St (7),Queens,19.0
2023-12-27 06:00:00,subway,446,Morris Park (5),Bronx,2.0
2023-12-27 06:00:00,subway,445,Pelham Pkwy (5),Bronx,16.0
2023-12-27 06:00:00,subway,204,Beach 67 St (A),Queens,8.0
2023-12-27 06:00:00,subway,205,Beach 60 St (A),Queens,19.0
2023-12-27 06:00:00,subway,205,Beach 60 St (A),Queens,3.0
2023-12-27 06:00:00,subway,207,Beach 36 St (A),Queens,2.0
2023-12-27 06:00:00,subway,223,"Lexington Av/63 St (F,Q)",Manhattan,6.0
2023-12-27 06:00:00,subway,228,"23 St (F,M)",Manhattan,51.0
2023-12-27 06:00:00,subway,231,"Grand St (B,D)",Manhattan,8.0
2023-12-27 06:00:00,subway,247,Bay Pkwy (F),Brooklyn,17.0
2023-12-27 06:00:00,subway,259,"Kew Gardens-Union Tpke (E,F)",Queens,217.0
2023-12-27 06:00:00,subway,261,"Forest Hills-71 Av (E,F,M,R)",Queens,333.0
2023-12-27 06:00:00,subway,268,"65 St (M,R)",Queens,21.0
2023-12-27 06:00:00,subway,273,"Queens Plaza (E,M,R)",Queens,114.0
2023-12-27 06:00:00,subway,277,"7 Av (E,B,D)",Manhattan,4.0
2023-12-27 06:00:00,subway,278,"Jamaica Center-Parsons/Archer (E,J,Z)",Queens,31.0
2023-12-27 06:00:00,subway,28,Union St (R),Brooklyn,6.0
2023-12-27 06:00:00,subway,200,"Beach 90 St (A,S)",Queens,4.0
2023-12-27 06:00:00,subway,2,"Astoria Blvd (N,W)",Queens,128.0
2023-12-27 06:00:00,subway,199,"Broad Channel (A,S)",Queens,4.0
2023-12-27 06:00:00,subway,197,Aqueduct-N Conduit Av (A),Queens,1.0
2023-12-27 06:00:00,subway,107,"Broad St (J,Z)",Manhattan,6.0
2023-12-27 06:00:00,subway,114,Central Av (M),Brooklyn,2.0
2023-12-27 06:00:00,subway,120,Bedford Av (L),Brooklyn,12.0
2023-12-27 06:00:00,subway,125,Morgan Av (L),Brooklyn,2.0
2023-12-27 06:00:00,subway,126,Jefferson St (L),Brooklyn,4.0
2023-12-27 06:00:00,subway,133,Atlantic Av (L),Brooklyn,1.0
2023-12-27 06:00:00,subway,135,Livonia Av (L),Brooklyn,8.0
2023-12-27 06:00:00,subway,280,Jamaica-Van Wyck (E),Queens,16.0
2023-12-27 06:00:00,subway,137,East 105 St (L),Brooklyn,43.0
2023-12-27 06:00:00,subway,143,Inwood-207 St (A),Manhattan,24.0
2023-12-27 06:00:00,subway,160,"72 St (C,B)",Manhattan,3.0
2023-12-27 06:00:00,subway,173,"High St (A,C)",Brooklyn,2.0
2023-12-27 06:00:00,subway,175,"Hoyt-Schermerhorn Sts (A,C,G)",Brooklyn,17.0
2023-12-27 06:00:00,subway,176,Lafayette Av (C),Brooklyn,1.0
2023-12-27 06:00:00,subway,179,"Nostrand Av (A,C)",Brooklyn,60.0
2023-12-27 06:00:00,subway,193,104 St (A),Queens,35.0
2023-12-27 06:00:00,subway,14,"23 St (R,W)",Manhattan,2.0
2023-12-27 06:00:00,subway,353,"President St-Medgar Evers College (2,5)",Brooklyn,1.0
2023-12-27 06:00:00,subway,284,Nassau Av (G),Brooklyn,3.0
2023-12-27 06:00:00,subway,287,Flushing Av (G),Brooklyn,3.0
2023-12-27 06:00:00,subway,381,Kingsbridge Rd (4),Bronx,63.0
2023-12-27 06:00:00,subway,383,183 St (4),Bronx,21.0
2023-12-27 06:00:00,subway,385,176 St (4),Bronx,41.0
2023-12-27 06:00:00,subway,386,Mt Eden Av (4),Bronx,30.0
2023-12-27 06:00:00,subway,388,167 St (4),Bronx,43.0
2023-12-27 06:00:00,subway,394,110 St (6),Manhattan,28.0
2023-12-27 06:00:00,subway,405,23 St (6),Manhattan,8.0
2023-12-27 06:00:00,subway,413,"Wall St (4,5)",Manhattan,9.0
2023-12-27 06:00:00,subway,418,"233 St (2,5)",Bronx,54.0
2023-12-27 06:00:00,subway,42,"Prospect Park (B,Q,S)",Brooklyn,20.0
2023-12-27 06:00:00,subway,423,"Allerton Av (2,5)",Bronx,6.0
2023-12-27 06:00:00,subway,429,"Freeman St (2,5)",Bronx,4.0
2023-12-27 06:00:00,subway,431,"Intervale Av (2,5)",Bronx,9.0
2023-12-27 06:00:00,subway,432,"Prospect Av (2,5)",Bronx,8.0
2023-12-27 06:00:00,subway,441,"Central Park North (110 St) (2,3)",Manhattan,38.0
2023-12-27 06:00:00,subway,381,Kingsbridge Rd (4),Bronx,12.0
2023-12-27 06:00:00,subway,373,E 149 St (6),Bronx,13.0
2023-12-27 06:00:00,subway,371,Hunts Point Av (6),Bronx,34.0
2023-12-27 06:00:00,subway,369,Elder Av (6),Bronx,13.0
2023-12-27 06:00:00,subway,296,Marble Hill-225 St (1),Manhattan,17.0
2023-12-27 06:00:00,subway,298,207 St (1),Manhattan,20.0
2023-12-27 06:00:00,subway,3,"30 Av (N,W)",Queens,10.0
2023-12-27 06:00:00,subway,303,157 St (1),Manhattan,7.0
2023-12-27 06:00:00,subway,306,125 St (1),Manhattan,11.0
2023-12-27 06:00:00,subway,311,86 St (1),Manhattan,54.0
2023-12-27 06:00:00,subway,312,79 St (1),Manhattan,22.0
2023-12-27 06:00:00,subway,286,Broadway (G),Brooklyn,28.0
2023-12-27 06:00:00,subway,318,"34 St-Penn Station (1,2,3)",Manhattan,18.0
2023-12-27 06:00:00,subway,347,Saratoga Av (3),Brooklyn,15.0
2023-12-27 06:00:00,subway,348,Rockaway Av (3),Brooklyn,7.0
2023-12-27 06:00:00,subway,358,"Newkirk Av-Little Haiti (2,5)",Brooklyn,92.0
2023-12-27 06:00:00,subway,363,Westchester Sq-E Tremont Av (6),Bronx,8.0
2023-12-27 06:00:00,subway,364,Zerega Av (6),Bronx,4.0
2023-12-27 06:00:00,subway,366,Parkchester (6),Bronx,82.0
2023-12-27 06:00:00,subway,367,St Lawrence Av (6),Bronx,7.0
2023-12-27 06:00:00,subway,320,23 St (1),Manhattan,5.0
2023-12-27 06:00:00,subway,130,Wilson Av (L),Brooklyn,1.0
2023-12-27 06:00:00,subway,127,DeKalb Av (L),Brooklyn,10.0
2023-12-27 06:00:00,subway,366,Parkchester (6),Bronx,246.0
2023-12-27 06:00:00,subway,314,66 St-Lincoln Center (1),Manhattan,2.0
2023-12-27 06:00:00,subway,310,"96 St (1,2,3)",Manhattan,21.0
2023-12-27 06:00:00,subway,31,25 St (R),Brooklyn,6.0
2023-12-27 06:00:00,subway,308,Cathedral Pkwy (110 St) (1),Manhattan,3.0
2023-12-27 06:00:00,subway,307,116 St-Columbia University (1),Manhattan,7.0
2023-12-27 06:00:00,subway,304,145 St (1),Manhattan,25.0
2023-12-27 06:00:00,subway,303,157 St (1),Manhattan,33.0
2023-12-27 06:00:00,subway,30,Prospect Av (R),Brooklyn,2.0
2023-12-27 06:00:00,subway,299,Dyckman St (1),Manhattan,55.0
2023-12-27 06:00:00,subway,297,215 St (1),Manhattan,4.0
2023-12-27 06:00:00,subway,295,231 St (1),Bronx,19.0
2023-12-27 06:00:00,subway,293,Van Cortlandt Park-242 St (1),Bronx,7.0
2023-12-27 06:00:00,subway,292,Fulton St (G),Brooklyn,4.0
2023-12-27 06:00:00,subway,284,Nassau Av (G),Brooklyn,9.0
2023-12-27 06:00:00,subway,270,"46 St (M,R)",Queens,102.0
2023-12-27 06:00:00,subway,314,66 St-Lincoln Center (1),Manhattan,32.0
2023-12-27 06:00:00,subway,266,"Elmhurst Av (M,R)",Queens,73.0
2023-12-27 06:00:00,subway,318,"34 St-Penn Station (1,2,3)",Manhattan,494.0
2023-12-27 06:00:00,subway,32,"36 St (D,N,R)",Brooklyn,3.0
2023-12-27 06:00:00,subway,407,Astor Pl (6),Manhattan,4.0
2023-12-27 06:00:00,subway,403,33 St (6),Manhattan,59.0
2023-12-27 06:00:00,subway,395,103 St (6),Manhattan,37.0
2023-12-27 06:00:00,subway,387,170 St (4),Bronx,8.0
2023-12-27 06:00:00,subway,383,183 St (4),Bronx,43.0
2023-12-27 06:00:00,subway,365,Castle Hill Av (6),Bronx,21.0
2023-12-27 06:00:00,subway,360,Pelham Bay Park (6),Bronx,7.0
2023-12-27 06:00:00,subway,352,New Lots Av (3),Brooklyn,95.0
2023-12-27 06:00:00,subway,340,"Grand Army Plaza (2,3)",Brooklyn,6.0
2023-12-27 06:00:00,subway,34,53 St (R),Brooklyn,8.0
2023-12-27 06:00:00,subway,339,"Bergen St (2,3)",Brooklyn,15.0
2023-12-27 06:00:00,subway,333,"Wall St (2,3)",Manhattan,9.0
2023-12-27 06:00:00,subway,33,45 St (R),Brooklyn,46.0
2023-12-27 06:00:00,subway,326,Franklin St (1),Manhattan,3.0
2023-12-27 06:00:00,subway,325,Canal St (1),Manhattan,1.0
2023-12-27 06:00:00,subway,319,28 St (1),Manhattan,1.0
2023-12-27 06:00:00,subway,265,"Grand Av-Newtown (M,R)",Queens,29.0
2023-12-27 06:00:00,subway,26,"DeKalb Av (B,Q,R)",Brooklyn,68.0
2023-12-27 06:00:00,subway,26,"DeKalb Av (B,Q,R)",Brooklyn,30.0
2023-12-27 06:00:00,subway,196,Aqueduct Racetrack (A),Queens,2.0
2023-12-27 06:00:00,subway,191,88 St (A),Queens,67.0
2023-12-27 06:00:00,subway,191,88 St (A),Queens,9.0
2023-12-27 06:00:00,subway,183,Rockaway Av (C),Brooklyn,45.0
2023-12-27 06:00:00,subway,182,Ralph Av (C),Brooklyn,15.0
2023-12-27 06:00:00,subway,153,"125 St (A,C,B,D)",Manhattan,7.0
2023-12-27 06:00:00,subway,149,163 St-Amsterdam Av (C),Manhattan,8.0
2023-12-27 06:00:00,subway,146,181 St (A),Manhattan,34.0
2023-12-27 06:00:00,subway,145,190 St (A),Manhattan,4.0
2023-12-27 06:00:00,subway,133,Atlantic Av (L),Brooklyn,4.0
2023-12-27 06:00:00,subway,130,Wilson Av (L),Brooklyn,57.0
2023-12-27 06:00:00,subway,107,"Broad St (J,Z)",Manhattan,7.0
2023-12-27 06:00:00,subway,107,"Broad St (J,Z)",Manhattan,2.0
2023-12-27 06:00:00,subway,109,Fresh Pond Rd (M),Queens,9.0
2023-12-27 06:00:00,subway,122,Graham Av (L),Brooklyn,5.0
2023-12-27 06:00:00,subway,199,"Broad Channel (A,S)",Queens,3.0
2023-12-27 06:00:00,subway,20,"City Hall (R,W)",Manhattan,4.0
2023-12-27 06:00:00,subway,200,"Beach 90 St (A,S)",Queens,8.0
2023-12-27 06:00:00,subway,204,Beach 67 St (A),Queens,10.0
2023-12-27 06:00:00,subway,26,"DeKalb Av (B,Q,R)",Brooklyn,34.0
2023-12-27 06:00:00,subway,256,Parsons Blvd (F),Queens,7.0
2023-12-27 06:00:00,subway,255,169 St (F),Queens,41.0
2023-12-27 06:00:00,subway,254,Jamaica-179 St (F),Queens,83.0
2023-12-27 06:00:00,subway,250,Kings Hwy (F),Brooklyn,3.0
2023-12-27 06:00:00,subway,247,Bay Pkwy (F),Brooklyn,16.0
2023-12-27 06:00:00,subway,244,Ditmas Av (F),Brooklyn,51.0
2023-12-27 06:00:00,subway,409,Spring St (6),Manhattan,2.0
2023-12-27 06:00:00,subway,243,"Church Av (F,G)",Brooklyn,10.0
2023-12-27 06:00:00,subway,231,"Grand St (B,D)",Manhattan,27.0
2023-12-27 06:00:00,subway,221,21 St-Queensbridge (F),Queens,17.0
2023-12-27 06:00:00,subway,220,"155 St (B,D)",Manhattan,12.0
2023-12-27 06:00:00,subway,218,"167 St (B,D)",Bronx,24.0
2023-12-27 06:00:00,subway,211,"Bedford Park Blvd (B,D)",Bronx,45.0
2023-12-27 06:00:00,subway,208,Beach 25 St (A),Queens,30.0
2023-12-27 06:00:00,subway,205,Beach 60 St (A),Queens,1.0
2023-12-27 06:00:00,subway,237,"Carroll St (F,G)",Brooklyn,40.0
2023-12-27 06:00:00,subway,414,"Bowling Green (4,5)",Manhattan,4.0
2023-12-27 06:00:00,subway,420,"219 St (2,5)",Bronx,33.0
2023-12-27 06:00:00,subway,423,"Allerton Av (2,5)",Bronx,25.0
2023-12-27 06:00:00,subway,448,Mets-Willets Point (7),Queens,7.0
2023-12-27 06:00:00,subway,448,Mets-Willets Point (7),Queens,48.0
2023-12-27 06:00:00,subway,451,Junction Blvd (7),Queens,811.0
2023-12-27 06:00:00,subway,464,Vernon Blvd-Jackson Av (7),Queens,106.0
2023-12-27 06:00:00,subway,475,96 St (Q),Manhattan,40.0
2023-12-27 06:00:00,subway,477,72 St (Q),Manhattan,6.0
2023-12-27 06:00:00,subway,48,Avenue H (Q),Brooklyn,9.0
2023-12-27 06:00:00,subway,53,Neck Rd (Q),Brooklyn,6.0
2023-12-27 06:00:00,subway,608,"4 Av (F,G)/9 St (R)",Brooklyn,11.0
2023-12-27 06:00:00,subway,610,"Grand Central-42 St (S,4,5,6,7)",Manhattan,394.0
2023-12-27 06:00:00,subway,614,"59 St-Columbus Circle (A,B,C,D,1)",Manhattan,52.0
2023-12-27 06:00:00,subway,62,55 St (D),Brooklyn,2.0
2023-12-27 06:00:00,subway,625,"Delancey St (F)/Essex St (J,M,Z)",Manhattan,4.0
2023-12-27 06:00:00,subway,64,71 St (D),Brooklyn,86.0
2023-12-27 06:00:00,subway,66,18 Av (D),Brooklyn,16.0
2023-12-27 06:00:00,subway,447,Flushing-Main St (7),Queens,91.0
2023-12-27 06:00:00,subway,441,"Central Park North (110 St) (2,3)",Manhattan,2.0
2023-12-27 06:00:00,subway,432,"Prospect Av (2,5)",Bronx,15.0
2023-12-27 06:00:00,subway,432,"Prospect Av (2,5)",Bronx,21.0
2023-12-27 06:00:00,subway,369,Elder Av (6),Bronx,75.0
2023-12-27 06:00:00,subway,370,Whitlock Av (6),Bronx,13.0
2023-12-27 06:00:00,subway,370,Whitlock Av (6),Bronx,31.0
2023-12-27 06:00:00,subway,381,Kingsbridge Rd (4),Bronx,101.0
2023-12-27 06:00:00,subway,382,Fordham Rd (4),Bronx,148.0
2023-12-27 06:00:00,subway,387,170 St (4),Bronx,6.0
2023-12-27 06:00:00,subway,39,Bay Ridge-95 St (R),Brooklyn,5.0
2023-12-27 06:00:00,subway,66,18 Av (D),Brooklyn,2.0
2023-12-27 06:00:00,subway,396,96 St (6),Manhattan,14.0
2023-12-27 06:00:00,subway,403,33 St (6),Manhattan,2.0
2023-12-27 06:00:00,subway,405,23 St (6),Manhattan,26.0
2023-12-27 06:00:00,subway,41,"7 Av (B,Q)",Brooklyn,29.0
2023-12-27 06:00:00,subway,413,"Wall St (4,5)",Manhattan,2.0
2023-12-27 06:00:00,subway,414,"Bowling Green (4,5)",Manhattan,100.0
2023-12-27 06:00:00,subway,426,"E 180 St (2,5)",Bronx,69.0
2023-12-27 06:00:00,subway,428,"174 St (2,5)",Bronx,13.0
2023-12-27 06:00:00,subway,4,"Broadway (N,W)",Queens,46.0
2023-12-27 06:00:00,subway,36,Bay Ridge Av (R),Brooklyn,10.0
2023-12-27 06:00:00,subway,70,Bay 50 St (D),Brooklyn,5.0
2023-12-27 06:00:00,subway,74,18 Av (N),Brooklyn,36.0
2023-12-27 06:00:00,subway,610,"Grand Central-42 St (S,4,5,6,7)",Manhattan,729.0
2023-12-27 06:00:00,subway,606,"Court Sq (E,G,M,7)",Queens,5.0
2023-12-27 06:00:00,subway,605,"168 St (A,C,1)",Manhattan,16.0
2023-12-27 06:00:00,subway,602,"14 St-Union Sq (L,N,Q,R,W,4,5,6)",Manhattan,1.0
2023-12-27 06:00:00,subway,57,"W 8 St-NY Aquarium (F,Q)",Brooklyn,2.0
2023-12-27 06:00:00,subway,57,"W 8 St-NY Aquarium (F,Q)",Brooklyn,6.0
2023-12-27 06:00:00,subway,57,"W 8 St-NY Aquarium (F,Q)",Brooklyn,1.0
2023-12-27 06:00:00,subway,56,Ocean Pkwy (Q),Brooklyn,29.0
2023-12-27 06:00:00,subway,50,Avenue M (Q),Brooklyn,3.0
2023-12-27 06:00:00,subway,475,96 St (Q),Manhattan,18.0
2023-12-27 06:00:00,subway,47,"Newkirk Plaza (B,Q)",Brooklyn,61.0
2023-12-27 06:00:00,subway,461,"Queensboro Plaza (7,N,W)",Queens,17.0
2023-12-27 06:00:00,subway,434,"3 Av-149 St (2,5)",Bronx,43.0
2023-12-27 06:00:00,subway,430,"Simpson St (2,5)",Bronx,27.0
2023-12-27 06:00:00,subway,424,"Pelham Pkwy (2,5)",Bronx,78.0
2023-12-27 06:00:00,subway,611,"Times Sq-42 St (N,Q,R,W,S,1,2,3,7)/42 St (A,C,E)",Manhattan,45.0
2023-12-27 06:00:00,subway,618,"14 St (A,C,E)/8 Av (L)",Manhattan,63.0
2023-12-27 06:00:00,subway,619,"Broadway-Lafayette St (B,D,F,M)/Bleecker St (6)",Manhattan,20.0
2023-12-27 06:00:00,subway,623,"Canal St (J,N,Q,R,W,Z,6)",Manhattan,1.0
2023-12-27 06:00:00,subway,79,86 St (N),Brooklyn,19.0
2023-12-27 06:00:00,subway,95,"Gates Av (J,Z)",Brooklyn,4.0
2023-12-27 06:00:00,subway,97,"Myrtle Av (M,J,Z)",Brooklyn,12.0
2023-12-27 06:00:00,subway,99,"Lorimer St (M,J)",Brooklyn,1.0
2023-12-27 06:00:00,tram,TRAM1,RI Tramway (Manhattan),Manhattan,23.0
2023-12-27 06:00:00,subway,84,85 St-Forest Pkwy (J),Queens,10.0
2023-12-27 06:00:00,subway,80,"121 St (J,Z)",Queens,9.0
2023-12-27 06:00:00,subway,71,8 Av (N),Brooklyn,6.0
2023-12-27 06:00:00,subway,76,Bay Pkwy (N),Brooklyn,69.0
2023-12-27 06:00:00,subway,70,Bay 50 St (D),Brooklyn,5.0
2023-12-27 06:00:00,subway,69,25 Av (D),Brooklyn,8.0
2023-12-27 06:00:00,subway,630,"Myrtle-Wyckoff Avs (L,M)",Brooklyn,115.0
2023-12-27 06:00:00,subway,629,Lorimer St (L)/Metropolitan Av (G),Brooklyn,24.0
2023-12-27 06:00:00,subway,628,"Fulton St (A,C,J,Z,2,3,4,5)",Manhattan,44.0
2023-12-27 06:00:00,subway,627,"Franklin Av (C,S)",Brooklyn,7.0
2023-12-27 06:00:00,subway,626,"Franklin Av (2,3,4,5)/Botanic Garden (S)",Brooklyn,13.0
2023-12-27 06:00:00,subway,71,8 Av (N),Brooklyn,8.0
2023-12-27 06:00:00,subway,355,"Winthrop St (2,5)",Brooklyn,11.0
2023-12-27 06:00:00,subway,6,"39 Av-Dutch Kills (N,W)",Queens,3.0
2023-12-27 06:00:00,subway,100,"Hewes St (M,J)",Brooklyn,3.0
2023-12-27 06:00:00,subway,313,"72 St (1,2,3)",Manhattan,26.0
2023-12-27 06:00:00,subway,309,103 St (1),Manhattan,2.0
2023-12-27 06:00:00,subway,296,Marble Hill-225 St (1),Manhattan,6.0
2023-12-27 06:00:00,subway,290,Classon Av (G),Brooklyn,6.0
2023-12-27 06:00:00,subway,284,Nassau Av (G),Brooklyn,9.0
2023-12-27 06:00:00,subway,273,"Queens Plaza (E,M,R)",Queens,42.0
2023-12-27 06:00:00,subway,264,"Woodhaven Blvd (M,R)",Queens,168.0
2023-12-27 06:00:00,subway,234,East Broadway (F),Manhattan,10.0
2023-12-27 06:00:00,subway,228,"23 St (F,M)",Manhattan,9.0
2023-12-27 06:00:00,subway,222,Roosevelt Island (F),Manhattan,4.0
2023-12-27 06:00:00,subway,187,Shepherd Av (C),Brooklyn,3.0
2023-12-27 06:00:00,subway,185,Liberty Av (C),Brooklyn,14.0
2023-12-27 06:00:00,subway,126,Jefferson St (L),Brooklyn,10.0
2023-12-27 06:00:00,subway,124,Montrose Av (L),Brooklyn,34.0
2023-12-27 06:00:00,subway,80,"121 St (J,Z)",Queens,2.0
2023-12-27 06:00:00,subway,313,"72 St (1,2,3)",Manhattan,11.0
2023-12-27 06:00:00,subway,84,85 St-Forest Pkwy (J),Queens,35.0
2023-12-27 06:00:00,subway,324,Houston St (1),Manhattan,1.0
2023-12-27 06:00:00,subway,38,86 St (R),Brooklyn,49.0
2023-12-27 06:00:00,subway,90,"Van Siclen Av (J,Z)",Brooklyn,36.0
2023-12-27 06:00:00,subway,636,"Jay St-MetroTech (A,C,F,R)",Brooklyn,28.0
2023-12-27 06:00:00,subway,625,"Delancey St (F)/Essex St (J,M,Z)",Manhattan,25.0
2023-12-27 06:00:00,subway,609,"Bryant Pk (B,D,F,M)/5 Av (7)",Manhattan,60.0
2023-12-27 06:00:00,subway,59,9 Av (D),Brooklyn,32.0
2023-12-27 06:00:00,subway,477,72 St (Q),Manhattan,2.0
2023-12-27 06:00:00,subway,475,96 St (Q),Manhattan,41.0
2023-12-27 06:00:00,subway,458,46 St-Bliss St (7),Queens,10.0
2023-12-27 06:00:00,subway,455,69 St (7),Queens,38.0
2023-12-27 06:00:00,subway,455,69 St (7),Queens,10.0
2023-12-27 06:00:00,subway,444,Gun Hill Rd (5),Bronx,16.0
2023-12-27 06:00:00,subway,419,"225 St (2,5)",Bronx,21.0
2023-12-27 06:00:00,subway,398,77 St (6),Manhattan,14.0
2023-12-27 06:00:00,subway,394,110 St (6),Manhattan,82.0
2023-12-27 06:00:00,subway,393,116 St (6),Manhattan,9.0
2023-12-27 06:00:00,subway,355,"Winthrop St (2,5)",Brooklyn,54.0
2023-12-27 06:00:00,subway,93,"Chauncey St (J,Z)",Brooklyn,11.0
2023-12-27 06:00:00,subway,266,"Elmhurst Av (M,R)",Queens,14.0
2023-12-27 07:00:00,subway,51,"Kings Hwy (B,Q)",Brooklyn,245.0
2023-12-27 07:00:00,subway,127,DeKalb Av (L),Brooklyn,15.0
2023-12-27 07:00:00,subway,145,190 St (A),Manhattan,14.0
2023-12-27 07:00:00,subway,146,181 St (A),Manhattan,1.0
2023-12-27 07:00:00,subway,152,"135 St (C,B)",Manhattan,5.0
2023-12-27 07:00:00,subway,475,96 St (Q),Manhattan,13.0
2023-12-27 07:00:00,subway,463,Hunters Point Av (7),Queens,3.0
2023-12-27 07:00:00,subway,458,46 St-Bliss St (7),Queens,16.0
2023-12-27 07:00:00,subway,457,52 St (7),Queens,5.0
2023-12-27 07:00:00,subway,441,"Central Park North (110 St) (2,3)",Manhattan,22.0
2023-12-27 07:00:00,subway,441,"Central Park North (110 St) (2,3)",Manhattan,38.0
2023-12-27 07:00:00,subway,439,"125 St (2,3)",Manhattan,20.0
2023-12-27 07:00:00,subway,437,145 St (3),Manhattan,3.0
2023-12-27 07:00:00,subway,436,Harlem-148 St (3),Manhattan,15.0
2023-12-27 07:00:00,subway,431,"Intervale Av (2,5)",Bronx,4.0
2023-12-27 07:00:00,subway,431,"Intervale Av (2,5)",Bronx,28.0
2023-12-27 07:00:00,subway,425,"Bronx Park East (2,5)",Bronx,11.0
2023-12-27 07:00:00,subway,421,"Gun Hill Rd (2,5)",Bronx,29.0
2023-12-27 07:00:00,subway,42,"Prospect Park (B,Q,S)",Brooklyn,25.0
2023-12-27 07:00:00,subway,414,"Bowling Green (4,5)",Manhattan,10.0
2023-12-27 07:00:00,tram,TRAM1,RI Tramway (Manhattan),Manhattan,18.0
2023-12-27 07:00:00,tram,TRAM1,RI Tramway (Manhattan),Manhattan,16.0
2023-12-27 07:00:00,subway,99,"Lorimer St (M,J)",Brooklyn,8.0
2023-12-27 07:00:00,subway,98,"Flushing Av (M,J)",Brooklyn,5.0
2023-12-27 07:00:00,subway,97,"Myrtle Av (M,J,Z)",Brooklyn,8.0
2023-12-27 07:00:00,subway,93,"Chauncey St (J,Z)",Brooklyn,31.0
2023-12-27 07:00:00,subway,91,Alabama Av (J),Brooklyn,2.0
2023-12-27 07:00:00,subway,91,Alabama Av (J),Brooklyn,15.0
2023-12-27 07:00:00,subway,126,Jefferson St (L),Brooklyn,27.0
2023-12-27 07:00:00,subway,122,Graham Av (L),Brooklyn,26.0
2023-12-27 07:00:00,subway,120,Bedford Av (L),Brooklyn,43.0
2023-12-27 07:00:00,subway,111,Seneca Av (M),Queens,66.0
2023-12-27 07:00:00,subway,53,Neck Rd (Q),Brooklyn,23.0
2023-12-27 07:00:00,subway,601,"14 St (F,M,1,2,3)/6 Av (L)",Manhattan,3.0
2023-12-27 07:00:00,subway,604,"161 St-Yankee Stadium (B,D,4)",Bronx,33.0
2023-12-27 07:00:00,subway,61,50 St (D),Brooklyn,6.0
2023-12-27 07:00:00,subway,614,"59 St-Columbus Circle (A,B,C,D,1)",Manhattan,35.0
2023-12-27 07:00:00,subway,614,"59 St-Columbus Circle (A,B,C,D,1)",Manhattan,119.0
2023-12-27 07:00:00,subway,614,"59 St-Columbus Circle (A,B,C,D,1)",Manhattan,21.0
2023-12-27 07:00:00,subway,615,New Utrecht Av (N)/62 St (D),Brooklyn,92.0
2023-12-27 07:00:00,subway,617,"Atlantic Av-Barclays Ctr (B,D,N,Q,R,2,3,4,5)",Brooklyn,223.0
2023-12-27 07:00:00,subway,622,"Brooklyn Bridge-City Hall (4,5,6)/Chambers St (J,Z)",Manhattan,24.0
2023-12-27 07:00:00,subway,89,Cleveland St (J),Brooklyn,14.0
2023-12-27 07:00:00,subway,623,"Canal St (J,N,Q,R,W,Z,6)",Manhattan,14.0
2023-12-27 07:00:00,subway,625,"Delancey St (F)/Essex St (J,M,Z)",Manhattan,40.0
2023-12-27 07:00:00,subway,49,Avenue J (Q),Brooklyn,93.0
2023-12-27 07:00:00,subway,629,Lorimer St (L)/Metropolitan Av (G),Brooklyn,6.0
2023-12-27 07:00:00,subway,69,25 Av (D),Brooklyn,28.0
2023-12-27 07:00:00,subway,70,Bay 50 St (D),Brooklyn,8.0
2023-12-27 07:00:00,subway,8,"5 Av/59 St (N,R,W)",Manhattan,19.0
2023-12-27 07:00:00,subway,83,"Woodhaven Blvd (J,Z)",Queens,16.0
2023-12-27 07:00:00,subway,83,"Woodhaven Blvd (J,Z)",Queens,3.0
2023-12-27 07:00:00,subway,84,85 St-Forest Pkwy (J),Queens,36.0
2023-12-27 07:00:00,subway,87,"Crescent St (J,Z)",Brooklyn,10.0
2023-12-27 07:00:00,subway,88,"Norwood Av (J,Z)",Brooklyn,9.0
2023-12-27 07:00:00,subway,90,"Van Siclen Av (J,Z)",Brooklyn,14.0
2023-12-27 07:00:00,subway,93,"Chauncey St (J,Z)",Brooklyn,12.0
2023-12-27 07:00:00,subway,95,"Gates Av (J,Z)",Brooklyn,11.0
2023-12-27 07:00:00,subway,99,"Lorimer St (M,J)",Brooklyn,8.0
2023-12-27 07:00:00,tram,TRAM2,RI Tramway (Roosevelt),Manhattan,44.0
2023-12-27 07:00:00,subway,67,20 Av (D),Brooklyn,6.0
2023-12-27 07:00:00,subway,80,"121 St (J,Z)",Queens,1.0
2023-12-27 07:00:00,subway,455,69 St (7),Queens,58.0
2023-12-27 07:00:00,subway,8,"5 Av/59 St (N,R,W)",Manhattan,40.0
2023-12-27 07:00:00,subway,405,23 St (6),Manhattan,4.0
2023-12-27 07:00:00,subway,403,33 St (6),Manhattan,14.0
2023-12-27 07:00:00,subway,4,"Broadway (N,W)",Queens,21.0
2023-12-27 07:00:00,subway,395,103 St (6),Manhattan,115.0
2023-12-27 07:00:00,subway,391,"138 St-Grand Concourse (4,5)",Bronx,17.0
2023-12-27 07:00:00,subway,385,176 St (4),Bronx,45.0
2023-12-27 07:00:00,subway,382,Fordham Rd (4),Bronx,1.0
2023-12-27 07:00:00,subway,377,3 Av-138 St (6),Bronx,102.0
2023-12-27 07:00:00,subway,376,Brook Av (6),Bronx,19.0
2023-12-27 07:00:00,subway,37,77 St (R),Brooklyn,7.0
2023-12-27 07:00:00,subway,368,Morrison Av-Soundview (6),Bronx,19.0
2023-12-27 07:00:00,subway,365,Castle Hill Av (6),Bronx,8.0
2023-12-27 07:00:00,subway,362,Middletown Rd (6),Bronx,7.0
2023-12-27 07:00:00,subway,405,23 St (6),Manhattan,1.0
2023-12-27 07:00:00,subway,356,"Church Av (2,5)",Brooklyn,22.0
2023-12-27 07:00:00,subway,349,Junius St (3),Brooklyn,34.0
2023-12-27 07:00:00,subway,344,Kingston Av (3),Brooklyn,7.0
2023-12-27 07:00:00,subway,340,"Grand Army Plaza (2,3)",Brooklyn,16.0
2023-12-27 07:00:00,subway,321,18 St (1),Manhattan,8.0
2023-12-27 07:00:00,subway,321,18 St (1),Manhattan,7.0
2023-12-27 07:00:00,subway,318,"34 St-Penn Station (1,2,3)",Manhattan,90.0
2023-12-27 07:00:00,subway,316,50 St (1),Manhattan,5.0
2023-12-27 07:00:00,subway,316,50 St (1),Manhattan,24.0
2023-12-27 07:00:00,subway,311,86 St (1),Manhattan,10.0
2023-12-27 07:00:00,subway,305,137 St-City College (1),Manhattan,23.0
2023-12-27 07:00:00,subway,296,Marble Hill-225 St (1),Manhattan,31.0
2023-12-27 07:00:00,subway,295,231 St (1),Bronx,27.0
2023-12-27 07:00:00,subway,292,Fulton St (G),Brooklyn,42.0
2023-12-27 07:00:00,subway,354,"Sterling St (2,5)",Brooklyn,77.0
2023-12-27 07:00:00,subway,41,"7 Av (B,Q)",Brooklyn,1.0
2023-12-27 07:00:00,subway,419,"225 St (2,5)",Bronx,8.0
2023-12-27 07:00:00,subway,423,"Allerton Av (2,5)",Bronx,24.0
2023-12-27 07:00:00,subway,77,Kings Hwy (N),Brooklyn,7.0
2023-12-27 07:00:00,subway,74,18 Av (N),Brooklyn,100.0
2023-12-27 07:00:00,subway,71,8 Av (N),Brooklyn,114.0
2023-12-27 07:00:00,subway,71,8 Av (N),Brooklyn,96.0
2023-12-27 07:00:00,subway,64,71 St (D),Brooklyn,67.0
2023-12-27 07:00:00,subway,626,"Franklin Av (2,3,4,5)/Botanic Garden (S)",Brooklyn,1.0
2023-12-27 07:00:00,subway,622,"Brooklyn Bridge-City Hall (4,5,6)/Chambers St (J,Z)",Manhattan,6.0
2023-12-27 07:00:00,subway,621,"Broadway Junction (A,C,J,L,Z)",Brooklyn,39.0
2023-12-27 07:00:00,subway,616,"74-Broadway (7)/Jackson Hts-Roosevelt Av (E,F,M,R)",Queens,5.0
2023-12-27 07:00:00,subway,602,"14 St-Union Sq (L,N,Q,R,W,4,5,6)",Manhattan,52.0
2023-12-27 07:00:00,subway,59,9 Av (D),Brooklyn,9.0
2023-12-27 07:00:00,subway,57,"W 8 St-NY Aquarium (F,Q)",Brooklyn,4.0
2023-12-27 07:00:00,subway,55,"Brighton Beach (B,Q)",Brooklyn,13.0
2023-12-27 07:00:00,subway,5,"36 Av (N,W)",Queens,8.0
2023-12-27 07:00:00,subway,461,"Queensboro Plaza (7,N,W)",Queens,143.0
2023-12-27 07:00:00,subway,457,52 St (7),Queens,13.0
2023-12-27 07:00:00,subway,153,"125 St (A,C,B,D)",Manhattan,84.0
2023-12-27 07:00:00,subway,451,Junction Blvd (7),Queens,25.0
2023-12-27 07:00:00,subway,442,Eastchester-Dyre Av (5),Bronx,112.0
2023-12-27 07:00:00,subway,437,145 St (3),Manhattan,10.0
2023-12-27 07:00:00,subway,434,"3 Av-149 St (2,5)",Bronx,1.0
2023-12-27 07:00:00,subway,434,"3 Av-149 St (2,5)",Bronx,20.0
2023-12-27 07:00:00,subway,432,"Prospect Av (2,5)",Bronx,10.0
2023-12-27 07:00:00,subway,432,"Prospect Av (2,5)",Bronx,20.0
2023-12-27 07:00:00,subway,43,Parkside Av (Q),Brooklyn,84.0
2023-12-27 07:00:00,subway,43,Parkside Av (Q),Brooklyn,13.0
2023-12-27 07:00:00,subway,429,"Freeman St (2,5)",Bronx,13.0
2023-12-27 07:00:00,subway,428,"174 St (2,5)",Bronx,28.0
2023-12-27 07:00:00,subway,426,"E 180 St (2,5)",Bronx,74.0
2023-12-27 07:00:00,subway,80,"121 St (J,Z)",Queens,7.0
2023-12-27 07:00:00,subway,155,"Cathedral Pkwy (110 St) (C,B)",Manhattan,65.0
2023-12-27 07:00:00,subway,16,"8 St-NYU (R,W)",Manhattan,3.0
2023-12-27 07:00:00,subway,165,"23 St (C,E)",Manhattan,26.0
2023-12-27 07:00:00,subway,346,Sutter Av-Rutland Rd (3),Brooklyn,72.0
2023-12-27 07:00:00,subway,345,"Crown Hts-Utica Av (3,4)",Brooklyn,428.0
2023-12-27 07:00:00,subway,344,Kingston Av (3),Brooklyn,6.0
2023-12-27 07:00:00,subway,340,"Grand Army Plaza (2,3)",Brooklyn,13.0
2023-12-27 07:00:00,subway,327,"Chambers St (1,2,3)",Manhattan,3.0
2023-12-27 07:00:00,subway,326,Franklin St (1),Manhattan,1.0
2023-12-27 07:00:00,subway,323,Christopher St-Sheridan Sq (1),Manhattan,4.0
2023-12-27 07:00:00,subway,353,"President St-Medgar Evers College (2,5)",Brooklyn,46.0
2023-12-27 07:00:00,subway,320,23 St (1),Manhattan,58.0
2023-12-27 07:00:00,subway,309,103 St (1),Manhattan,45.0
2023-12-27 07:00:00,subway,309,103 St (1),Manhattan,8.0
2023-12-27 07:00:00,subway,304,145 St (1),Manhattan,11.0
2023-12-27 07:00:00,subway,294,238 St (1),Bronx,28.0
2023-12-27 07:00:00,subway,292,Fulton St (G),Brooklyn,8.0
2023-12-27 07:00:00,subway,286,Broadway (G),Brooklyn,20.0
2023-12-27 07:00:00,subway,270,"46 St (M,R)",Queens,23.0
2023-12-27 07:00:00,subway,320,23 St (1),Manhattan,3.0
2023-12-27 07:00:00,subway,359,"Flatbush Av-Brooklyn College (2,5)",Brooklyn,106.0
2023-12-27 07:00:00,subway,360,Pelham Bay Park (6),Bronx,167.0
2023-12-27 07:00:00,subway,361,Buhre Av (6),Bronx,3.0
2023-12-27 07:00:00,subway,438,"135 St (2,3)",Manhattan,1.0
2023-12-27 07:00:00,subway,436,Harlem-148 St (3),Manhattan,70.0
2023-12-27 07:00:00,subway,436,Harlem-148 St (3),Manhattan,25.0
2023-12-27 07:00:00,subway,427,"West Farms Sq-E Tremont Av (2,5)",Bronx,15.0
2023-12-27 07:00:00,subway,404,28 St (6),Manhattan,27.0
2023-12-27 07:00:00,subway,397,"86 St (4,5,6)",Manhattan,50.0
2023-12-27 07:00:00,subway,386,Mt Eden Av (4),Bronx,22.0
2023-12-27 07:00:00,subway,380,Bedford Park Blvd-Lehman College (4),Bronx,86.0
2023-12-27 07:00:00,subway,378,Woodlawn (4),Bronx,2.0
2023-12-27 07:00:00,subway,376,Brook Av (6),Bronx,59.0
2023-12-27 07:00:00,subway,375,Cypress Av (6),Bronx,14.0
2023-12-27 07:00:00,subway,372,Longwood Av (6),Bronx,10.0
2023-12-27 07:00:00,subway,370,Whitlock Av (6),Bronx,25.0
2023-12-27 07:00:00,subway,369,Elder Av (6),Bronx,14.0
2023-12-27 07:00:00,subway,367,St Lawrence Av (6),Bronx,4.0
2023-12-27 07:00:00,subway,366,Parkchester (6),Bronx,246.0
2023-12-27 07:00:00,subway,364,Zerega Av (6),Bronx,11.0
2023-12-27 07:00:00,subway,269,"Northern Blvd (M,R)",Queens,159.0
2023-12-27 07:00:00,subway,265,"Grand Av-Newtown (M,R)",Queens,422.0
2023-12-27 07:00:00,subway,262,"67 Av (M,R)",Queens,24.0
2023-12-27 07:00:00,subway,259,"Kew Gardens-Union Tpke (E,F)",Queens,189.0
2023-12-27 07:00:00,subway,185,Liberty Av (C),Brooklyn,14.0
2023-12-27 07:00:00,subway,180,Kingston-Throop Avs (C),Brooklyn,24.0
2023-12-27 07:00:00,subway,177,Clinton-Washington Avs (C),Brooklyn,2.0
2023-12-27 07:00:00,subway,176,Lafayette Av (C),Brooklyn,5.0
2023-12-27 07:00:00,subway,176,Lafayette Av (C),Brooklyn,2.0
2023-12-27 07:00:00,subway,159,"81 St-Museum of Natural History (C,B)",Manhattan,3.0
2023-12-27 07:00:00,subway,155,"Cathedral Pkwy (110 St) (C,B)",Manhattan,11.0
2023-12-27 07:00:00,subway,151,"145 St (A,C,B,D)",Manhattan,42.0
2023-12-27 07:00:00,subway,143,Inwood-207 St (A),Manhattan,43.0
2023-12-27 07:00:00,subway,143,Inwood-207 St (A),Manhattan,27.0
2023-12-27 07:00:00,subway,136,New Lots Av (L),Brooklyn,7.0
2023-12-27 07:00:00,subway,134,Sutter Av (L),Brooklyn,1.0
2023-12-27 07:00:00,subway,118,3 Av (L),Manhattan,4.0
2023-12-27 07:00:00,subway,111,Seneca Av (M),Queens,6.0
2023-12-27 07:00:00,subway,103,"Bowery (J,Z)",Manhattan,12.0
2023-12-27 07:00:00,subway,103,"Bowery (J,Z)",Manhattan,9.0
2023-12-27 07:00:00,subway,100,"Hewes St (M,J)",Brooklyn,10.0
2023-12-27 07:00:00,subway,187,Shepherd Av (C),Brooklyn,9.0
2023-12-27 07:00:00,subway,453,82 St-Jackson Hts (7),Queens,15.0
2023-12-27 07:00:00,subway,187,Shepherd Av (C),Brooklyn,16.0
2023-12-27 07:00:00,subway,189,Grant Av (A),Brooklyn,12.0
2023-12-27 07:00:00,subway,257,Sutphin Blvd (F),Queens,21.0
2023-12-27 07:00:00,subway,253,Neptune Av (F),Brooklyn,32.0
2023-12-27 07:00:00,subway,250,Kings Hwy (F),Brooklyn,16.0
2023-12-27 07:00:00,subway,248,Avenue N (F),Brooklyn,7.0
2023-12-27 07:00:00,subway,245,18 Av (F),Brooklyn,10.0
2023-12-27 07:00:00,subway,243,"Church Av (F,G)",Brooklyn,164.0
2023-12-27 07:00:00,subway,242,"Fort Hamilton Pkwy (F,G)",Brooklyn,26.0
2023-12-27 07:00:00,subway,240,"7 Av (F,G)",Brooklyn,4.0
2023-12-27 07:00:00,subway,237,"Carroll St (F,G)",Brooklyn,9.0
2023-12-27 07:00:00,subway,228,"23 St (F,M)",Manhattan,37.0
2023-12-27 07:00:00,subway,223,"Lexington Av/63 St (F,Q)",Manhattan,9.0
2023-12-27 07:00:00,subway,222,Roosevelt Island (F),Manhattan,21.0
2023-12-27 07:00:00,subway,217,"170 St (B,D)",Bronx,12.0
2023-12-27 07:00:00,subway,207,Beach 36 St (A),Queens,1.0
2023-12-27 07:00:00,subway,194,111 St (A),Queens,66.0
2023-12-27 07:00:00,subway,194,111 St (A),Queens,8.0
2023-12-27 07:00:00,subway,193,104 St (A),Queens,4.0
2023-12-27 07:00:00,subway,189,Grant Av (A),Brooklyn,96.0
2023-12-27 07:00:00,subway,459,40 St-Lowery St (7),Queens,37.0
2023-12-27 07:00:00,subway,461,"Queensboro Plaza (7,N,W)",Queens,5.0
2023-12-27 07:00:00,subway,463,Hunters Point Av (7),Queens,5.0
2023-12-27 07:00:00,subway,243,"Church Av (F,G)",Brooklyn,108.0
2023-12-27 07:00:00,subway,248,Avenue N (F),Brooklyn,70.0
2023-12-27 07:00:00,subway,257,Sutphin Blvd (F),Queens,8.0
2023-12-27 07:00:00,subway,261,"Forest Hills-71 Av (E,F,M,R)",Queens,40.0
2023-12-27 07:00:00,subway,28,Union St (R),Brooklyn,12.0
2023-12-27 07:00:00,subway,289,Bedford-Nostrand Avs (G),Brooklyn,17.0
2023-12-27 07:00:00,subway,295,231 St (1),Bronx,42.0
2023-12-27 07:00:00,subway,303,157 St (1),Manhattan,53.0
2023-12-27 07:00:00,subway,31,25 St (R),Brooklyn,3.0
2023-12-27 07:00:00,subway,316,50 St (1),Manhattan,55.0
2023-12-27 07:00:00,subway,324,Houston St (1),Manhattan,1.0
2023-12-27 07:00:00,subway,326,Franklin St (1),Manhattan,1.0
2023-12-27 07:00:00,subway,333,"Wall St (2,3)",Manhattan,1.0
2023-12-27 07:00:00,subway,334,"Clark St (2,3)",Brooklyn,1.0
2023-12-27 07:00:00,subway,341,"Eastern Pkwy-Brooklyn Museum (2,3)",Brooklyn,8.0
2023-12-27 07:00:00,subway,350,Pennsylvania Av (3),Brooklyn,21.0
2023-12-27 07:00:00,subway,352,New Lots Av (3),Brooklyn,1.0
2023-12-27 07:00:00,subway,240,"7 Av (F,G)",Brooklyn,2.0
2023-12-27 07:00:00,subway,358,"Newkirk Av-Little Haiti (2,5)",Brooklyn,37.0
2023-12-27 07:00:00,subway,236,"Bergen St (F,G)",Brooklyn,1.0
2023-12-27 07:00:00,subway,231,"Grand St (B,D)",Manhattan,22.0
2023-12-27 07:00:00,subway,165,"23 St (C,E)",Manhattan,15.0
2023-12-27 07:00:00,subway,176,Lafayette Av (C),Brooklyn,7.0
2023-12-27 07:00:00,subway,182,Ralph Av (C),Brooklyn,14.0
2023-12-27 07:00:00,subway,186,Van Siclen Av (C),Brooklyn,10.0
2023-12-27 07:00:00,subway,190,80 St (A),Queens,15.0
2023-12-27 07:00:00,subway,198,Howard Beach-JFK Airport (A),Queens,85.0
2023-12-27 07:00:00,subway,20,"City Hall (R,W)",Manhattan,1.0
2023-12-27 07:00:00,subway,201,"Beach 98 St (A,S)",Queens,1.0
2023-12-27 07:00:00,subway,201,"Beach 98 St (A,S)",Queens,5.0
2023-12-27 07:00:00,subway,206,Beach 44 St (A),Queens,1.0
2023-12-27 07:00:00,subway,206,Beach 44 St (A),Queens,4.0
2023-12-27 07:00:00,subway,209,Far Rockaway-Mott Av (A),Queens,23.0
2023-12-27 07:00:00,subway,211,"Bedford Park Blvd (B,D)",Bronx,44.0
2023-12-27 07:00:00,subway,215,"Tremont Av (B,D)",Bronx,168.0
2023-12-27 07:00:00,subway,217,"170 St (B,D)",Bronx,37.0
2023-12-27 07:00:00,subway,223,"Lexington Av/63 St (F,Q)",Manhattan,3.0
2023-12-27 07:00:00,subway,223,"Lexington Av/63 St (F,Q)",Manhattan,3.0
2023-12-27 07:00:00,subway,236,"Bergen St (F,G)",Brooklyn,26.0
2023-12-27 07:00:00,subway,286,Broadway (G),Brooklyn,24.0
2023-12-27 07:00:00,subway,362,Middletown Rd (6),Bronx,58.0
2023-12-27 07:00:00,subway,370,Whitlock Av (6),Bronx,7.0
2023-12-27 07:00:00,subway,628,"Fulton St (A,C,J,Z,2,3,4,5)",Manhattan,16.0
2023-12-27 07:00:00,subway,626,"Franklin Av (2,3,4,5)/Botanic Garden (S)",Brooklyn,15.0
2023-12-27 07:00:00,subway,625,"Delancey St (F)/Essex St (J,M,Z)",Manhattan,21.0
2023-12-27 07:00:00,subway,624,"Chambers St (A,C)/WTC (E)/Park Pl (2,3)/Cortlandt (R,W)",Manhattan,1.0
2023-12-27 07:00:00,subway,619,"Broadway-Lafayette St (B,D,F,M)/Bleecker St (6)",Manhattan,5.0
2023-12-27 07:00:00,subway,618,"14 St (A,C,E)/8 Av (L)",Manhattan,33.0
2023-12-27 07:00:00,subway,618,"14 St (A,C,E)/8 Av (L)",Manhattan,11.0
2023-12-27 07:00:00,subway,612,"Lexington Av-53 St (E,M)/51 St (6)",Manhattan,48.0
2023-12-27 07:00:00,subway,603,"149 St-Grand Concourse (2,4,5)",Bronx,113.0
2023-12-27 07:00:00,subway,603,"149 St-Grand Concourse (2,4,5)",Bronx,31.0
2023-12-27 07:00:00,subway,60,Fort Hamilton Pkwy (D),Brooklyn,50.0
2023-12-27 07:00:00,subway,58,"Coney Island-Stillwell Av (D,F,N,Q)",Brooklyn,145.0
2023-12-27 07:00:00,subway,53,Neck Rd (Q),Brooklyn,6.0
2023-12-27 07:00:00,subway,48,Avenue H (Q),Brooklyn,25.0
2023-12-27 07:00:00,subway,47,"Newkirk Plaza (B,Q)",Brooklyn,16.0
2023-12-27 07:00:00,subway,47,"Newkirk Plaza (B,Q)",Brooklyn,17.0
2023-12-27 07:00:00,subway,464,Vernon Blvd-Jackson Av (7),Queens,9.0
2023-12-27 07:00:00,subway,635,"South Ferry (1)/Whitehall St (R,W)",Manhattan,2.0
2023-12-27 07:00:00,subway,364,Zerega Av (6),Bronx,16.0
2023-12-27 07:00:00,subway,65,79 St (D),Brooklyn,91.0
2023-12-27 07:00:00,subway,68,Bay Pkwy (D),Brooklyn,106.0
2023-12-27 07:00:00,subway,370,Whitlock Av (6),Bronx,50.0
2023-12-27 07:00:00,subway,379,Mosholu Pkwy (4),Bronx,21.0
2023-12-27 07:00:00,subway,379,Mosholu Pkwy (4),Bronx,140.0
2023-12-27 07:00:00,subway,379,Mosholu Pkwy (4),Bronx,2.0
2023-12-27 07:00:00,subway,38,86 St (R),Brooklyn,2.0
2023-12-27 07:00:00,subway,381,Kingsbridge Rd (4),Bronx,1.0
2023-12-27 07:00:00,subway,384,Burnside Av (4),Bronx,98.0
2023-12-27 07:00:00,subway,386,Mt Eden Av (4),Bronx,54.0
2023-12-27 07:00:00,subway,392,"125 St (4,5,6)",Manhattan,22.0
2023-12-27 07:00:00,subway,393,116 St (6),Manhattan,13.0
2023-12-27 07:00:00,tram,TRAM1,RI Tramway (Manhattan),Manhattan,7.0
2023-12-27 07:00:00,subway,91,Alabama Av (J),Brooklyn,12.0
2023-12-27 07:00:00,subway,89,Cleveland St (J),Brooklyn,2.0
2023-12-27 07:00:00,subway,88,"Norwood Av (J,Z)",Brooklyn,31.0
2023-12-27 07:00:00,subway,83,"Woodhaven Blvd (J,Z)",Queens,3.0
2023-12-27 07:00:00,subway,74,18 Av (N),Brooklyn,1.0
2023-12-27 07:00:00,subway,70,Bay 50 St (D),Brooklyn,58.0
2023-12-27 07:00:00,subway,67,20 Av (D),Brooklyn,26.0
2023-12-27 07:00:00,subway,286,Broadway (G),Brooklyn,11.0
2023-12-27 07:00:00,subway,448,Mets-Willets Point (7),Queens,54.0
2023-12-27 07:00:00,subway,263,"63 Dr-Rego Park (M,R)",Queens,59.0
2023-12-27 07:00:00,subway,303,157 St (1),Manhattan,27.0
2023-12-27 07:00:00,subway,301,181 St (1),Manhattan,9.0
2023-12-27 07:00:00,subway,294,238 St (1),Bronx,4.0
2023-12-27 07:00:00,subway,291,Clinton-Washington Avs (G),Brooklyn,9.0
2023-12-27 07:00:00,subway,272,"36 St (M,R)",Queens,2.0
2023-12-27 07:00:00,subway,240,"7 Av (F,G)",Brooklyn,89.0
2023-12-27 07:00:00,subway,235,York St (F),Brooklyn,1.0
2023-12-27 07:00:00,subway,209,Far Rockaway-Mott Av (A),Queens,8.0
2023-12-27 07:00:00,subway,173,"High St (A,C)",Brooklyn,1.0
2023-12-27 07:00:00,subway,169,"Canal St (A,C,E)",Manhattan,2.0
2023-12-27 07:00:00,subway,157,"96 St (C,B)",Manhattan,25.0
2023-12-27 07:00:00,subway,141,Park Pl (S),Brooklyn,2.0
2023-12-27 07:00:00,subway,138,Canarsie-Rockaway Pkwy (L),Brooklyn,1.0
2023-12-27 07:00:00,staten_island_railway,501,St George (SIR),Staten Island,224.0
2023-12-27 07:00:00,subway,1,"Astoria-Ditmars Blvd (N,W)",Queens,57.0
2023-12-27 07:00:00,subway,328,WTC Cortlandt (1),Manhattan,8.0
2023-12-27 07:00:00,subway,10,"49 St (N,R,W)",Manhattan,47.0
2023-12-27 07:00:00,subway,348,Rockaway Av (3),Brooklyn,12.0
2023-12-27 07:00:00,subway,352,New Lots Av (3),Brooklyn,29.0
2023-12-27 07:00:00,subway,266,"Elmhurst Av (M,R)",Queens,19.0
2023-12-27 07:00:00,subway,97,"Myrtle Av (M,J,Z)",Brooklyn,32.0
2023-12-27 07:00:00,subway,90,"Van Siclen Av (J,Z)",Brooklyn,7.0
2023-12-27 07:00:00,subway,66,18 Av (D),Brooklyn,147.0
2023-12-27 07:00:00,subway,66,18 Av (D),Brooklyn,21.0
2023-12-27 07:00:00,subway,620,"Court St (R)/Borough Hall (2,3,4,5)",Brooklyn,131.0
2023-12-27 07:00:00,subway,55,"Brighton Beach (B,Q)",Brooklyn,27.0
2023-12-27 07:00:00,subway,48,Avenue H (Q),Brooklyn,11.0
2023-12-27 07:00:00,subway,460,33 St-Rawson St (7),Queens,4.0
2023-12-27 07:00:00,subway,430,"Simpson St (2,5)",Bronx,39.0
2023-12-27 07:00:00,subway,426,"E 180 St (2,5)",Bronx,21.0
2023-12-27 07:00:00,subway,41,"7 Av (B,Q)",Brooklyn,7.0
2023-12-27 07:00:00,subway,407,Astor Pl (6),Manhattan,4.0
2023-12-27 07:00:00,subway,397,"86 St (4,5,6)",Manhattan,8.0
2023-12-27 07:00:00,subway,371,Hunts Point Av (6),Bronx,22.0
2023-12-27 07:00:00,subway,349,Junius St (3),Brooklyn,17.0
2023-12-27 07:00:00,subway,108,Middle Village-Metropolitan Av (M),Queens,9.0
2023-12-27 07:00:00,subway,173,"High St (A,C)",Brooklyn,7.0
2023-12-27 07:00:00,subway,2,"Astoria Blvd (N,W)",Queens,11.0
2023-12-27 07:00:00,subway,134,Sutter Av (L),Brooklyn,14.0
2023-12-27 07:00:00,subway,144,Dyckman St (A),Manhattan,47.0
2023-12-27 07:00:00,subway,145,190 St (A),Manhattan,11.0
2023-12-27 07:00:00,subway,145,190 St (A),Manhattan,9.0
2023-12-27 07:00:00,subway,147,175 St (A),Manhattan,11.0
2023-12-27 07:00:00,subway,154,"116 St (C,B)",Manhattan,67.0
2023-12-27 07:00:00,subway,158,"86 St (C,B)",Manhattan,25.0
2023-12-27 07:00:00,subway,177,Clinton-Washington Avs (C),Brooklyn,3.0
2023-12-27 07:00:00,subway,180,Kingston-Throop Avs (C),Brooklyn,5.0
2023-12-27 07:00:00,subway,188,"Euclid Av (A,C)",Brooklyn,28.0
2023-12-27 07:00:00,subway,191,88 St (A),Queens,7.0
2023-12-27 07:00:00,subway,193,104 St (A),Queens,22.0
2023-12-27 07:00:00,subway,194,111 St (A),Queens,18.0
2023-12-27 07:00:00,subway,197,Aqueduct-N Conduit Av (A),Queens,3.0
2023-12-27 07:00:00,subway,204,Beach 67 St (A),Queens,6.0
2023-12-27 07:00:00,subway,204,Beach 67 St (A),Queens,29.0
2023-12-27 07:00:00,subway,205,Beach 60 St (A),Queens,2.0
2023-12-27 07:00:00,subway,213,"Fordham Rd (B,D)",Bronx,93.0
2023-12-27 07:00:00,subway,213,"Fordham Rd (B,D)",Bronx,27.0
2023-12-27 07:00:00,subway,232,2 Av (F),Manhattan,37.0
2023-12-27 07:00:00,subway,242,"Fort Hamilton Pkwy (F,G)",Brooklyn,10.0
2023-12-27 07:00:00,subway,244,Ditmas Av (F),Brooklyn,18.0
2023-12-27 07:00:00,subway,262,"67 Av (M,R)",Queens,3.0
2023-12-27 07:00:00,subway,126,Jefferson St (L),Brooklyn,106.0
2023-12-27 07:00:00,subway,122,Graham Av (L),Brooklyn,5.0
2023-12-27 07:00:00,subway,141,Park Pl (S),Brooklyn,4.0
2023-12-27 07:00:00,subway,114,Central Av (M),Brooklyn,58.0
2023-12-27 07:00:00,subway,120,Bedford Av (L),Brooklyn,225.0
2023-12-27 07:00:00,subway,114,Central Av (M),Brooklyn,30.0
2023-12-27 07:00:00,subway,110,Forest Av (M),Queens,108.0
2023-12-27 07:00:00,subway,109,Fresh Pond Rd (M),Queens,15.0
2023-12-27 07:00:00,subway,108,Middle Village-Metropolitan Av (M),Queens,22.0
2023-12-27 08:00:00,subway,382,Fordham Rd (4),Bronx,47.0
2023-12-27 08:00:00,subway,311,86 St (1),Manhattan,39.0
2023-12-27 08:00:00,subway,1,"Astoria-Ditmars Blvd (N,W)",Queens,16.0
2023-12-27 08:00:00,subway,108,Middle Village-Metropolitan Av (M),Queens,85.0
2023-12-27 08:00:00,subway,110,Forest Av (M),Queens,44.0
2023-12-27 08:00:00,subway,391,"138 St-Grand Concourse (4,5)",Bronx,12.0
2023-12-27 08:00:00,subway,388,167 St (4),Bronx,158.0
2023-12-27 08:00:00,subway,313,"72 St (1,2,3)",Manhattan,52.0
2023-12-27 08:00:00,subway,123,Grand St (L),Brooklyn,13.0
2023-12-27 08:00:00,subway,393,116 St (6),Manhattan,21.0
2023-12-27 08:00:00,subway,384,Burnside Av (4),Bronx,35.0
2023-12-27 08:00:00,subway,321,18 St (1),Manhattan,1.0
2023-12-27 08:00:00,subway,325,Canal St (1),Manhattan,22.0
2023-12-27 08:00:00,subway,324,Houston St (1),Manhattan,24.0
2023-12-27 08:00:00,subway,382,Fordham Rd (4),Bronx,163.0
2023-12-27 08:00:00,subway,327,"Chambers St (1,2,3)",Manhattan,4.0
2023-12-27 08:00:00,subway,339,"Bergen St (2,3)",Brooklyn,3.0
2023-12-27 08:00:00,subway,351,Van Siclen Av (3),Brooklyn,27.0
2023-12-27 08:00:00,subway,366,Parkchester (6),Bronx,1.0
2023-12-27 08:00:00,subway,373,E 149 St (6),Bronx,66.0
2023-12-27 08:00:00,subway,373,E 149 St (6),Bronx,98.0
2023-12-27 08:00:00,subway,374,E 143 St-St Mary's St (6),Bronx,8.0
2023-12-27 08:00:00,subway,376,Brook Av (6),Bronx,54.0
2023-12-27 08:00:00,subway,403,33 St (6),Manhattan,31.0
2023-12-27 08:00:00,subway,323,Christopher St-Sheridan Sq (1),Manhattan,10.0
2023-12-27 08:00:00,subway,414,"Bowling Green (4,5)",Manhattan,57.0
2023-12-27 08:00:00,subway,606,"Court Sq (E,G,M,7)",Queens,93.0
2023-12-27 08:00:00,subway,422,"Burke Av (2,5)",Bronx,10.0
2023-12-27 08:00:00,subway,60,Fort Hamilton Pkwy (D),Brooklyn,14.0
2023-12-27 08:00:00,subway,59,9 Av (D),Brooklyn,112.0
2023-12-27 08:00:00,subway,56,Ocean Pkwy (Q),Brooklyn,9.0
2023-12-27 08:00:00,subway,55,"Brighton Beach (B,Q)",Brooklyn,102.0
2023-12-27 08:00:00,subway,477,72 St (Q),Manhattan,104.0
2023-12-27 08:00:00,subway,46,Cortelyou Rd (Q),Brooklyn,8.0
2023-12-27 08:00:00,subway,458,46 St-Bliss St (7),Queens,83.0
2023-12-27 08:00:00,subway,457,52 St (7),Queens,66.0
2023-12-27 08:00:00,subway,457,52 St (7),Queens,15.0
2023-12-27 08:00:00,subway,455,69 St (7),Queens,56.0
2023-12-27 08:00:00,subway,455,69 St (7),Queens,8.0
2023-12-27 08:00:00,subway,450,103 St-Corona Plaza (7),Queens,738.0
2023-12-27 08:00:00,subway,450,103 St-Corona Plaza (7),Queens,95.0
2023-12-27 08:00:00,subway,449,111 St (7),Queens,11.0
2023-12-27 08:00:00,subway,433,"Jackson Av (2,5)",Bronx,25.0
2023-12-27 08:00:00,subway,61,50 St (D),Brooklyn,23.0
2023-12-27 08:00:00,subway,613,"Lexington Av (N,R,W)/59 St (4,5,6)",Manhattan,101.0
2023-12-27 08:00:00,subway,615,New Utrecht Av (N)/62 St (D),Brooklyn,56.0
2023-12-27 08:00:00,subway,127,DeKalb Av (L),Brooklyn,69.0
2023-12-27 08:00:00,subway,609,"Bryant Pk (B,D,F,M)/5 Av (7)",Manhattan,212.0
2023-12-27 08:00:00,subway,430,"Simpson St (2,5)",Bronx,5.0
2023-12-27 08:00:00,subway,43,Parkside Av (Q),Brooklyn,12.0
2023-12-27 08:00:00,subway,426,"E 180 St (2,5)",Bronx,20.0
2023-12-27 08:00:00,subway,425,"Bronx Park East (2,5)",Bronx,52.0
2023-12-27 08:00:00,subway,424,"Pelham Pkwy (2,5)",Bronx,95.0
2023-12-27 08:00:00,subway,418,"233 St (2,5)",Bronx,14.0
2023-12-27 08:00:00,subway,131,Bushwick Av-Aberdeen St (L),Brooklyn,2.0
2023-12-27 08:00:00,subway,270,"46 St (M,R)",Queens,78.0
2023-12-27 08:00:00,subway,138,Canarsie-Rockaway Pkwy (L),Brooklyn,50.0
2023-12-27 08:00:00,subway,26,"DeKalb Av (B,Q,R)",Brooklyn,84.0
2023-12-27 08:00:00,subway,261,"Forest Hills-71 Av (E,F,M,R)",Queens,76.0
2023-12-27 08:00:00,subway,265,"Grand Av-Newtown (M,R)",Queens,577.0
2023-12-27 08:00:00,subway,617,"Atlantic Av-Barclays Ctr (B,D,N,Q,R,2,3,4,5)",Brooklyn,40.0
2023-12-27 08:00:00,subway,272,"36 St (M,R)",Queens,3.0
2023-12-27 08:00:00,subway,273,"Queens Plaza (E,M,R)",Queens,48.0
2023-12-27 08:00:00,subway,283,Greenpoint Av (G),Brooklyn,42.0
2023-12-27 08:00:00,subway,283,Greenpoint Av (G),Brooklyn,174.0
2023-12-27 08:00:00,subway,286,Broadway (G),Brooklyn,41.0
2023-12-27 08:00:00,subway,289,Bedford-Nostrand Avs (G),Brooklyn,51.0
2023-12-27 08:00:00,subway,291,Clinton-Washington Avs (G),Brooklyn,1.0
2023-12-27 08:00:00,subway,298,207 St (1),Manhattan,32.0
2023-12-27 08:00:00,subway,303,157 St (1),Manhattan,2.0
2023-12-27 08:00:00,subway,305,137 St-City College (1),Manhattan,2.0
2023-12-27 08:00:00,subway,309,103 St (1),Manhattan,180.0
2023-12-27 08:00:00,subway,31,25 St (R),Brooklyn,20.0
2023-12-27 08:00:00,subway,320,23 St (1),Manhattan,148.0
2023-12-27 08:00:00,subway,324,Houston St (1),Manhattan,7.0
2023-12-27 08:00:00,subway,325,Canal St (1),Manhattan,3.0
2023-12-27 08:00:00,subway,326,Franklin St (1),Manhattan,2.0
2023-12-27 08:00:00,tram,TRAM2,RI Tramway (Roosevelt),Manhattan,1.0
2023-12-27 08:00:00,tram,TRAM2,RI Tramway (Roosevelt),Manhattan,4.0
2023-12-27 08:00:00,subway,94,Halsey St (J),Brooklyn,27.0
2023-12-27 08:00:00,subway,9,"57 St-7 Av (N,Q,R,W)",Manhattan,57.0
2023-12-27 08:00:00,subway,89,Cleveland St (J),Brooklyn,57.0
2023-12-27 08:00:00,subway,256,Parsons Blvd (F),Queens,12.0
2023-12-27 08:00:00,subway,136,New Lots Av (L),Brooklyn,18.0
2023-12-27 08:00:00,subway,254,Jamaica-179 St (F),Queens,92.0
2023-12-27 08:00:00,subway,251,Avenue U (F),Brooklyn,25.0
2023-12-27 08:00:00,subway,145,190 St (A),Manhattan,1.0
2023-12-27 08:00:00,subway,147,175 St (A),Manhattan,49.0
2023-12-27 08:00:00,subway,147,175 St (A),Manhattan,47.0
2023-12-27 08:00:00,subway,155,"Cathedral Pkwy (110 St) (C,B)",Manhattan,8.0
2023-12-27 08:00:00,subway,159,"81 St-Museum of Natural History (C,B)",Manhattan,8.0
2023-12-27 08:00:00,subway,160,"72 St (C,B)",Manhattan,19.0
2023-12-27 08:00:00,subway,176,Lafayette Av (C),Brooklyn,15.0
2023-12-27 08:00:00,subway,187,Shepherd Av (C),Brooklyn,12.0
2023-12-27 08:00:00,subway,189,Grant Av (A),Brooklyn,17.0
2023-12-27 08:00:00,subway,193,104 St (A),Queens,4.0
2023-12-27 08:00:00,subway,195,Ozone Park-Lefferts Blvd (A),Queens,9.0
2023-12-27 08:00:00,subway,200,"Beach 90 St (A,S)",Queens,3.0
2023-12-27 08:00:00,subway,201,"Beach 98 St (A,S)",Queens,2.0
2023-12-27 08:00:00,subway,202,"Beach 105 St (A,S)",Queens,1.0
2023-12-27 08:00:00,subway,203,"Rockaway Park-Beach 116 St (A,S)",Queens,9.0
2023-12-27 08:00:00,subway,204,Beach 67 St (A),Queens,11.0
2023-12-27 08:00:00,subway,205,Beach 60 St (A),Queens,1.0
2023-12-27 08:00:00,subway,207,Beach 36 St (A),Queens,10.0
2023-12-27 08:00:00,subway,208,Beach 25 St (A),Queens,3.0
2023-12-27 08:00:00,subway,211,"Bedford Park Blvd (B,D)",Bronx,32.0
2023-12-27 08:00:00,subway,212,"Kingsbridge Rd (B,D)",Bronx,84.0
2023-12-27 08:00:00,subway,241,"15 St-Prospect Park (F,G)",Brooklyn,21.0
2023-12-27 08:00:00,subway,245,18 Av (F),Brooklyn,7.0
2023-12-27 08:00:00,subway,250,Kings Hwy (F),Brooklyn,63.0
2023-12-27 08:00:00,subway,250,Kings Hwy (F),Brooklyn,1.0
2023-12-27 08:00:00,subway,253,Neptune Av (F),Brooklyn,5.0
2023-12-27 08:00:00,subway,628,"Fulton St (A,C,J,Z,2,3,4,5)",Manhattan,19.0
2023-12-27 08:00:00,subway,605,"168 St (A,C,1)",Manhattan,40.0
2023-12-27 08:00:00,subway,66,18 Av (D),Brooklyn,13.0
2023-12-27 08:00:00,subway,306,125 St (1),Manhattan,2.0
2023-12-27 08:00:00,subway,308,Cathedral Pkwy (110 St) (1),Manhattan,12.0
2023-12-27 08:00:00,subway,311,86 St (1),Manhattan,15.0
2023-12-27 08:00:00,subway,312,79 St (1),Manhattan,186.0
2023-12-27 08:00:00,subway,321,18 St (1),Manhattan,13.0
2023-12-27 08:00:00,subway,323,Christopher St-Sheridan Sq (1),Manhattan,23.0
2023-12-27 08:00:00,subway,324,Houston St (1),Manhattan,30.0
2023-12-27 08:00:00,subway,326,Franklin St (1),Manhattan,8.0
2023-12-27 08:00:00,subway,327,"Chambers St (1,2,3)",Manhattan,6.0
2023-12-27 08:00:00,subway,328,WTC Cortlandt (1),Manhattan,1.0
2023-12-27 08:00:00,subway,336,"Hoyt St (2,3)",Brooklyn,5.0
2023-12-27 08:00:00,subway,336,"Hoyt St (2,3)",Brooklyn,1.0
2023-12-27 08:00:00,subway,358,"Newkirk Av-Little Haiti (2,5)",Brooklyn,91.0
2023-12-27 08:00:00,subway,359,"Flatbush Av-Brooklyn College (2,5)",Brooklyn,49.0
2023-12-27 08:00:00,subway,360,Pelham Bay Park (6),Bronx,45.0
2023-12-27 08:00:00,subway,364,Zerega Av (6),Bronx,6.0
2023-12-27 08:00:00,subway,366,Parkchester (6),Bronx,219.0
2023-12-27 08:00:00,subway,367,St Lawrence Av (6),Bronx,15.0
2023-12-27 08:00:00,subway,367,St Lawrence Av (6),Bronx,21.0
2023-12-27 08:00:00,subway,368,Morrison Av-Soundview (6),Bronx,30.0
2023-12-27 08:00:00,subway,374,E 143 St-St Mary's St (6),Bronx,1.0
2023-12-27 08:00:00,subway,380,Bedford Park Blvd-Lehman College (4),Bronx,18.0
2023-12-27 08:00:00,subway,383,183 St (4),Bronx,97.0
2023-12-27 08:00:00,subway,385,176 St (4),Bronx,40.0
2023-12-27 08:00:00,subway,395,103 St (6),Manhattan,167.0
2023-12-27 08:00:00,subway,306,125 St (1),Manhattan,21.0
2023-12-27 08:00:00,subway,398,77 St (6),Manhattan,4.0
2023-12-27 08:00:00,subway,294,238 St (1),Bronx,49.0
2023-12-27 08:00:00,subway,292,Fulton St (G),Brooklyn,1.0
2023-12-27 08:00:00,subway,169,"Canal St (A,C,E)",Manhattan,1.0
2023-12-27 08:00:00,subway,176,Lafayette Av (C),Brooklyn,13.0
2023-12-27 08:00:00,subway,186,Van Siclen Av (C),Brooklyn,55.0
2023-12-27 08:00:00,subway,188,"Euclid Av (A,C)",Brooklyn,49.0
2023-12-27 08:00:00,subway,203,"Rockaway Park-Beach 116 St (A,S)",Queens,2.0
2023-12-27 08:00:00,subway,205,Beach 60 St (A),Queens,5.0
2023-12-27 08:00:00,subway,22,"Rector St (R,W)",Manhattan,33.0
2023-12-27 08:00:00,subway,220,"155 St (B,D)",Manhattan,18.0
2023-12-27 08:00:00,subway,225,"47-50 Sts-Rockefeller Ctr (B,D,F,M)",Manhattan,91.0
2023-12-27 08:00:00,subway,241,"15 St-Prospect Park (F,G)",Brooklyn,42.0
2023-12-27 08:00:00,subway,242,"Fort Hamilton Pkwy (F,G)",Brooklyn,8.0
2023-12-27 08:00:00,subway,247,Bay Pkwy (F),Brooklyn,4.0
2023-12-27 08:00:00,subway,251,Avenue U (F),Brooklyn,3.0
2023-12-27 08:00:00,subway,255,169 St (F),Queens,20.0
2023-12-27 08:00:00,subway,26,"DeKalb Av (B,Q,R)",Brooklyn,77.0
2023-12-27 08:00:00,subway,264,"Woodhaven Blvd (M,R)",Queens,37.0
2023-12-27 08:00:00,subway,265,"Grand Av-Newtown (M,R)",Queens,236.0
2023-12-27 08:00:00,subway,276,"5 Av/53 St (E,M)",Manhattan,2.0
2023-12-27 08:00:00,subway,278,"Jamaica Center-Parsons/Archer (E,J,Z)",Queens,81.0
2023-12-27 08:00:00,subway,278,"Jamaica Center-Parsons/Archer (E,J,Z)",Queens,97.0
2023-12-27 08:00:00,subway,278,"Jamaica Center-Parsons/Archer (E,J,Z)",Queens,159.0
2023-12-27 08:00:00,subway,283,Greenpoint Av (G),Brooklyn,17.0
2023-12-27 08:00:00,subway,287,Flushing Av (G),Brooklyn,10.0
2023-12-27 08:00:00,subway,288,Myrtle-Willoughby Avs (G),Brooklyn,11.0
2023-12-27 08:00:00,subway,292,Fulton St (G),Brooklyn,8.0
2023-12-27 08:00:00,subway,292,Fulton St (G),Brooklyn,45.0
2023-12-27 08:00:00,subway,399,68 St-Hunter College (6),Manhattan,34.0
2023-12-27 08:00:00,subway,403,33 St (6),Manhattan,14.0
2023-12-27 08:00:00,subway,404,28 St (6),Manhattan,50.0
2023-12-27 08:00:00,subway,630,"Myrtle-Wyckoff Avs (L,M)",Brooklyn,41.0
2023-12-27 08:00:00,subway,66,18 Av (D),Brooklyn,126.0
2023-12-27 08:00:00,subway,74,18 Av (N),Brooklyn,111.0
2023-12-27 08:00:00,subway,76,Bay Pkwy (N),Brooklyn,10.0
2023-12-27 08:00:00,subway,77,Kings Hwy (N),Brooklyn,11.0
2023-12-27 08:00:00,subway,78,Avenue U (N),Brooklyn,105.0
2023-12-27 08:00:00,subway,79,86 St (N),Brooklyn,50.0
2023-12-27 08:00:00,subway,86,Cypress Hills (J),Brooklyn,27.0
2023-12-27 08:00:00,subway,9,"57 St-7 Av (N,Q,R,W)",Manhattan,6.0
2023-12-27 08:00:00,subway,98,"Flushing Av (M,J)",Brooklyn,13.0
2023-12-27 08:00:00,subway,99,"Lorimer St (M,J)",Brooklyn,6.0
2023-12-27 08:00:00,tram,TRAM1,RI Tramway (Manhattan),Manhattan,4.0
2023-12-27 08:00:00,tram,TRAM2,RI Tramway (Roosevelt),Manhattan,54.0
2023-12-27 08:00:00,tram,TRAM2,RI Tramway (Roosevelt),Manhattan,137.0
2023-12-27 08:00:00,subway,95,"Gates Av (J,Z)",Brooklyn,30.0
2023-12-27 08:00:00,subway,90,"Van Siclen Av (J,Z)",Brooklyn,8.0
2023-12-27 08:00:00,subway,86,Cypress Hills (J),Brooklyn,12.0
2023-12-27 08:00:00,subway,84,85 St-Forest Pkwy (J),Queens,57.0
2023-12-27 08:00:00,subway,82,"104 St (J,Z)",Queens,21.0
2023-12-27 08:00:00,subway,76,Bay Pkwy (N),Brooklyn,112.0
2023-12-27 08:00:00,subway,74,18 Av (N),Brooklyn,20.0
2023-12-27 08:00:00,subway,74,18 Av (N),Brooklyn,15.0
2023-12-27 08:00:00,subway,69,25 Av (D),Brooklyn,18.0
2023-12-27 08:00:00,subway,67,20 Av (D),Brooklyn,73.0
2023-12-27 08:00:00,subway,66,18 Av (D),Brooklyn,31.0
2023-12-27 08:00:00,subway,626,"Franklin Av (2,3,4,5)/Botanic Garden (S)",Brooklyn,70.0
2023-12-27 08:00:00,subway,625,"Delancey St (F)/Essex St (J,M,Z)",Manhattan,97.0
2023-12-27 08:00:00,subway,619,"Broadway-Lafayette St (B,D,F,M)/Bleecker St (6)",Manhattan,31.0
2023-12-27 08:00:00,subway,617,"Atlantic Av-Barclays Ctr (B,D,N,Q,R,2,3,4,5)",Brooklyn,17.0
2023-12-27 08:00:00,subway,404,28 St (6),Manhattan,28.0
2023-12-27 08:00:00,subway,404,28 St (6),Manhattan,218.0
2023-12-27 08:00:00,subway,413,"Wall St (4,5)",Manhattan,13.0
2023-12-27 08:00:00,subway,419,"225 St (2,5)",Bronx,5.0
2023-12-27 08:00:00,subway,427,"West Farms Sq-E Tremont Av (2,5)",Bronx,11.0
2023-12-27 08:00:00,subway,43,Parkside Av (Q),Brooklyn,11.0
2023-12-27 08:00:00,subway,43,Parkside Av (Q),Brooklyn,113.0
2023-12-27 08:00:00,subway,431,"Intervale Av (2,5)",Bronx,10.0
2023-12-27 08:00:00,subway,438,"135 St (2,3)",Manhattan,48.0
2023-12-27 08:00:00,subway,441,"Central Park North (110 St) (2,3)",Manhattan,29.0
2023-12-27 08:00:00,subway,444,Gun Hill Rd (5),Bronx,22.0
2023-12-27 08:00:00,subway,448,Mets-Willets Point (7),Queens,1.0
2023-12-27 08:00:00,subway,636,"Jay St-MetroTech (A,C,F,R)",Brooklyn,30.0
2023-12-27 08:00:00,subway,449,111 St (7),Queens,2.0
2023-12-27 08:00:00,subway,46,Cortelyou Rd (Q),Brooklyn,15.0
2023-12-27 08:00:00,subway,460,33 St-Rawson St (7),Queens,7.0
2023-12-27 08:00:00,subway,461,"Queensboro Plaza (7,N,W)",Queens,9.0
2023-12-27 08:00:00,subway,475,96 St (Q),Manhattan,5.0
2023-12-27 08:00:00,subway,48,Avenue H (Q),Brooklyn,10.0
2023-12-27 08:00:00,subway,57,"W 8 St-NY Aquarium (F,Q)",Brooklyn,1.0
2023-12-27 08:00:00,subway,603,"149 St-Grand Concourse (2,4,5)",Bronx,28.0
2023-12-27 08:00:00,subway,603,"149 St-Grand Concourse (2,4,5)",Bronx,6.0
2023-12-27 08:00:00,subway,88,"Norwood Av (J,Z)",Brooklyn,39.0
2023-12-27 08:00:00,subway,608,"4 Av (F,G)/9 St (R)",Brooklyn,20.0
2023-12-27 08:00:00,subway,608,"4 Av (F,G)/9 St (R)",Brooklyn,11.0
2023-12-27 08:00:00,subway,61,50 St (D),Brooklyn,43.0
2023-12-27 08:00:00,subway,452,90 St-Elmhurst Av (7),Queens,133.0
2023-12-27 08:00:00,subway,88,"Norwood Av (J,Z)",Brooklyn,13.0
2023-12-27 08:00:00,subway,262,"67 Av (M,R)",Queens,45.0
2023-12-27 08:00:00,subway,77,Kings Hwy (N),Brooklyn,28.0
2023-12-27 08:00:00,subway,627,"Franklin Av (C,S)",Brooklyn,16.0
2023-12-27 08:00:00,subway,623,"Canal St (J,N,Q,R,W,Z,6)",Manhattan,12.0
2023-12-27 08:00:00,subway,621,"Broadway Junction (A,C,J,L,Z)",Brooklyn,73.0
2023-12-27 08:00:00,subway,615,New Utrecht Av (N)/62 St (D),Brooklyn,20.0
2023-12-27 08:00:00,subway,56,Ocean Pkwy (Q),Brooklyn,8.0
2023-12-27 08:00:00,subway,47,"Newkirk Plaza (B,Q)",Brooklyn,18.0
2023-12-27 08:00:00,subway,455,69 St (7),Queens,132.0
2023-12-27 08:00:00,subway,440,"116 St (2,3)",Manhattan,11.0
2023-12-27 08:00:00,subway,75,20 Av (N),Brooklyn,92.0
2023-12-27 08:00:00,subway,438,"135 St (2,3)",Manhattan,38.0
2023-12-27 08:00:00,subway,380,Bedford Park Blvd-Lehman College (4),Bronx,12.0
2023-12-27 08:00:00,subway,378,Woodlawn (4),Bronx,14.0
2023-12-27 08:00:00,subway,377,3 Av-138 St (6),Bronx,10.0
2023-12-27 08:00:00,subway,375,Cypress Av (6),Bronx,7.0
2023-12-27 08:00:00,subway,357,"Beverly Rd (2,5)",Brooklyn,14.0
2023-12-27 08:00:00,subway,328,WTC Cortlandt (1),Manhattan,9.0
2023-12-27 08:00:00,subway,32,"36 St (D,N,R)",Brooklyn,65.0
2023-12-27 08:00:00,subway,314,66 St-Lincoln Center (1),Manhattan,3.0
2023-12-27 08:00:00,subway,419,"225 St (2,5)",Bronx,21.0
2023-12-27 08:00:00,subway,31,25 St (R),Brooklyn,23.0
2023-12-27 08:00:00,subway,83,"Woodhaven Blvd (J,Z)",Queens,7.0
2023-12-27 08:00:00,subway,87,"Crescent St (J,Z)",Brooklyn,55.0
2023-12-27 08:00:00,subway,183,Rockaway Av (C),Brooklyn,16.0
2023-12-27 08:00:00,subway,83,"Woodhaven Blvd (J,Z)",Queens,4.0
2023-12-27 08:00:00,subway,182,Ralph Av (C),Brooklyn,6.0
2023-12-27 08:00:00,subway,16,"8 St-NYU (R,W)",Manhattan,21.0
2023-12-27 08:00:00,subway,158,"86 St (C,B)",Manhattan,10.0
2023-12-27 08:00:00,subway,157,"96 St (C,B)",Manhattan,14.0
2023-12-27 08:00:00,subway,156,"103 St (C,B)",Manhattan,7.0
2023-12-27 08:00:00,subway,154,"116 St (C,B)",Manhattan,33.0
2023-12-27 08:00:00,subway,84,85 St-Forest Pkwy (J),Queens,38.0
2023-12-27 08:00:00,subway,149,163 St-Amsterdam Av (C),Manhattan,7.0
2023-12-27 08:00:00,subway,129,Halsey St (L),Queens,31.0
2023-12-27 08:00:00,subway,109,Fresh Pond Rd (M),Queens,83.0
2023-12-27 08:00:00,subway,100,"Hewes St (M,J)",Brooklyn,5.0
2023-12-27 08:00:00,subway,100,"Hewes St (M,J)",Brooklyn,3.0
2023-12-27 08:00:00,subway,1,"Astoria-Ditmars Blvd (N,W)",Queens,168.0
2023-12-27 08:00:00,staten_island_railway,502,Tompkinsville (SIR),Staten Island,2.0
2023-12-27 08:00:00,subway,95,"Gates Av (J,Z)",Brooklyn,48.0
2023-12-27 08:00:00,subway,9,"57 St-7 Av (N,Q,R,W)",Manhattan,70.0
2023-12-27 08:00:00,subway,143,Inwood-207 St (A),Manhattan,198.0
2023-12-27 08:00:00,subway,303,157 St (1),Manhattan,67.0
2023-12-27 08:00:00,subway,291,Clinton-Washington Avs (G),Brooklyn,17.0
2023-12-27 08:00:00,subway,289,Bedford-Nostrand Avs (G),Brooklyn,9.0
2023-12-27 08:00:00,subway,336,"Hoyt St (2,3)",Brooklyn,2.0
2023-12-27 08:00:00,subway,356,"Church Av (2,5)",Brooklyn,172.0
2023-12-27 08:00:00,subway,359,"Flatbush Av-Brooklyn College (2,5)",Brooklyn,74.0
2023-12-27 08:00:00,subway,359,"Flatbush Av-Brooklyn College (2,5)",Brooklyn,33.0
2023-12-27 08:00:00,subway,36,Bay Ridge Av (R),Brooklyn,24.0
2023-12-27 08:00:00,subway,363,Westchester Sq-E Tremont Av (6),Bronx,2.0
2023-12-27 08:00:00,subway,367,St Lawrence Av (6),Bronx,8.0
2023-12-27 08:00:00,subway,368,Morrison Av-Soundview (6),Bronx,39.0
2023-12-27 08:00:00,subway,336,"Hoyt St (2,3)",Brooklyn,25.0
2023-12-27 08:00:00,subway,369,Elder Av (6),Bronx,21.0
2023-12-27 08:00:00,subway,371,Hunts Point Av (6),Bronx,98.0
2023-12-27 08:00:00,subway,373,E 149 St (6),Bronx,2.0
2023-12-27 08:00:00,subway,375,Cypress Av (6),Bronx,24.0
2023-12-27 08:00:00,subway,393,116 St (6),Manhattan,10.0
2023-12-27 08:00:00,subway,394,110 St (6),Manhattan,15.0
2023-12-27 08:00:00,subway,395,103 St (6),Manhattan,49.0
2023-12-27 08:00:00,subway,398,77 St (6),Manhattan,5.0
2023-12-27 08:00:00,subway,405,23 St (6),Manhattan,15.0
2023-12-27 08:00:00,subway,37,77 St (R),Brooklyn,8.0
2023-12-27 08:00:00,subway,329,Rector St (1),Manhattan,6.0
2023-12-27 08:00:00,subway,101,"Marcy Av (M,J,Z)",Brooklyn,35.0
2023-12-27 08:00:00,subway,120,Bedford Av (L),Brooklyn,14.0
2023-12-27 08:00:00,subway,282,21 St (G),Queens,1.0
2023-12-27 08:00:00,subway,271,"Steinway St (M,R)",Queens,14.0
2023-12-27 08:00:00,subway,248,Avenue N (F),Brooklyn,21.0
2023-12-27 08:00:00,subway,246,Avenue I (F),Brooklyn,4.0
2023-12-27 08:00:00,subway,190,80 St (A),Queens,19.0
2023-12-27 08:00:00,subway,162,"50 St (C,E)",Manhattan,173.0
2023-12-27 08:00:00,subway,162,"50 St (C,E)",Manhattan,80.0
2023-12-27 08:00:00,subway,156,"103 St (C,B)",Manhattan,70.0
2023-12-27 08:00:00,subway,155,"Cathedral Pkwy (110 St) (C,B)",Manhattan,7.0
2023-12-27 08:00:00,subway,151,"145 St (A,C,B,D)",Manhattan,404.0
2023-12-27 08:00:00,subway,149,163 St-Amsterdam Av (C),Manhattan,89.0
2023-12-27 08:00:00,subway,145,190 St (A),Manhattan,4.0
2023-12-27 08:00:00,subway,141,Park Pl (S),Brooklyn,8.0
2023-12-27 08:00:00,subway,138,Canarsie-Rockaway Pkwy (L),Brooklyn,37.0
2023-12-27 08:00:00,subway,120,Bedford Av (L),Brooklyn,1.0
2023-12-27 08:00:00,subway,118,3 Av (L),Manhattan,4.0
2023-12-27 08:00:00,staten_island_railway,501,St George (SIR),Staten Island,164.0
2023-12-27 08:00:00,subway,159,"81 St-Museum of Natural History (C,B)",Manhattan,23.0
2023-12-27 08:00:00,subway,144,Dyckman St (A),Manhattan,55.0
2023-12-27 08:00:00,subway,185,Liberty Av (C),Brooklyn,2.0
2023-12-27 08:00:00,subway,190,80 St (A),Queens,14.0
2023-12-27 08:00:00,subway,182,Ralph Av (C),Brooklyn,32.0
2023-12-27 08:00:00,subway,192,Rockaway Blvd (A),Queens,21.0
2023-12-27 08:00:00,subway,266,"Elmhurst Av (M,R)",Queens,41.0
2023-12-27 08:00:00,subway,263,"63 Dr-Rego Park (M,R)",Queens,185.0
2023-12-27 08:00:00,subway,259,"Kew Gardens-Union Tpke (E,F)",Queens,57.0
2023-12-27 08:00:00,subway,258,"Briarwood (E,F)",Queens,20.0
2023-12-27 08:00:00,subway,256,Parsons Blvd (F),Queens,53.0
2023-12-27 08:00:00,subway,254,Jamaica-179 St (F),Queens,84.0
2023-12-27 08:00:00,subway,249,Avenue P (F),Brooklyn,8.0
2023-12-27 08:00:00,subway,244,Ditmas Av (F),Brooklyn,3.0
2023-12-27 08:00:00,subway,238,"Smith-9 Sts (F,G)",Brooklyn,10.0
2023-12-27 08:00:00,subway,235,York St (F),Brooklyn,1.0
2023-12-27 08:00:00,subway,234,East Broadway (F),Manhattan,32.0
2023-12-27 08:00:00,subway,232,2 Av (F),Manhattan,32.0
2023-12-27 08:00:00,subway,231,"Grand St (B,D)",Manhattan,12.0
2023-12-27 08:00:00,subway,228,"23 St (F,M)",Manhattan,81.0
2023-12-27 08:00:00,subway,222,Roosevelt Island (F),Manhattan,15.0
2023-12-27 08:00:00,subway,22,"Rector St (R,W)",Manhattan,18.0
2023-12-27 08:00:00,subway,218,"167 St (B,D)",Bronx,45.0
2023-12-27 08:00:00,subway,216,"174-175 Sts (B,D)",Bronx,11.0
2023-12-27 08:00:00,subway,210,Norwood-205 St (D),Bronx,147.0
2023-12-27 08:00:00,subway,208,Beach 25 St (A),Queens,7.0
2023-12-27 08:00:00,subway,206,Beach 44 St (A),Queens,5.0
2023-12-27 08:00:00,subway,204,Beach 67 St (A),Queens,17.0
2023-12-27 08:00:00,subway,2,"Astoria Blvd (N,W)",Queens,1.0
2023-12-27 08:00:00,subway,273,"Queens Plaza (E,M,R)",Queens,359.0
2023-12-27 08:00:00,subway,197,Aqueduct-N Conduit Av (A),Queens,1.0
2023-12-27 08:00:00,subway,291,Clinton-Washington Avs (G),Brooklyn,8.0
2023-12-27 08:00:00,subway,308,Cathedral Pkwy (110 St) (1),Manhattan,31.0
2023-12-27 08:00:00,subway,626,"Franklin Av (2,3,4,5)/Botanic Garden (S)",Brooklyn,23.0
2023-12-27 08:00:00,subway,625,"Delancey St (F)/Essex St (J,M,Z)",Manhattan,40.0
2023-12-27 08:00:00,subway,622,"Brooklyn Bridge-City Hall (4,5,6)/Chambers St (J,Z)",Manhattan,17.0
2023-12-27 08:00:00,subway,616,"74-Broadway (7)/Jackson Hts-Roosevelt Av (E,F,M,R)",Queens,563.0
2023-12-27 08:00:00,subway,616,"74-Broadway (7)/Jackson Hts-Roosevelt Av (E,F,M,R)",Queens,79.0
2023-12-27 08:00:00,subway,61,50 St (D),Brooklyn,5.0
2023-12-27 08:00:00,subway,606,"Court Sq (E,G,M,7)",Queens,40.0
2023-12-27 08:00:00,subway,53,Neck Rd (Q),Brooklyn,18.0
2023-12-27 08:00:00,subway,53,Neck Rd (Q),Brooklyn,61.0
2023-12-27 08:00:00,subway,459,40 St-Lowery St (7),Queens,15.0
2023-12-27 08:00:00,subway,449,111 St (7),Queens,21.0
2023-12-27 08:00:00,subway,449,111 St (7),Queens,16.0
2023-12-27 08:00:00,subway,443,Baychester Av (5),Bronx,9.0
2023-12-27 08:00:00,subway,442,Eastchester-Dyre Av (5),Bronx,4.0
2023-12-27 08:00:00,subway,441,"Central Park North (110 St) (2,3)",Manhattan,38.0
2023-12-27 08:00:00,subway,441,"Central Park North (110 St) (2,3)",Manhattan,8.0
2023-12-27 08:00:00,subway,44,"Church Av (B,Q)",Brooklyn,38.0
2023-12-27 08:00:00,subway,433,"Jackson Av (2,5)",Bronx,78.0
2023-12-27 08:00:00,subway,432,"Prospect Av (2,5)",Bronx,29.0
2023-12-27 08:00:00,subway,430,"Simpson St (2,5)",Bronx,26.0
2023-12-27 08:00:00,subway,425,"Bronx Park East (2,5)",Bronx,11.0
2023-12-27 08:00:00,subway,41,"7 Av (B,Q)",Brooklyn,179.0
2023-12-27 08:00:00,subway,191,88 St (A),Queens,19.0
2023-12-27 08:00:00,subway,304,145 St (1),Manhattan,70.0
2023-12-27 08:00:00,subway,195,Ozone Park-Lefferts Blvd (A),Queens,16.0
2023-12-27 08:00:00,subway,405,23 St (6),Manhattan,17.0
2023-12-27 08:00:00,subway,192,Rockaway Blvd (A),Queens,120.0
2023-12-27 09:00:00,subway,379,Mosholu Pkwy (4),Bronx,20.0
2023-12-27 09:00:00,subway,339,"Bergen St (2,3)",Brooklyn,6.0
2023-12-27 09:00:00,subway,344,Kingston Av (3),Brooklyn,1.0
2023-12-27 09:00:00,subway,345,"Crown Hts-Utica Av (3,4)",Brooklyn,86.0
2023-12-27 09:00:00,subway,354,"Sterling St (2,5)",Brooklyn,9.0
2023-12-27 09:00:00,subway,36,Bay Ridge Av (R),Brooklyn,8.0
2023-12-27 09:00:00,subway,36,Bay Ridge Av (R),Brooklyn,16.0
2023-12-27 09:00:00,subway,368,Morrison Av-Soundview (6),Bronx,22.0
2023-12-27 09:00:00,subway,370,Whitlock Av (6),Bronx,12.0
2023-12-27 09:00:00,subway,376,Brook Av (6),Bronx,37.0
2023-12-27 09:00:00,subway,385,176 St (4),Bronx,12.0
2023-12-27 09:00:00,subway,39,Bay Ridge-95 St (R),Brooklyn,35.0
2023-12-27 09:00:00,subway,392,"125 St (4,5,6)",Manhattan,13.0
2023-12-27 09:00:00,subway,398,77 St (6),Manhattan,37.0
2023-12-27 09:00:00,subway,41,"7 Av (B,Q)",Brooklyn,22.0
2023-12-27 09:00:00,subway,413,"Wall St (4,5)",Manhattan,4.0
2023-12-27 09:00:00,subway,418,"233 St (2,5)",Bronx,6.0
2023-12-27 09:00:00,subway,424,"Pelham Pkwy (2,5)",Bronx,27.0
2023-12-27 09:00:00,subway,426,"E 180 St (2,5)",Bronx,24.0
2023-12-27 09:00:00,subway,426,"E 180 St (2,5)",Bronx,26.0
2023-12-27 09:00:00,subway,43,Parkside Av (Q),Brooklyn,4.0
2023-12-27 09:00:00,subway,430,"Simpson St (2,5)",Bronx,26.0
2023-12-27 09:00:00,subway,433,"Jackson Av (2,5)",Bronx,8.0
2023-12-27 09:00:00,subway,433,"Jackson Av (2,5)",Bronx,8.0
2023-12-27 09:00:00,subway,433,"Jackson Av (2,5)",Bronx,13.0
2023-12-27 09:00:00,subway,442,Eastchester-Dyre Av (5),Bronx,28.0
2023-12-27 09:00:00,subway,447,Flushing-Main St (7),Queens,214.0
2023-12-27 09:00:00,subway,45,Beverley Rd (Q),Brooklyn,12.0
2023-12-27 09:00:00,subway,45,Beverley Rd (Q),Brooklyn,18.0
2023-12-27 09:00:00,subway,328,WTC Cortlandt (1),Manhattan,2.0
2023-12-27 09:00:00,subway,327,"Chambers St (1,2,3)",Manhattan,2.0
2023-12-27 09:00:00,subway,327,"Chambers St (1,2,3)",Manhattan,21.0
2023-12-27 09:00:00,subway,32,"36 St (D,N,R)",Brooklyn,23.0
2023-12-27 09:00:00,subway,165,"23 St (C,E)",Manhattan,35.0
2023-12-27 09:00:00,subway,167,"W 4 St-Wash Sq (A,C,E,B,D,F,M)",Manhattan,3.0
2023-12-27 09:00:00,subway,173,"High St (A,C)",Brooklyn,96.0
2023-12-27 09:00:00,subway,180,Kingston-Throop Avs (C),Brooklyn,6.0
2023-12-27 09:00:00,subway,180,Kingston-Throop Avs (C),Brooklyn,49.0
2023-12-27 09:00:00,subway,189,Grant Av (A),Brooklyn,98.0
2023-12-27 09:00:00,subway,20,"City Hall (R,W)",Manhattan,2.0
2023-12-27 09:00:00,subway,20,"City Hall (R,W)",Manhattan,5.0
2023-12-27 09:00:00,subway,201,"Beach 98 St (A,S)",Queens,3.0
2023-12-27 09:00:00,subway,204,Beach 67 St (A),Queens,4.0
2023-12-27 09:00:00,subway,204,Beach 67 St (A),Queens,4.0
2023-12-27 09:00:00,subway,209,Far Rockaway-Mott Av (A),Queens,16.0
2023-12-27 09:00:00,subway,216,"174-175 Sts (B,D)",Bronx,1.0
2023-12-27 09:00:00,subway,221,21 St-Queensbridge (F),Queens,4.0
2023-12-27 09:00:00,subway,237,"Carroll St (F,G)",Brooklyn,5.0
2023-12-27 09:00:00,subway,237,"Carroll St (F,G)",Brooklyn,8.0
2023-12-27 09:00:00,subway,238,"Smith-9 Sts (F,G)",Brooklyn,14.0
2023-12-27 09:00:00,subway,240,"7 Av (F,G)",Brooklyn,5.0
2023-12-27 09:00:00,subway,240,"7 Av (F,G)",Brooklyn,186.0
2023-12-27 09:00:00,subway,250,Kings Hwy (F),Brooklyn,36.0
2023-12-27 09:00:00,subway,261,"Forest Hills-71 Av (E,F,M,R)",Queens,41.0
2023-12-27 09:00:00,subway,269,"Northern Blvd (M,R)",Queens,7.0
2023-12-27 09:00:00,subway,273,"Queens Plaza (E,M,R)",Queens,62.0
2023-12-27 09:00:00,subway,282,21 St (G),Queens,3.0
2023-12-27 09:00:00,subway,286,Broadway (G),Brooklyn,3.0
2023-12-27 09:00:00,subway,291,Clinton-Washington Avs (G),Brooklyn,4.0
2023-12-27 09:00:00,subway,310,"96 St (1,2,3)",Manhattan,89.0
2023-12-27 09:00:00,subway,312,79 St (1),Manhattan,69.0
2023-12-27 09:00:00,subway,318,"34 St-Penn Station (1,2,3)",Manhattan,6.0
2023-12-27 09:00:00,subway,45,Beverley Rd (Q),Brooklyn,21.0
2023-12-27 09:00:00,subway,451,Junction Blvd (7),Queens,280.0
2023-12-27 09:00:00,subway,451,Junction Blvd (7),Queens,22.0
2023-12-27 09:00:00,subway,453,82 St-Jackson Hts (7),Queens,78.0
2023-12-27 09:00:00,subway,22,"Rector St (R,W)",Manhattan,4.0
2023-12-27 09:00:00,subway,215,"Tremont Av (B,D)",Bronx,46.0
2023-12-27 09:00:00,subway,209,Far Rockaway-Mott Av (A),Queens,10.0
2023-12-27 09:00:00,subway,196,Aqueduct Racetrack (A),Queens,7.0
2023-12-27 09:00:00,subway,196,Aqueduct Racetrack (A),Queens,1.0
2023-12-27 09:00:00,subway,190,80 St (A),Queens,40.0
2023-12-27 09:00:00,subway,185,Liberty Av (C),Brooklyn,25.0
2023-12-27 09:00:00,subway,183,Rockaway Av (C),Brooklyn,32.0
2023-12-27 09:00:00,subway,182,Ralph Av (C),Brooklyn,71.0
2023-12-27 09:00:00,subway,180,Kingston-Throop Avs (C),Brooklyn,3.0
2023-12-27 09:00:00,subway,177,Clinton-Washington Avs (C),Brooklyn,1.0
2023-12-27 09:00:00,subway,173,"High St (A,C)",Brooklyn,1.0
2023-12-27 09:00:00,subway,17,"Prince St (R,W)",Manhattan,34.0
2023-12-27 09:00:00,subway,160,"72 St (C,B)",Manhattan,45.0
2023-12-27 09:00:00,subway,156,"103 St (C,B)",Manhattan,84.0
2023-12-27 09:00:00,subway,152,"135 St (C,B)",Manhattan,5.0
2023-12-27 09:00:00,subway,137,East 105 St (L),Brooklyn,7.0
2023-12-27 09:00:00,subway,131,Bushwick Av-Aberdeen St (L),Brooklyn,47.0
2023-12-27 09:00:00,subway,124,Montrose Av (L),Brooklyn,3.0
2023-12-27 09:00:00,subway,118,3 Av (L),Manhattan,4.0
2023-12-27 09:00:00,subway,114,Central Av (M),Brooklyn,2.0
2023-12-27 09:00:00,subway,111,Seneca Av (M),Queens,2.0
2023-12-27 09:00:00,subway,100,"Hewes St (M,J)",Brooklyn,48.0
2023-12-27 09:00:00,subway,100,"Hewes St (M,J)",Brooklyn,13.0
2023-12-27 09:00:00,subway,248,Avenue N (F),Brooklyn,5.0
2023-12-27 09:00:00,subway,246,Avenue I (F),Brooklyn,2.0
2023-12-27 09:00:00,subway,246,Avenue I (F),Brooklyn,4.0
2023-12-27 09:00:00,subway,244,Ditmas Av (F),Brooklyn,11.0
2023-12-27 09:00:00,subway,241,"15 St-Prospect Park (F,G)",Brooklyn,104.0
2023-12-27 09:00:00,subway,224,57 St (F),Manhattan,1.0
2023-12-27 09:00:00,subway,16,"8 St-NYU (R,W)",Manhattan,106.0
2023-12-27 09:00:00,subway,228,"23 St (F,M)",Manhattan,12.0
2023-12-27 09:00:00,subway,252,Avenue X (F),Brooklyn,12.0
2023-12-27 09:00:00,subway,455,69 St (7),Queens,115.0
2023-12-27 09:00:00,subway,47,"Newkirk Plaza (B,Q)",Brooklyn,56.0
2023-12-27 09:00:00,subway,48,Avenue H (Q),Brooklyn,7.0
2023-12-27 09:00:00,subway,49,Avenue J (Q),Brooklyn,44.0
2023-12-27 09:00:00,subway,5,"36 Av (N,W)",Queens,3.0
2023-12-27 09:00:00,subway,53,Neck Rd (Q),Brooklyn,29.0
2023-12-27 09:00:00,subway,55,"Brighton Beach (B,Q)",Brooklyn,165.0
2023-12-27 09:00:00,subway,6,"39 Av-Dutch Kills (N,W)",Queens,10.0
2023-12-27 09:00:00,subway,603,"149 St-Grand Concourse (2,4,5)",Bronx,72.0
2023-12-27 09:00:00,subway,606,"Court Sq (E,G,M,7)",Queens,31.0
2023-12-27 09:00:00,subway,611,"Times Sq-42 St (N,Q,R,W,S,1,2,3,7)/42 St (A,C,E)",Manhattan,159.0
2023-12-27 09:00:00,subway,614,"59 St-Columbus Circle (A,B,C,D,1)",Manhattan,57.0
2023-12-27 09:00:00,subway,615,New Utrecht Av (N)/62 St (D),Brooklyn,7.0
2023-12-27 09:00:00,subway,615,New Utrecht Av (N)/62 St (D),Brooklyn,75.0
2023-12-27 09:00:00,subway,619,"Broadway-Lafayette St (B,D,F,M)/Bleecker St (6)",Manhattan,231.0
2023-12-27 09:00:00,subway,621,"Broadway Junction (A,C,J,L,Z)",Brooklyn,13.0
2023-12-27 09:00:00,subway,622,"Brooklyn Bridge-City Hall (4,5,6)/Chambers St (J,Z)",Manhattan,183.0
2023-12-27 09:00:00,subway,627,"Franklin Av (C,S)",Brooklyn,76.0
2023-12-27 09:00:00,subway,630,"Myrtle-Wyckoff Avs (L,M)",Brooklyn,31.0
2023-12-27 09:00:00,subway,630,"Myrtle-Wyckoff Avs (L,M)",Brooklyn,67.0
2023-12-27 09:00:00,subway,64,71 St (D),Brooklyn,11.0
2023-12-27 09:00:00,subway,67,20 Av (D),Brooklyn,56.0
2023-12-27 09:00:00,subway,70,Bay 50 St (D),Brooklyn,42.0
2023-12-27 09:00:00,subway,85,"75 St-Elderts Ln (J,Z)",Queens,5.0
2023-12-27 09:00:00,subway,87,"Crescent St (J,Z)",Brooklyn,9.0
2023-12-27 09:00:00,subway,90,"Van Siclen Av (J,Z)",Brooklyn,6.0
2023-12-27 09:00:00,subway,95,"Gates Av (J,Z)",Brooklyn,34.0
2023-12-27 09:00:00,subway,97,"Myrtle Av (M,J,Z)",Brooklyn,8.0
2023-12-27 09:00:00,tram,TRAM1,RI Tramway (Manhattan),Manhattan,5.0
2023-12-27 09:00:00,subway,249,Avenue P (F),Brooklyn,62.0
2023-12-27 09:00:00,subway,375,Cypress Av (6),Bronx,5.0
2023-12-27 09:00:00,subway,159,"81 St-Museum of Natural History (C,B)",Manhattan,20.0
2023-12-27 09:00:00,subway,145,190 St (A),Manhattan,3.0
2023-12-27 09:00:00,subway,70,Bay 50 St (D),Brooklyn,5.0
2023-12-27 09:00:00,subway,77,Kings Hwy (N),Brooklyn,51.0
2023-12-27 09:00:00,subway,78,Avenue U (N),Brooklyn,9.0
2023-12-27 09:00:00,subway,82,"104 St (J,Z)",Queens,2.0
2023-12-27 09:00:00,subway,89,Cleveland St (J),Brooklyn,5.0
2023-12-27 09:00:00,subway,9,"57 St-7 Av (N,Q,R,W)",Manhattan,23.0
2023-12-27 09:00:00,subway,94,Halsey St (J),Brooklyn,19.0
2023-12-27 09:00:00,subway,95,"Gates Av (J,Z)",Brooklyn,7.0
2023-12-27 09:00:00,subway,97,"Myrtle Av (M,J,Z)",Brooklyn,9.0
2023-12-27 09:00:00,subway,97,"Myrtle Av (M,J,Z)",Brooklyn,41.0
2023-12-27 09:00:00,subway,86,Cypress Hills (J),Brooklyn,11.0
2023-12-27 09:00:00,subway,74,18 Av (N),Brooklyn,9.0
2023-12-27 09:00:00,subway,627,"Franklin Av (C,S)",Brooklyn,13.0
2023-12-27 09:00:00,subway,623,"Canal St (J,N,Q,R,W,Z,6)",Manhattan,130.0
2023-12-27 09:00:00,subway,61,50 St (D),Brooklyn,1.0
2023-12-27 09:00:00,subway,606,"Court Sq (E,G,M,7)",Queens,89.0
2023-12-27 09:00:00,subway,5,"36 Av (N,W)",Queens,34.0
2023-12-27 09:00:00,subway,477,72 St (Q),Manhattan,26.0
2023-12-27 09:00:00,subway,44,"Church Av (B,Q)",Brooklyn,75.0
2023-12-27 09:00:00,subway,420,"219 St (2,5)",Bronx,25.0
2023-12-27 09:00:00,subway,41,"7 Av (B,Q)",Brooklyn,1.0
2023-12-27 09:00:00,subway,41,"7 Av (B,Q)",Brooklyn,8.0
2023-12-27 09:00:00,subway,392,"125 St (4,5,6)",Manhattan,125.0
2023-12-27 09:00:00,subway,386,Mt Eden Av (4),Bronx,11.0
2023-12-27 09:00:00,subway,38,86 St (R),Brooklyn,34.0
2023-12-27 09:00:00,subway,373,E 149 St (6),Bronx,30.0
2023-12-27 09:00:00,subway,371,Hunts Point Av (6),Bronx,34.0
2023-12-27 09:00:00,subway,37,77 St (R),Brooklyn,11.0
2023-12-27 09:00:00,subway,369,Elder Av (6),Bronx,41.0
2023-12-27 09:00:00,subway,65,79 St (D),Brooklyn,24.0
2023-12-27 09:00:00,subway,367,St Lawrence Av (6),Bronx,11.0
2023-12-27 09:00:00,subway,629,Lorimer St (L)/Metropolitan Av (G),Brooklyn,234.0
2023-12-27 09:00:00,subway,622,"Brooklyn Bridge-City Hall (4,5,6)/Chambers St (J,Z)",Manhattan,2.0
2023-12-27 09:00:00,subway,38,86 St (R),Brooklyn,77.0
2023-12-27 09:00:00,subway,380,Bedford Park Blvd-Lehman College (4),Bronx,13.0
2023-12-27 09:00:00,subway,384,Burnside Av (4),Bronx,23.0
2023-12-27 09:00:00,subway,385,176 St (4),Bronx,38.0
2023-12-27 09:00:00,subway,393,116 St (6),Manhattan,12.0
2023-12-27 09:00:00,subway,394,110 St (6),Manhattan,27.0
2023-12-27 09:00:00,subway,399,68 St-Hunter College (6),Manhattan,28.0
2023-12-27 09:00:00,subway,403,33 St (6),Manhattan,1.0
2023-12-27 09:00:00,subway,41,"7 Av (B,Q)",Brooklyn,32.0
2023-12-27 09:00:00,subway,417,"Nereid Av (2,5)",Bronx,4.0
2023-12-27 09:00:00,subway,418,"233 St (2,5)",Bronx,17.0
2023-12-27 09:00:00,subway,420,"219 St (2,5)",Bronx,7.0
2023-12-27 09:00:00,subway,421,"Gun Hill Rd (2,5)",Bronx,19.0
2023-12-27 09:00:00,subway,428,"174 St (2,5)",Bronx,19.0
2023-12-27 09:00:00,subway,43,Parkside Av (Q),Brooklyn,6.0
2023-12-27 09:00:00,subway,439,"125 St (2,3)",Manhattan,34.0
2023-12-27 09:00:00,subway,453,82 St-Jackson Hts (7),Queens,14.0
2023-12-27 09:00:00,subway,459,40 St-Lowery St (7),Queens,33.0
2023-12-27 09:00:00,subway,56,Ocean Pkwy (Q),Brooklyn,2.0
2023-12-27 09:00:00,subway,6,"39 Av-Dutch Kills (N,W)",Queens,22.0
2023-12-27 09:00:00,subway,607,"34 St-Herald Sq (B,D,F,M,N,Q,R,W)",Manhattan,60.0
2023-12-27 09:00:00,subway,608,"4 Av (F,G)/9 St (R)",Brooklyn,37.0
2023-12-27 09:00:00,subway,611,"Times Sq-42 St (N,Q,R,W,S,1,2,3,7)/42 St (A,C,E)",Manhattan,50.0
2023-12-27 09:00:00,subway,612,"Lexington Av-53 St (E,M)/51 St (6)",Manhattan,40.0
2023-12-27 09:00:00,subway,616,"74-Broadway (7)/Jackson Hts-Roosevelt Av (E,F,M,R)",Queens,88.0
2023-12-27 09:00:00,subway,617,"Atlantic Av-Barclays Ctr (B,D,N,Q,R,2,3,4,5)",Brooklyn,437.0
2023-12-27 09:00:00,subway,619,"Broadway-Lafayette St (B,D,F,M)/Bleecker St (6)",Manhattan,9.0
2023-12-27 09:00:00,subway,62,55 St (D),Brooklyn,6.0
2023-12-27 09:00:00,subway,62,55 St (D),Brooklyn,3.0
2023-12-27 09:00:00,subway,627,"Franklin Av (C,S)",Brooklyn,3.0
2023-12-27 09:00:00,subway,146,181 St (A),Manhattan,11.0
2023-12-27 09:00:00,subway,365,Castle Hill Av (6),Bronx,6.0
2023-12-27 09:00:00,subway,355,"Winthrop St (2,5)",Brooklyn,9.0
2023-12-27 09:00:00,subway,328,WTC Cortlandt (1),Manhattan,17.0
2023-12-27 09:00:00,subway,33,45 St (R),Brooklyn,63.0
2023-12-27 09:00:00,subway,352,New Lots Av (3),Brooklyn,11.0
2023-12-27 09:00:00,subway,364,Zerega Av (6),Bronx,11.0
2023-12-27 09:00:00,subway,295,231 St (1),Bronx,34.0
2023-12-27 09:00:00,subway,292,Fulton St (G),Brooklyn,2.0
2023-12-27 09:00:00,subway,290,Classon Av (G),Brooklyn,92.0
2023-12-27 09:00:00,subway,290,Classon Av (G),Brooklyn,11.0
2023-12-27 09:00:00,subway,375,Cypress Av (6),Bronx,5.0
2023-12-27 09:00:00,subway,284,Nassau Av (G),Brooklyn,21.0
2023-12-27 09:00:00,subway,282,21 St (G),Queens,4.0
2023-12-27 09:00:00,subway,280,Jamaica-Van Wyck (E),Queens,16.0
2023-12-27 09:00:00,subway,278,"Jamaica Center-Parsons/Archer (E,J,Z)",Queens,234.0
2023-12-27 09:00:00,subway,272,"36 St (M,R)",Queens,16.0
2023-12-27 09:00:00,subway,268,"65 St (M,R)",Queens,21.0
2023-12-27 09:00:00,subway,268,"65 St (M,R)",Queens,29.0
2023-12-27 09:00:00,subway,264,"Woodhaven Blvd (M,R)",Queens,12.0
2023-12-27 09:00:00,subway,263,"63 Dr-Rego Park (M,R)",Queens,19.0
2023-12-27 09:00:00,subway,261,"Forest Hills-71 Av (E,F,M,R)",Queens,68.0
2023-12-27 09:00:00,subway,255,169 St (F),Queens,38.0
2023-12-27 09:00:00,subway,297,215 St (1),Manhattan,4.0
2023-12-27 09:00:00,subway,307,116 St-Columbia University (1),Manhattan,2.0
2023-12-27 09:00:00,subway,308,Cathedral Pkwy (110 St) (1),Manhattan,6.0
2023-12-27 09:00:00,subway,31,25 St (R),Brooklyn,6.0
2023-12-27 09:00:00,subway,119,1 Av (L),Manhattan,30.0
2023-12-27 09:00:00,subway,126,Jefferson St (L),Brooklyn,117.0
2023-12-27 09:00:00,subway,133,Atlantic Av (L),Brooklyn,4.0
2023-12-27 09:00:00,subway,137,East 105 St (L),Brooklyn,26.0
2023-12-27 09:00:00,subway,138,Canarsie-Rockaway Pkwy (L),Brooklyn,6.0
2023-12-27 09:00:00,subway,293,Van Cortlandt Park-242 St (1),Bronx,30.0
2023-12-27 09:00:00,subway,356,"Church Av (2,5)",Brooklyn,30.0
2023-12-27 09:00:00,subway,289,Bedford-Nostrand Avs (G),Brooklyn,10.0
2023-12-27 09:00:00,subway,299,Dyckman St (1),Manhattan,8.0
2023-12-27 09:00:00,subway,348,Rockaway Av (3),Brooklyn,6.0
2023-12-27 09:00:00,subway,346,Sutter Av-Rutland Rd (3),Brooklyn,23.0
2023-12-27 09:00:00,subway,346,Sutter Av-Rutland Rd (3),Brooklyn,41.0
2023-12-27 09:00:00,subway,343,Nostrand Av (3),Brooklyn,2.0
2023-12-27 09:00:00,subway,341,"Eastern Pkwy-Brooklyn Museum (2,3)",Brooklyn,56.0
2023-12-27 09:00:00,subway,341,"Eastern Pkwy-Brooklyn Museum (2,3)",Brooklyn,11.0
2023-12-27 09:00:00,subway,339,"Bergen St (2,3)",Brooklyn,5.0
2023-12-27 09:00:00,subway,296,Marble Hill-225 St (1),Manhattan,12.0
2023-12-27 09:00:00,subway,287,Flushing Av (G),Brooklyn,6.0
2023-12-27 09:00:00,subway,284,Nassau Av (G),Brooklyn,13.0
2023-12-27 09:00:00,subway,276,"5 Av/53 St (E,M)",Manhattan,1.0
2023-12-27 09:00:00,subway,224,57 St (F),Manhattan,1.0
2023-12-27 09:00:00,subway,203,"Rockaway Park-Beach 116 St (A,S)",Queens,1.0
2023-12-27 09:00:00,subway,185,Liberty Av (C),Brooklyn,4.0
2023-12-27 09:00:00,subway,179,"Nostrand Av (A,C)",Brooklyn,72.0
2023-12-27 09:00:00,subway,169,"Canal St (A,C,E)",Manhattan,11.0
2023-12-27 09:00:00,subway,143,Inwood-207 St (A),Manhattan,15.0
2023-12-27 09:00:00,subway,339,"Bergen St (2,3)",Brooklyn,1.0
2023-12-27 09:00:00,subway,327,"Chambers St (1,2,3)",Manhattan,11.0
2023-12-27 09:00:00,subway,326,Franklin St (1),Manhattan,65.0
2023-12-27 09:00:00,subway,32,"36 St (D,N,R)",Brooklyn,89.0
2023-12-27 09:00:00,subway,319,28 St (1),Manhattan,2.0
2023-12-27 09:00:00,subway,316,50 St (1),Manhattan,3.0
2023-12-27 09:00:00,subway,313,"72 St (1,2,3)",Manhattan,10.0
2023-12-27 09:00:00,subway,313,"72 St (1,2,3)",Manhattan,16.0
2023-12-27 09:00:00,subway,311,86 St (1),Manhattan,208.0
2023-12-27 09:00:00,subway,307,116 St-Columbia University (1),Manhattan,92.0
2023-12-27 09:00:00,subway,304,145 St (1),Manhattan,60.0
2023-12-27 09:00:00,subway,303,157 St (1),Manhattan,41.0
2023-12-27 09:00:00,subway,297,215 St (1),Manhattan,20.0
2023-12-27 09:00:00,subway,378,Woodlawn (4),Bronx,20.0
2023-12-27 09:00:00,subway,296,Marble Hill-225 St (1),Manhattan,8.0
2023-12-27 09:00:00,subway,10,"49 St (N,R,W)",Manhattan,10.0
2023-12-27 09:00:00,subway,434,"3 Av-149 St (2,5)",Bronx,62.0
2023-12-27 09:00:00,subway,431,"Intervale Av (2,5)",Bronx,3.0
2023-12-27 09:00:00,subway,427,"West Farms Sq-E Tremont Av (2,5)",Bronx,9.0
2023-12-27 09:00:00,subway,420,"219 St (2,5)",Bronx,4.0
2023-12-27 09:00:00,subway,414,"Bowling Green (4,5)",Manhattan,107.0
2023-12-27 09:00:00,subway,409,Spring St (6),Manhattan,1.0
2023-12-27 09:00:00,subway,407,Astor Pl (6),Manhattan,13.0
2023-12-27 09:00:00,subway,407,Astor Pl (6),Manhattan,4.0
2023-12-27 09:00:00,subway,405,23 St (6),Manhattan,5.0
2023-12-27 09:00:00,subway,404,28 St (6),Manhattan,197.0
2023-12-27 09:00:00,subway,4,"Broadway (N,W)",Queens,39.0
2023-12-27 09:00:00,subway,437,145 St (3),Manhattan,17.0
2023-12-27 09:00:00,subway,395,103 St (6),Manhattan,30.0
2023-12-27 09:00:00,subway,39,Bay Ridge-95 St (R),Brooklyn,4.0
2023-12-27 09:00:00,subway,388,167 St (4),Bronx,25.0
2023-12-27 09:00:00,subway,38,86 St (R),Brooklyn,184.0
2023-12-27 09:00:00,subway,373,E 149 St (6),Bronx,16.0
2023-12-27 09:00:00,subway,366,Parkchester (6),Bronx,214.0
2023-12-27 09:00:00,subway,365,Castle Hill Av (6),Bronx,15.0
2023-12-27 09:00:00,subway,363,Westchester Sq-E Tremont Av (6),Bronx,13.0
2023-12-27 09:00:00,subway,362,Middletown Rd (6),Bronx,2.0
2023-12-27 09:00:00,subway,361,Buhre Av (6),Bronx,5.0
2023-12-27 09:00:00,subway,36,Bay Ridge Av (R),Brooklyn,16.0
2023-12-27 09:00:00,subway,355,"Winthrop St (2,5)",Brooklyn,1.0
2023-12-27 09:00:00,subway,393,116 St (6),Manhattan,63.0
2023-12-27 09:00:00,subway,354,"Sterling St (2,5)",Brooklyn,56.0
2023-12-27 09:00:00,subway,439,"125 St (2,3)",Manhattan,15.0
2023-12-27 09:00:00,subway,440,"116 St (2,3)",Manhattan,47.0
2023-12-27 09:00:00,staten_island_railway,501,St George (SIR),Staten Island,56.0
2023-12-27 09:00:00,subway,97,"Myrtle Av (M,J,Z)",Brooklyn,24.0
2023-12-27 09:00:00,subway,93,"Chauncey St (J,Z)",Brooklyn,15.0
2023-12-27 09:00:00,subway,91,Alabama Av (J),Brooklyn,4.0
2023-12-27 09:00:00,subway,88,"Norwood Av (J,Z)",Brooklyn,7.0
2023-12-27 09:00:00,subway,82,"104 St (J,Z)",Queens,7.0
2023-12-27 09:00:00,subway,81,111 St (J),Queens,15.0
2023-12-27 09:00:00,subway,72,Fort Hamilton Pkwy (N),Brooklyn,25.0
2023-12-27 09:00:00,subway,67,20 Av (D),Brooklyn,79.0
2023-12-27 09:00:00,subway,624,"Chambers St (A,C)/WTC (E)/Park Pl (2,3)/Cortlandt (R,W)",Manhattan,4.0
2023-12-27 09:00:00,subway,615,New Utrecht Av (N)/62 St (D),Brooklyn,17.0
2023-12-27 09:00:00,subway,439,"125 St (2,3)",Manhattan,118.0
2023-12-27 09:00:00,subway,615,New Utrecht Av (N)/62 St (D),Brooklyn,63.0
2023-12-27 09:00:00,subway,612,"Lexington Av-53 St (E,M)/51 St (6)",Manhattan,4.0
2023-12-27 09:00:00,subway,608,"4 Av (F,G)/9 St (R)",Brooklyn,39.0
2023-12-27 09:00:00,subway,602,"14 St-Union Sq (L,N,Q,R,W,4,5,6)",Manhattan,542.0
2023-12-27 09:00:00,subway,60,Fort Hamilton Pkwy (D),Brooklyn,14.0
2023-12-27 09:00:00,subway,55,"Brighton Beach (B,Q)",Brooklyn,34.0
2023-12-27 09:00:00,subway,51,"Kings Hwy (B,Q)",Brooklyn,125.0
2023-12-27 09:00:00,subway,49,Avenue J (Q),Brooklyn,19.0
2023-12-27 09:00:00,subway,460,33 St-Rawson St (7),Queens,5.0
2023-12-27 09:00:00,subway,459,40 St-Lowery St (7),Queens,46.0
2023-12-27 09:00:00,subway,453,82 St-Jackson Hts (7),Queens,14.0
2023-12-27 09:00:00,subway,452,90 St-Elmhurst Av (7),Queens,38.0
2023-12-27 09:00:00,subway,614,"59 St-Columbus Circle (A,B,C,D,1)",Manhattan,54.0
2023-12-27 09:00:00,subway,353,"President St-Medgar Evers College (2,5)",Brooklyn,7.0
2023-12-27 09:00:00,subway,99,"Lorimer St (M,J)",Brooklyn,6.0
2023-12-27 09:00:00,subway,347,Saratoga Av (3),Brooklyn,36.0
2023-12-27 09:00:00,subway,204,Beach 67 St (A),Queens,5.0
2023-12-27 09:00:00,subway,197,Aqueduct-N Conduit Av (A),Queens,2.0
2023-12-27 09:00:00,subway,192,Rockaway Blvd (A),Queens,15.0
2023-12-27 09:00:00,subway,189,Grant Av (A),Brooklyn,21.0
2023-12-27 09:00:00,subway,187,Shepherd Av (C),Brooklyn,9.0
2023-12-27 09:00:00,subway,187,Shepherd Av (C),Brooklyn,2.0
2023-12-27 09:00:00,subway,187,Shepherd Av (C),Brooklyn,7.0
2023-12-27 09:00:00,subway,186,Van Siclen Av (C),Brooklyn,11.0
2023-12-27 09:00:00,subway,185,Liberty Av (C),Brooklyn,4.0
2023-12-27 09:00:00,subway,175,"Hoyt-Schermerhorn Sts (A,C,G)",Brooklyn,9.0
2023-12-27 09:00:00,subway,169,"Canal St (A,C,E)",Manhattan,42.0
2023-12-27 09:00:00,subway,205,Beach 60 St (A),Queens,6.0
2023-12-27 09:00:00,subway,165,"23 St (C,E)",Manhattan,71.0
2023-12-27 09:00:00,subway,152,"135 St (C,B)",Manhattan,95.0
2023-12-27 09:00:00,subway,150,155 St (C),Manhattan,2.0
2023-12-27 09:00:00,subway,149,163 St-Amsterdam Av (C),Manhattan,72.0
2023-12-27 09:00:00,subway,147,175 St (A),Manhattan,102.0
2023-12-27 09:00:00,subway,135,Livonia Av (L),Brooklyn,4.0
2023-12-27 09:00:00,subway,127,DeKalb Av (L),Brooklyn,237.0
2023-12-27 09:00:00,subway,120,Bedford Av (L),Brooklyn,48.0
2023-12-27 09:00:00,subway,109,Fresh Pond Rd (M),Queens,1.0
2023-12-27 09:00:00,subway,108,Middle Village-Metropolitan Av (M),Queens,17.0
2023-12-27 09:00:00,subway,107,"Broad St (J,Z)",Manhattan,15.0
2023-12-27 09:00:00,subway,351,Van Siclen Av (3),Brooklyn,13.0
2023-12-27 09:00:00,subway,160,"72 St (C,B)",Manhattan,8.0
2023-12-27 09:00:00,subway,209,Far Rockaway-Mott Av (A),Queens,5.0
2023-12-27 09:00:00,subway,107,"Broad St (J,Z)",Manhattan,2.0
2023-12-27 09:00:00,subway,215,"Tremont Av (B,D)",Bronx,25.0
2023-12-27 09:00:00,subway,344,Kingston Av (3),Brooklyn,12.0
2023-12-27 09:00:00,subway,341,"Eastern Pkwy-Brooklyn Museum (2,3)",Brooklyn,5.0
2023-12-27 09:00:00,subway,337,"Nevins St (2,3,4,5)",Brooklyn,7.0
2023-12-27 09:00:00,subway,336,"Hoyt St (2,3)",Brooklyn,4.0
2023-12-27 09:00:00,subway,334,"Clark St (2,3)",Brooklyn,19.0
2023-12-27 09:00:00,subway,333,"Wall St (2,3)",Manhattan,11.0
2023-12-27 09:00:00,subway,328,WTC Cortlandt (1),Manhattan,258.0
2023-12-27 09:00:00,subway,215,"Tremont Av (B,D)",Bronx,7.0
2023-12-27 09:00:00,subway,320,23 St (1),Manhattan,60.0
2023-12-27 09:00:00,subway,309,103 St (1),Manhattan,208.0
2023-12-27 09:00:00,subway,307,116 St-Columbia University (1),Manhattan,21.0
2023-12-27 09:00:00,subway,3,"30 Av (N,W)",Queens,338.0
2023-12-27 09:00:00,subway,320,23 St (1),Manhattan,10.0
2023-12-27 09:00:00,subway,276,"5 Av/53 St (E,M)",Manhattan,41.0
2023-12-27 09:00:00,subway,280,Jamaica-Van Wyck (E),Queens,10.0
2023-12-27 09:00:00,subway,220,"155 St (B,D)",Manhattan,22.0
2023-12-27 09:00:00,subway,235,York St (F),Brooklyn,45.0
2023-12-27 09:00:00,subway,236,"Bergen St (F,G)",Brooklyn,20.0
2023-12-27 09:00:00,subway,245,18 Av (F),Brooklyn,59.0
2023-12-27 09:00:00,subway,22,"Rector St (R,W)",Manhattan,9.0
2023-12-27 09:00:00,subway,251,Avenue U (F),Brooklyn,7.0
2023-12-27 09:00:00,subway,254,Jamaica-179 St (F),Queens,38.0
2023-12-27 09:00:00,subway,255,169 St (F),Queens,10.0
2023-12-27 09:00:00,subway,256,Parsons Blvd (F),Queens,21.0
2023-12-27 09:00:00,subway,276,"5 Av/53 St (E,M)",Manhattan,3.0
2023-12-27 09:00:00,subway,247,Bay Pkwy (F),Brooklyn,3.0
2023-12-27 10:00:00,subway,443,Baychester Av (5),Bronx,33.0
2023-12-27 10:00:00,subway,432,"Prospect Av (2,5)",Bronx,6.0
2023-12-27 10:00:00,subway,43,Parkside Av (Q),Brooklyn,4.0
2023-12-27 10:00:00,subway,424,"Pelham Pkwy (2,5)",Bronx,5.0
2023-12-27 10:00:00,subway,421,"Gun Hill Rd (2,5)",Bronx,14.0
2023-12-27 10:00:00,subway,42,"Prospect Park (B,Q,S)",Brooklyn,11.0
2023-12-27 10:00:00,subway,418,"233 St (2,5)",Bronx,11.0
2023-12-27 10:00:00,subway,41,"7 Av (B,Q)",Brooklyn,156.0
2023-12-27 10:00:00,subway,409,Spring St (6),Manhattan,3.0
2023-12-27 10:00:00,subway,404,28 St (6),Manhattan,9.0
2023-12-27 10:00:00,subway,365,Castle Hill Av (6),Bronx,12.0
2023-12-27 10:00:00,subway,396,96 St (6),Manhattan,8.0
2023-12-27 10:00:00,subway,395,103 St (6),Manhattan,13.0
2023-12-27 10:00:00,subway,393,116 St (6),Manhattan,1.0
2023-12-27 10:00:00,subway,392,"125 St (4,5,6)",Manhattan,2.0
2023-12-27 10:00:00,subway,392,"125 St (4,5,6)",Manhattan,240.0
2023-12-27 10:00:00,subway,386,Mt Eden Av (4),Bronx,10.0
2023-12-27 10:00:00,subway,378,Woodlawn (4),Bronx,12.0
2023-12-27 10:00:00,subway,370,Whitlock Av (6),Bronx,14.0
2023-12-27 10:00:00,subway,368,Morrison Av-Soundview (6),Bronx,10.0
2023-12-27 10:00:00,subway,366,Parkchester (6),Bronx,202.0
2023-12-27 10:00:00,subway,365,Castle Hill Av (6),Bronx,19.0
2023-12-27 10:00:00,subway,404,28 St (6),Manhattan,15.0
2023-12-27 10:00:00,subway,450,103 St-Corona Plaza (7),Queens,66.0
2023-12-27 10:00:00,subway,614,"59 St-Columbus Circle (A,B,C,D,1)",Manhattan,173.0
2023-12-27 10:00:00,subway,461,"Queensboro Plaza (7,N,W)",Queens,60.0
2023-12-27 10:00:00,subway,364,Zerega Av (6),Bronx,3.0
2023-12-27 10:00:00,subway,91,Alabama Av (J),Brooklyn,8.0
2023-12-27 10:00:00,subway,90,"Van Siclen Av (J,Z)",Brooklyn,19.0
2023-12-27 10:00:00,subway,88,"Norwood Av (J,Z)",Brooklyn,3.0
2023-12-27 10:00:00,subway,85,"75 St-Elderts Ln (J,Z)",Queens,2.0
2023-12-27 10:00:00,subway,8,"5 Av/59 St (N,R,W)",Manhattan,105.0
2023-12-27 10:00:00,subway,78,Avenue U (N),Brooklyn,7.0
2023-12-27 10:00:00,subway,72,Fort Hamilton Pkwy (N),Brooklyn,25.0
2023-12-27 10:00:00,subway,71,8 Av (N),Brooklyn,14.0
2023-12-27 10:00:00,subway,636,"Jay St-MetroTech (A,C,F,R)",Brooklyn,296.0
2023-12-27 10:00:00,subway,628,"Fulton St (A,C,J,Z,2,3,4,5)",Manhattan,58.0
2023-12-27 10:00:00,subway,46,Cortelyou Rd (Q),Brooklyn,5.0
2023-12-27 10:00:00,subway,619,"Broadway-Lafayette St (B,D,F,M)/Bleecker St (6)",Manhattan,103.0
2023-12-27 10:00:00,subway,616,"74-Broadway (7)/Jackson Hts-Roosevelt Av (E,F,M,R)",Queens,319.0
2023-12-27 10:00:00,subway,613,"Lexington Av (N,R,W)/59 St (4,5,6)",Manhattan,12.0
2023-12-27 10:00:00,subway,612,"Lexington Av-53 St (E,M)/51 St (6)",Manhattan,49.0
2023-12-27 10:00:00,subway,603,"149 St-Grand Concourse (2,4,5)",Bronx,42.0
2023-12-27 10:00:00,subway,602,"14 St-Union Sq (L,N,Q,R,W,4,5,6)",Manhattan,208.0
2023-12-27 10:00:00,subway,60,Fort Hamilton Pkwy (D),Brooklyn,3.0
2023-12-27 10:00:00,subway,57,"W 8 St-NY Aquarium (F,Q)",Brooklyn,7.0
2023-12-27 10:00:00,subway,53,Neck Rd (Q),Brooklyn,3.0
2023-12-27 10:00:00,subway,52,Avenue U (Q),Brooklyn,38.0
2023-12-27 10:00:00,subway,5,"36 Av (N,W)",Queens,32.0
2023-12-27 10:00:00,subway,49,Avenue J (Q),Brooklyn,13.0
2023-12-27 10:00:00,subway,617,"Atlantic Av-Barclays Ctr (B,D,N,Q,R,2,3,4,5)",Brooklyn,65.0
2023-12-27 10:00:00,subway,363,Westchester Sq-E Tremont Av (6),Bronx,5.0
2023-12-27 10:00:00,subway,250,Kings Hwy (F),Brooklyn,11.0
2023-12-27 10:00:00,subway,362,Middletown Rd (6),Bronx,2.0
2023-12-27 10:00:00,subway,243,"Church Av (F,G)",Brooklyn,3.0
2023-12-27 10:00:00,subway,241,"15 St-Prospect Park (F,G)",Brooklyn,13.0
2023-12-27 10:00:00,subway,240,"7 Av (F,G)",Brooklyn,4.0
2023-12-27 10:00:00,subway,228,"23 St (F,M)",Manhattan,15.0
2023-12-27 10:00:00,subway,215,"Tremont Av (B,D)",Bronx,16.0
2023-12-27 10:00:00,subway,205,Beach 60 St (A),Queens,2.0
2023-12-27 10:00:00,subway,205,Beach 60 St (A),Queens,2.0
2023-12-27 10:00:00,subway,199,"Broad Channel (A,S)",Queens,3.0
2023-12-27 10:00:00,subway,198,Howard Beach-JFK Airport (A),Queens,15.0
2023-12-27 10:00:00,subway,183,Rockaway Av (C),Brooklyn,6.0
2023-12-27 10:00:00,subway,173,"High St (A,C)",Brooklyn,8.0
2023-12-27 10:00:00,subway,244,Ditmas Av (F),Brooklyn,6.0
2023-12-27 10:00:00,subway,17,"Prince St (R,W)",Manhattan,1.0
2023-12-27 10:00:00,subway,6,"39 Av-Dutch Kills (N,W)",Queens,83.0
2023-12-27 10:00:00,subway,601,"14 St (F,M,1,2,3)/6 Av (L)",Manhattan,23.0
2023-12-27 10:00:00,subway,606,"Court Sq (E,G,M,7)",Queens,1.0
2023-12-27 10:00:00,subway,607,"34 St-Herald Sq (B,D,F,M,N,Q,R,W)",Manhattan,1352.0
2023-12-27 10:00:00,subway,608,"4 Av (F,G)/9 St (R)",Brooklyn,43.0
2023-12-27 10:00:00,subway,608,"4 Av (F,G)/9 St (R)",Brooklyn,1.0
2023-12-27 10:00:00,subway,611,"Times Sq-42 St (N,Q,R,W,S,1,2,3,7)/42 St (A,C,E)",Manhattan,165.0
2023-12-27 10:00:00,subway,618,"14 St (A,C,E)/8 Av (L)",Manhattan,34.0
2023-12-27 10:00:00,subway,62,55 St (D),Brooklyn,21.0
2023-12-27 10:00:00,subway,625,"Delancey St (F)/Essex St (J,M,Z)",Manhattan,45.0
2023-12-27 10:00:00,subway,56,Ocean Pkwy (Q),Brooklyn,12.0
2023-12-27 10:00:00,subway,59,9 Av (D),Brooklyn,8.0
2023-12-27 10:00:00,subway,362,Middletown Rd (6),Bronx,5.0
2023-12-27 10:00:00,subway,245,18 Av (F),Brooklyn,39.0
2023-12-27 10:00:00,subway,247,Bay Pkwy (F),Brooklyn,6.0
2023-12-27 10:00:00,subway,360,Pelham Bay Park (6),Bronx,51.0
2023-12-27 10:00:00,subway,352,New Lots Av (3),Brooklyn,5.0
2023-12-27 10:00:00,subway,350,Pennsylvania Av (3),Brooklyn,11.0
2023-12-27 10:00:00,subway,350,Pennsylvania Av (3),Brooklyn,10.0
2023-12-27 10:00:00,subway,35,"59 St (N,R)",Brooklyn,23.0
2023-12-27 10:00:00,subway,333,"Wall St (2,3)",Manhattan,15.0
2023-12-27 10:00:00,subway,320,23 St (1),Manhattan,2.0
2023-12-27 10:00:00,subway,319,28 St (1),Manhattan,2.0
2023-12-27 10:00:00,subway,311,86 St (1),Manhattan,15.0
2023-12-27 10:00:00,subway,305,137 St-City College (1),Manhattan,18.0
2023-12-27 10:00:00,subway,304,145 St (1),Manhattan,9.0
2023-12-27 10:00:00,subway,246,Avenue I (F),Brooklyn,5.0
2023-12-27 10:00:00,subway,298,207 St (1),Manhattan,41.0
2023-12-27 10:00:00,subway,286,Broadway (G),Brooklyn,54.0
2023-12-27 10:00:00,subway,28,Union St (R),Brooklyn,12.0
2023-12-27 10:00:00,subway,271,"Steinway St (M,R)",Queens,10.0
2023-12-27 10:00:00,subway,269,"Northern Blvd (M,R)",Queens,94.0
2023-12-27 10:00:00,subway,269,"Northern Blvd (M,R)",Queens,26.0
2023-12-27 10:00:00,subway,268,"65 St (M,R)",Queens,7.0
2023-12-27 10:00:00,subway,263,"63 Dr-Rego Park (M,R)",Queens,200.0
2023-12-27 10:00:00,subway,262,"67 Av (M,R)",Queens,2.0
2023-12-27 10:00:00,subway,260,"75 Av (E,F)",Queens,7.0
2023-12-27 10:00:00,subway,253,Neptune Av (F),Brooklyn,2.0
2023-12-27 10:00:00,subway,250,Kings Hwy (F),Brooklyn,38.0
2023-12-27 10:00:00,subway,292,Fulton St (G),Brooklyn,3.0
2023-12-27 10:00:00,subway,54,"Sheepshead Bay (B,Q)",Brooklyn,60.0
2023-12-27 10:00:00,subway,313,"72 St (1,2,3)",Manhattan,98.0
2023-12-27 10:00:00,subway,103,"Bowery (J,Z)",Manhattan,2.0
2023-12-27 10:00:00,subway,41,"7 Av (B,Q)",Brooklyn,6.0
2023-12-27 10:00:00,subway,41,"7 Av (B,Q)",Brooklyn,36.0
2023-12-27 10:00:00,subway,409,Spring St (6),Manhattan,83.0
2023-12-27 10:00:00,subway,407,Astor Pl (6),Manhattan,20.0
2023-12-27 10:00:00,subway,399,68 St-Hunter College (6),Manhattan,15.0
2023-12-27 10:00:00,subway,399,68 St-Hunter College (6),Manhattan,7.0
2023-12-27 10:00:00,subway,397,"86 St (4,5,6)",Manhattan,70.0
2023-12-27 10:00:00,subway,384,Burnside Av (4),Bronx,16.0
2023-12-27 10:00:00,subway,383,183 St (4),Bronx,7.0
2023-12-27 10:00:00,subway,377,3 Av-138 St (6),Bronx,24.0
2023-12-27 10:00:00,subway,373,E 149 St (6),Bronx,9.0
2023-12-27 10:00:00,subway,372,Longwood Av (6),Bronx,4.0
2023-12-27 10:00:00,subway,371,Hunts Point Av (6),Bronx,12.0
2023-12-27 10:00:00,subway,370,Whitlock Av (6),Bronx,2.0
2023-12-27 10:00:00,subway,368,Morrison Av-Soundview (6),Bronx,8.0
2023-12-27 10:00:00,subway,366,Parkchester (6),Bronx,36.0
2023-12-27 10:00:00,subway,361,Buhre Av (6),Bronx,1.0
2023-12-27 10:00:00,subway,354,"Sterling St (2,5)",Brooklyn,88.0
2023-12-27 10:00:00,subway,349,Junius St (3),Brooklyn,8.0
2023-12-27 10:00:00,subway,348,Rockaway Av (3),Brooklyn,25.0
2023-12-27 10:00:00,subway,341,"Eastern Pkwy-Brooklyn Museum (2,3)",Brooklyn,17.0
2023-12-27 10:00:00,subway,337,"Nevins St (2,3,4,5)",Brooklyn,48.0
2023-12-27 10:00:00,subway,327,"Chambers St (1,2,3)",Manhattan,12.0
2023-12-27 10:00:00,subway,414,"Bowling Green (4,5)",Manhattan,123.0
2023-12-27 10:00:00,subway,416,Wakefield-241 St (2),Bronx,9.0
2023-12-27 10:00:00,subway,418,"233 St (2,5)",Bronx,6.0
2023-12-27 10:00:00,subway,422,"Burke Av (2,5)",Bronx,7.0
2023-12-27 10:00:00,subway,49,Avenue J (Q),Brooklyn,1.0
2023-12-27 10:00:00,subway,49,Avenue J (Q),Brooklyn,17.0
2023-12-27 10:00:00,subway,48,Avenue H (Q),Brooklyn,9.0
2023-12-27 10:00:00,subway,451,Junction Blvd (7),Queens,8.0
2023-12-27 10:00:00,subway,476,86 St (Q),Manhattan,361.0
2023-12-27 10:00:00,subway,464,Vernon Blvd-Jackson Av (7),Queens,50.0
2023-12-27 10:00:00,subway,464,Vernon Blvd-Jackson Av (7),Queens,10.0
2023-12-27 10:00:00,subway,461,"Queensboro Plaza (7,N,W)",Queens,152.0
2023-12-27 10:00:00,subway,46,Cortelyou Rd (Q),Brooklyn,8.0
2023-12-27 10:00:00,subway,459,40 St-Lowery St (7),Queens,153.0
2023-12-27 10:00:00,subway,451,Junction Blvd (7),Queens,80.0
2023-12-27 10:00:00,subway,326,Franklin St (1),Manhattan,2.0
2023-12-27 10:00:00,subway,451,Junction Blvd (7),Queens,243.0
2023-12-27 10:00:00,subway,447,Flushing-Main St (7),Queens,110.0
2023-12-27 10:00:00,subway,442,Eastchester-Dyre Av (5),Bronx,1.0
2023-12-27 10:00:00,subway,442,Eastchester-Dyre Av (5),Bronx,34.0
2023-12-27 10:00:00,subway,442,Eastchester-Dyre Av (5),Bronx,9.0
2023-12-27 10:00:00,subway,442,Eastchester-Dyre Av (5),Bronx,4.0
2023-12-27 10:00:00,subway,442,Eastchester-Dyre Av (5),Bronx,4.0
2023-12-27 10:00:00,subway,44,"Church Av (B,Q)",Brooklyn,41.0
2023-12-27 10:00:00,subway,433,"Jackson Av (2,5)",Bronx,5.0
2023-12-27 10:00:00,subway,426,"E 180 St (2,5)",Bronx,9.0
2023-12-27 10:00:00,subway,424,"Pelham Pkwy (2,5)",Bronx,17.0
2023-12-27 10:00:00,subway,422,"Burke Av (2,5)",Bronx,3.0
2023-12-27 10:00:00,subway,448,Mets-Willets Point (7),Queens,16.0
2023-12-27 10:00:00,subway,324,Houston St (1),Manhattan,17.0
2023-12-27 10:00:00,subway,318,"34 St-Penn Station (1,2,3)",Manhattan,21.0
2023-12-27 10:00:00,subway,625,"Delancey St (F)/Essex St (J,M,Z)",Manhattan,64.0
2023-12-27 10:00:00,subway,203,"Rockaway Park-Beach 116 St (A,S)",Queens,2.0
2023-12-27 10:00:00,subway,20,"City Hall (R,W)",Manhattan,2.0
2023-12-27 10:00:00,subway,2,"Astoria Blvd (N,W)",Queens,38.0
2023-12-27 10:00:00,subway,194,111 St (A),Queens,25.0
2023-12-27 10:00:00,subway,192,Rockaway Blvd (A),Queens,35.0
2023-12-27 10:00:00,subway,183,Rockaway Av (C),Brooklyn,73.0
2023-12-27 10:00:00,subway,182,Ralph Av (C),Brooklyn,14.0
2023-12-27 10:00:00,subway,180,Kingston-Throop Avs (C),Brooklyn,110.0
2023-12-27 10:00:00,subway,176,Lafayette Av (C),Brooklyn,6.0
2023-12-27 10:00:00,subway,17,"Prince St (R,W)",Manhattan,55.0
2023-12-27 10:00:00,subway,168,"Spring St (C,E)",Manhattan,137.0
2023-12-27 10:00:00,subway,207,Beach 36 St (A),Queens,4.0
2023-12-27 10:00:00,subway,16,"8 St-NYU (R,W)",Manhattan,14.0
2023-12-27 10:00:00,subway,150,155 St (C),Manhattan,17.0
2023-12-27 10:00:00,subway,146,181 St (A),Manhattan,148.0
2023-12-27 10:00:00,subway,145,190 St (A),Manhattan,17.0
2023-12-27 10:00:00,subway,14,"23 St (R,W)",Manhattan,17.0
2023-12-27 10:00:00,subway,134,Sutter Av (L),Brooklyn,11.0
2023-12-27 10:00:00,subway,129,Halsey St (L),Queens,10.0
2023-12-27 10:00:00,subway,126,Jefferson St (L),Brooklyn,8.0
2023-12-27 10:00:00,subway,123,Grand St (L),Brooklyn,35.0
2023-12-27 10:00:00,subway,111,Seneca Av (M),Queens,43.0
2023-12-27 10:00:00,subway,110,Forest Av (M),Queens,7.0
2023-12-27 10:00:00,subway,109,Fresh Pond Rd (M),Queens,18.0
2023-12-27 10:00:00,subway,156,"103 St (C,B)",Manhattan,20.0
2023-12-27 10:00:00,subway,101,"Marcy Av (M,J,Z)",Brooklyn,18.0
2023-12-27 10:00:00,subway,209,Far Rockaway-Mott Av (A),Queens,7.0
2023-12-27 10:00:00,subway,211,"Bedford Park Blvd (B,D)",Bronx,14.0
2023-12-27 10:00:00,subway,313,"72 St (1,2,3)",Manhattan,78.0
2023-12-27 10:00:00,subway,307,116 St-Columbia University (1),Manhattan,31.0
2023-12-27 10:00:00,subway,301,181 St (1),Manhattan,9.0
2023-12-27 10:00:00,subway,300,191 St (1),Manhattan,12.0
2023-12-27 10:00:00,subway,297,215 St (1),Manhattan,5.0
2023-12-27 10:00:00,subway,289,Bedford-Nostrand Avs (G),Brooklyn,10.0
2023-12-27 10:00:00,subway,284,Nassau Av (G),Brooklyn,8.0
2023-12-27 10:00:00,subway,270,"46 St (M,R)",Queens,154.0
2023-12-27 10:00:00,subway,259,"Kew Gardens-Union Tpke (E,F)",Queens,60.0
2023-12-27 10:00:00,subway,252,Avenue X (F),Brooklyn,6.0
2023-12-27 10:00:00,subway,252,Avenue X (F),Brooklyn,8.0
2023-12-27 10:00:00,subway,209,Far Rockaway-Mott Av (A),Queens,4.0
2023-12-27 10:00:00,subway,251,Avenue U (F),Brooklyn,5.0
2023-12-27 10:00:00,subway,241,"15 St-Prospect Park (F,G)",Brooklyn,10.0
2023-12-27 10:00:00,subway,241,"15 St-Prospect Park (F,G)",Brooklyn,24.0
2023-12-27 10:00:00,subway,240,"7 Av (F,G)",Brooklyn,229.0
2023-12-27 10:00:00,subway,237,"Carroll St (F,G)",Brooklyn,196.0
2023-12-27 10:00:00,subway,234,East Broadway (F),Manhattan,58.0
2023-12-27 10:00:00,subway,221,21 St-Queensbridge (F),Queens,3.0
2023-12-27 10:00:00,subway,220,"155 St (B,D)",Manhattan,11.0
2023-12-27 10:00:00,subway,22,"Rector St (R,W)",Manhattan,87.0
2023-12-27 10:00:00,subway,216,"174-175 Sts (B,D)",Bronx,24.0
2023-12-27 10:00:00,subway,214,"182-183 Sts (B,D)",Bronx,5.0
2023-12-27 10:00:00,subway,214,"182-183 Sts (B,D)",Bronx,8.0
2023-12-27 10:00:00,subway,245,18 Av (F),Brooklyn,27.0
2023-12-27 10:00:00,subway,630,"Myrtle-Wyckoff Avs (L,M)",Brooklyn,1.0
2023-12-27 10:00:00,subway,131,Bushwick Av-Aberdeen St (L),Brooklyn,3.0
2023-12-27 10:00:00,subway,71,8 Av (N),Brooklyn,74.0
2023-12-27 10:00:00,subway,428,"174 St (2,5)",Bronx,38.0
2023-12-27 10:00:00,subway,416,Wakefield-241 St (2),Bronx,5.0
2023-12-27 10:00:00,subway,409,Spring St (6),Manhattan,10.0
2023-12-27 10:00:00,subway,407,Astor Pl (6),Manhattan,4.0
2023-12-27 10:00:00,subway,403,33 St (6),Manhattan,100.0
2023-12-27 10:00:00,subway,399,68 St-Hunter College (6),Manhattan,169.0
2023-12-27 10:00:00,subway,394,110 St (6),Manhattan,16.0
2023-12-27 10:00:00,subway,394,110 St (6),Manhattan,17.0
2023-12-27 10:00:00,subway,388,167 St (4),Bronx,11.0
2023-12-27 10:00:00,subway,387,170 St (4),Bronx,21.0
2023-12-27 10:00:00,subway,378,Woodlawn (4),Bronx,17.0
2023-12-27 10:00:00,subway,377,3 Av-138 St (6),Bronx,10.0
2023-12-27 10:00:00,subway,373,E 149 St (6),Bronx,12.0
2023-12-27 10:00:00,subway,371,Hunts Point Av (6),Bronx,10.0
2023-12-27 10:00:00,subway,367,St Lawrence Av (6),Bronx,2.0
2023-12-27 10:00:00,subway,362,Middletown Rd (6),Bronx,10.0
2023-12-27 10:00:00,subway,359,"Flatbush Av-Brooklyn College (2,5)",Brooklyn,55.0
2023-12-27 10:00:00,subway,358,"Newkirk Av-Little Haiti (2,5)",Brooklyn,55.0
2023-12-27 10:00:00,subway,355,"Winthrop St (2,5)",Brooklyn,12.0
2023-12-27 10:00:00,subway,336,"Hoyt St (2,3)",Brooklyn,9.0
2023-12-27 10:00:00,subway,329,Rector St (1),Manhattan,3.0
2023-12-27 10:00:00,subway,327,"Chambers St (1,2,3)",Manhattan,1.0
2023-12-27 10:00:00,subway,326,Franklin St (1),Manhattan,4.0
2023-12-27 10:00:00,subway,430,"Simpson St (2,5)",Bronx,22.0
2023-12-27 10:00:00,subway,437,145 St (3),Manhattan,18.0
2023-12-27 10:00:00,subway,439,"125 St (2,3)",Manhattan,41.0
2023-12-27 10:00:00,subway,458,46 St-Bliss St (7),Queens,48.0
2023-12-27 10:00:00,subway,87,"Crescent St (J,Z)",Brooklyn,21.0
2023-12-27 10:00:00,subway,86,Cypress Hills (J),Brooklyn,13.0
2023-12-27 10:00:00,subway,82,"104 St (J,Z)",Queens,1.0
2023-12-27 10:00:00,subway,81,111 St (J),Queens,4.0
2023-12-27 10:00:00,subway,8,"5 Av/59 St (N,R,W)",Manhattan,44.0
2023-12-27 10:00:00,subway,78,Avenue U (N),Brooklyn,11.0
2023-12-27 10:00:00,subway,75,20 Av (N),Brooklyn,11.0
2023-12-27 10:00:00,subway,66,18 Av (D),Brooklyn,16.0
2023-12-27 10:00:00,subway,64,71 St (D),Brooklyn,26.0
2023-12-27 10:00:00,subway,635,"South Ferry (1)/Whitehall St (R,W)",Manhattan,11.0
2023-12-27 10:00:00,subway,625,"Delancey St (F)/Essex St (J,M,Z)",Manhattan,21.0
2023-12-27 10:00:00,subway,324,Houston St (1),Manhattan,28.0
2023-12-27 10:00:00,subway,624,"Chambers St (A,C)/WTC (E)/Park Pl (2,3)/Cortlandt (R,W)",Manhattan,19.0
2023-12-27 10:00:00,subway,620,"Court St (R)/Borough Hall (2,3,4,5)",Brooklyn,132.0
2023-12-27 10:00:00,subway,62,55 St (D),Brooklyn,10.0
2023-12-27 10:00:00,subway,619,"Broadway-Lafayette St (B,D,F,M)/Bleecker St (6)",Manhattan,19.0
2023-12-27 10:00:00,subway,612,"Lexington Av-53 St (E,M)/51 St (6)",Manhattan,249.0
2023-12-27 10:00:00,subway,606,"Court Sq (E,G,M,7)",Queens,8.0
2023-12-27 10:00:00,subway,604,"161 St-Yankee Stadium (B,D,4)",Bronx,144.0
2023-12-27 10:00:00,subway,59,9 Av (D),Brooklyn,5.0
2023-12-27 10:00:00,subway,58,"Coney Island-Stillwell Av (D,F,N,Q)",Brooklyn,43.0
2023-12-27 10:00:00,subway,50,Avenue M (Q),Brooklyn,25.0
2023-12-27 10:00:00,subway,471,34 St-Hudson Yards (7),Manhattan,13.0
2023-12-27 10:00:00,subway,461,"Queensboro Plaza (7,N,W)",Queens,16.0
2023-12-27 10:00:00,subway,621,"Broadway Junction (A,C,J,L,Z)",Brooklyn,22.0
2023-12-27 10:00:00,subway,314,66 St-Lincoln Center (1),Manhattan,8.0
2023-12-27 10:00:00,subway,310,"96 St (1,2,3)",Manhattan,107.0
2023-12-27 10:00:00,subway,309,103 St (1),Manhattan,37.0
2023-12-27 10:00:00,subway,191,88 St (A),Queens,8.0
2023-12-27 10:00:00,subway,190,80 St (A),Queens,17.0
2023-12-27 10:00:00,subway,186,Van Siclen Av (C),Brooklyn,3.0
2023-12-27 10:00:00,subway,185,Liberty Av (C),Brooklyn,11.0
2023-12-27 10:00:00,subway,183,Rockaway Av (C),Brooklyn,10.0
2023-12-27 10:00:00,subway,181,"Utica Av (A,C)",Brooklyn,16.0
2023-12-27 10:00:00,subway,175,"Hoyt-Schermerhorn Sts (A,C,G)",Brooklyn,9.0
2023-12-27 10:00:00,subway,173,"High St (A,C)",Brooklyn,71.0
2023-12-27 10:00:00,subway,167,"W 4 St-Wash Sq (A,C,E,B,D,F,M)",Manhattan,6.0
2023-12-27 10:00:00,subway,165,"23 St (C,E)",Manhattan,251.0
2023-12-27 10:00:00,subway,164,"34 St-Penn Station (A,C,E)",Manhattan,95.0
2023-12-27 10:00:00,subway,195,Ozone Park-Lefferts Blvd (A),Queens,13.0
2023-12-27 10:00:00,subway,164,"34 St-Penn Station (A,C,E)",Manhattan,81.0
2023-12-27 10:00:00,subway,159,"81 St-Museum of Natural History (C,B)",Manhattan,2.0
2023-12-27 10:00:00,subway,153,"125 St (A,C,B,D)",Manhattan,27.0
2023-12-27 10:00:00,subway,146,181 St (A),Manhattan,36.0
2023-12-27 10:00:00,subway,14,"23 St (R,W)",Manhattan,176.0
2023-12-27 10:00:00,subway,134,Sutter Av (L),Brooklyn,4.0
2023-12-27 10:00:00,subway,131,Bushwick Av-Aberdeen St (L),Brooklyn,10.0
2023-12-27 10:00:00,subway,129,Halsey St (L),Queens,27.0
2023-12-27 10:00:00,subway,125,Morgan Av (L),Brooklyn,130.0
2023-12-27 10:00:00,subway,125,Morgan Av (L),Brooklyn,12.0
2023-12-27 10:00:00,subway,122,Graham Av (L),Brooklyn,31.0
2023-12-27 10:00:00,subway,10,"49 St (N,R,W)",Manhattan,2.0
2023-12-27 10:00:00,subway,162,"50 St (C,E)",Manhattan,6.0
2023-12-27 10:00:00,subway,91,Alabama Av (J),Brooklyn,8.0
2023-12-27 10:00:00,subway,204,Beach 67 St (A),Queens,2.0
2023-12-27 10:00:00,subway,208,Beach 25 St (A),Queens,17.0
2023-12-27 10:00:00,subway,305,137 St-City College (1),Manhattan,1.0
2023-12-27 10:00:00,subway,304,145 St (1),Manhattan,32.0
2023-12-27 10:00:00,subway,299,Dyckman St (1),Manhattan,11.0
2023-12-27 10:00:00,subway,296,Marble Hill-225 St (1),Manhattan,5.0
2023-12-27 10:00:00,subway,292,Fulton St (G),Brooklyn,13.0
2023-12-27 10:00:00,subway,284,Nassau Av (G),Brooklyn,25.0
2023-12-27 10:00:00,subway,284,Nassau Av (G),Brooklyn,29.0
2023-12-27 10:00:00,subway,279,"Sutphin Blvd-Archer Av-JFK Airport (E,J,Z)",Queens,48.0
2023-12-27 10:00:00,subway,271,"Steinway St (M,R)",Queens,40.0
2023-12-27 10:00:00,subway,270,"46 St (M,R)",Queens,28.0
2023-12-27 10:00:00,subway,270,"46 St (M,R)",Queens,14.0
2023-12-27 10:00:00,subway,208,Beach 25 St (A),Queens,5.0
2023-12-27 10:00:00,subway,270,"46 St (M,R)",Queens,13.0
2023-12-27 10:00:00,subway,248,Avenue N (F),Brooklyn,16.0
2023-12-27 10:00:00,subway,243,"Church Av (F,G)",Brooklyn,56.0
2023-12-27 10:00:00,subway,242,"Fort Hamilton Pkwy (F,G)",Brooklyn,111.0
2023-12-27 10:00:00,subway,240,"7 Av (F,G)",Brooklyn,12.0
2023-12-27 10:00:00,subway,238,"Smith-9 Sts (F,G)",Brooklyn,2.0
2023-12-27 10:00:00,subway,234,East Broadway (F),Manhattan,103.0
2023-12-27 10:00:00,subway,223,"Lexington Av/63 St (F,Q)",Manhattan,1.0
2023-12-27 10:00:00,subway,220,"155 St (B,D)",Manhattan,9.0
2023-12-27 10:00:00,subway,215,"Tremont Av (B,D)",Bronx,50.0
2023-12-27 10:00:00,subway,215,"Tremont Av (B,D)",Bronx,12.0
2023-12-27 10:00:00,subway,209,Far Rockaway-Mott Av (A),Queens,19.0
2023-12-27 10:00:00,subway,252,Avenue X (F),Brooklyn,3.0
2023-12-27 10:00:00,subway,93,"Chauncey St (J,Z)",Brooklyn,13.0
2023-12-27 10:00:00,subway,94,Halsey St (J),Brooklyn,2.0
2023-12-27 10:00:00,subway,97,"Myrtle Av (M,J,Z)",Brooklyn,40.0
2023-12-27 10:00:00,subway,194,111 St (A),Queens,3.0
2023-12-27 10:00:00,subway,192,Rockaway Blvd (A),Queens,13.0
2023-12-27 10:00:00,subway,151,"145 St (A,C,B,D)",Manhattan,2.0
2023-12-27 10:00:00,subway,143,Inwood-207 St (A),Manhattan,1.0
2023-12-27 10:00:00,subway,141,Park Pl (S),Brooklyn,39.0
2023-12-27 10:00:00,subway,125,Morgan Av (L),Brooklyn,1.0
2023-12-27 10:00:00,subway,124,Montrose Av (L),Brooklyn,2.0
2023-12-27 10:00:00,subway,113,Knickerbocker Av (M),Brooklyn,20.0
2023-12-27 10:00:00,subway,1,"Astoria-Ditmars Blvd (N,W)",Queens,22.0
2023-12-27 10:00:00,subway,17,"Prince St (R,W)",Manhattan,26.0
2023-12-27 10:00:00,subway,165,"23 St (C,E)",Manhattan,9.0
2023-12-27 10:00:00,subway,155,"Cathedral Pkwy (110 St) (C,B)",Manhattan,1.0
2023-12-27 10:00:00,subway,153,"125 St (A,C,B,D)",Manhattan,46.0
2023-12-27 10:00:00,subway,151,"145 St (A,C,B,D)",Manhattan,17.0
2023-12-27 10:00:00,subway,141,Park Pl (S),Brooklyn,1.0
2023-12-27 10:00:00,subway,134,Sutter Av (L),Brooklyn,2.0
2023-12-27 10:00:00,subway,51,"Kings Hwy (B,Q)",Brooklyn,30.0
2023-12-27 10:00:00,subway,69,25 Av (D),Brooklyn,31.0
2023-12-27 10:00:00,subway,120,Bedford Av (L),Brooklyn,495.0
2023-12-27 10:00:00,subway,113,Knickerbocker Av (M),Brooklyn,5.0
2023-12-27 10:00:00,subway,101,"Marcy Av (M,J,Z)",Brooklyn,3.0
2023-12-27 10:00:00,subway,222,Roosevelt Island (F),Manhattan,33.0
2023-12-27 10:00:00,subway,225,"47-50 Sts-Rockefeller Ctr (B,D,F,M)",Manhattan,27.0
2023-12-27 10:00:00,subway,228,"23 St (F,M)",Manhattan,19.0
2023-12-27 10:00:00,subway,237,"Carroll St (F,G)",Brooklyn,16.0
2023-12-27 10:00:00,subway,76,Bay Pkwy (N),Brooklyn,8.0
2023-12-27 10:00:00,subway,81,111 St (J),Queens,12.0
2023-12-27 10:00:00,subway,86,Cypress Hills (J),Brooklyn,5.0
2023-12-27 10:00:00,subway,91,Alabama Av (J),Brooklyn,9.0
2023-12-27 10:00:00,subway,94,Halsey St (J),Brooklyn,14.0
2023-12-27 10:00:00,subway,98,"Flushing Av (M,J)",Brooklyn,17.0
2023-12-27 10:00:00,subway,65,79 St (D),Brooklyn,34.0
2023-12-27 10:00:00,subway,622,"Brooklyn Bridge-City Hall (4,5,6)/Chambers St (J,Z)",Manhattan,34.0
2023-12-27 10:00:00,subway,615,New Utrecht Av (N)/62 St (D),Brooklyn,19.0
2023-12-27 10:00:00,subway,53,Neck Rd (Q),Brooklyn,14.0
2023-12-27 10:00:00,subway,100,"Hewes St (M,J)",Brooklyn,40.0
2023-12-27 10:00:00,subway,46,Cortelyou Rd (Q),Brooklyn,23.0
2023-12-27 10:00:00,subway,433,"Jackson Av (2,5)",Bronx,2.0
2023-12-27 10:00:00,subway,308,Cathedral Pkwy (110 St) (1),Manhattan,63.0
2023-12-27 10:00:00,subway,305,137 St-City College (1),Manhattan,13.0
2023-12-27 10:00:00,subway,299,Dyckman St (1),Manhattan,54.0
2023-12-27 10:00:00,subway,289,Bedford-Nostrand Avs (G),Brooklyn,7.0
2023-12-27 10:00:00,subway,268,"65 St (M,R)",Queens,71.0
2023-12-27 10:00:00,subway,251,Avenue U (F),Brooklyn,6.0
2023-12-27 10:00:00,subway,248,Avenue N (F),Brooklyn,8.0
2023-12-27 10:00:00,subway,244,Ditmas Av (F),Brooklyn,14.0
2023-12-27 10:00:00,subway,242,"Fort Hamilton Pkwy (F,G)",Brooklyn,19.0
2023-12-27 10:00:00,subway,457,52 St (7),Queens,32.0
2023-12-27 10:00:00,subway,10,"49 St (N,R,W)",Manhattan,1.0
2023-12-27 10:00:00,subway,123,Grand St (L),Brooklyn,76.0
2023-12-27 10:00:00,subway,98,"Flushing Av (M,J)",Brooklyn,14.0
2023-12-27 10:00:00,subway,99,"Lorimer St (M,J)",Brooklyn,5.0
2023-12-27 10:00:00,tram,TRAM1,RI Tramway (Manhattan),Manhattan,3.0
2023-12-27 10:00:00,subway,54,"Sheepshead Bay (B,Q)",Brooklyn,13.0
2023-12-27 11:00:00,subway,616,"74-Broadway (7)/Jackson Hts-Roosevelt Av (E,F,M,R)",Queens,5.0
2023-12-27 11:00:00,subway,37,77 St (R),Brooklyn,14.0
2023-12-27 11:00:00,subway,367,St Lawrence Av (6),Bronx,8.0
2023-12-27 11:00:00,subway,367,St Lawrence Av (6),Bronx,15.0
2023-12-27 11:00:00,subway,361,Buhre Av (6),Bronx,5.0
2023-12-27 11:00:00,subway,360,Pelham Bay Park (6),Bronx,11.0
2023-12-27 11:00:00,subway,36,Bay Ridge Av (R),Brooklyn,21.0
2023-12-27 11:00:00,subway,359,"Flatbush Av-Brooklyn College (2,5)",Brooklyn,1.0
2023-12-27 11:00:00,subway,359,"Flatbush Av-Brooklyn College (2,5)",Brooklyn,25.0
2023-12-27 11:00:00,subway,628,"Fulton St (A,C,J,Z,2,3,4,5)",Manhattan,353.0
2023-12-27 11:00:00,subway,629,Lorimer St (L)/Metropolitan Av (G),Brooklyn,21.0
2023-12-27 11:00:00,subway,635,"South Ferry (1)/Whitehall St (R,W)",Manhattan,43.0
2023-12-27 11:00:00,subway,374,E 143 St-St Mary's St (6),Bronx,7.0
2023-12-27 11:00:00,subway,636,"Jay St-MetroTech (A,C,F,R)",Brooklyn,47.0
2023-12-27 11:00:00,subway,75,20 Av (N),Brooklyn,14.0
2023-12-27 11:00:00,subway,76,Bay Pkwy (N),Brooklyn,19.0
2023-12-27 11:00:00,subway,77,Kings Hwy (N),Brooklyn,29.0
2023-12-27 11:00:00,subway,80,"121 St (J,Z)",Queens,14.0
2023-12-27 11:00:00,subway,89,Cleveland St (J),Brooklyn,1.0
2023-12-27 11:00:00,subway,358,"Newkirk Av-Little Haiti (2,5)",Brooklyn,37.0
2023-12-27 11:00:00,subway,358,"Newkirk Av-Little Haiti (2,5)",Brooklyn,47.0
2023-12-27 11:00:00,subway,351,Van Siclen Av (3),Brooklyn,12.0
2023-12-27 11:00:00,subway,351,Van Siclen Av (3),Brooklyn,6.0
2023-12-27 11:00:00,subway,347,Saratoga Av (3),Brooklyn,13.0
2023-12-27 11:00:00,subway,628,"Fulton St (A,C,J,Z,2,3,4,5)",Manhattan,75.0
2023-12-27 11:00:00,subway,69,25 Av (D),Brooklyn,17.0
2023-12-27 11:00:00,subway,375,Cypress Av (6),Bronx,7.0
2023-12-27 11:00:00,subway,376,Brook Av (6),Bronx,15.0
2023-12-27 11:00:00,subway,396,96 St (6),Manhattan,41.0
2023-12-27 11:00:00,subway,616,"74-Broadway (7)/Jackson Hts-Roosevelt Av (E,F,M,R)",Queens,348.0
2023-12-27 11:00:00,subway,604,"161 St-Yankee Stadium (B,D,4)",Bronx,39.0
2023-12-27 11:00:00,subway,603,"149 St-Grand Concourse (2,4,5)",Bronx,12.0
2023-12-27 11:00:00,subway,603,"149 St-Grand Concourse (2,4,5)",Bronx,46.0
2023-12-27 11:00:00,subway,56,Ocean Pkwy (Q),Brooklyn,9.0
2023-12-27 11:00:00,subway,54,"Sheepshead Bay (B,Q)",Brooklyn,50.0
2023-12-27 11:00:00,subway,50,Avenue M (Q),Brooklyn,7.0
2023-12-27 11:00:00,subway,49,Avenue J (Q),Brooklyn,4.0
2023-12-27 11:00:00,subway,48,Avenue H (Q),Brooklyn,3.0
2023-12-27 11:00:00,subway,475,96 St (Q),Manhattan,5.0
2023-12-27 11:00:00,subway,47,"Newkirk Plaza (B,Q)",Brooklyn,55.0
2023-12-27 11:00:00,subway,456,61 St-Woodside (7),Queens,28.0
2023-12-27 11:00:00,subway,444,Gun Hill Rd (5),Bronx,7.0
2023-12-27 11:00:00,subway,443,Baychester Av (5),Bronx,2.0
2023-12-27 11:00:00,subway,441,"Central Park North (110 St) (2,3)",Manhattan,13.0
2023-12-27 11:00:00,subway,44,"Church Av (B,Q)",Brooklyn,23.0
2023-12-27 11:00:00,subway,431,"Intervale Av (2,5)",Bronx,4.0
2023-12-27 11:00:00,subway,430,"Simpson St (2,5)",Bronx,6.0
2023-12-27 11:00:00,subway,423,"Allerton Av (2,5)",Bronx,6.0
2023-12-27 11:00:00,subway,421,"Gun Hill Rd (2,5)",Bronx,10.0
2023-12-27 11:00:00,subway,417,"Nereid Av (2,5)",Bronx,11.0
2023-12-27 11:00:00,subway,413,"Wall St (4,5)",Manhattan,6.0
2023-12-27 11:00:00,subway,41,"7 Av (B,Q)",Brooklyn,5.0
2023-12-27 11:00:00,subway,404,28 St (6),Manhattan,96.0
2023-12-27 11:00:00,subway,622,"Brooklyn Bridge-City Hall (4,5,6)/Chambers St (J,Z)",Manhattan,3.0
2023-12-27 11:00:00,subway,620,"Court St (R)/Borough Hall (2,3,4,5)",Brooklyn,22.0
2023-12-27 11:00:00,subway,397,"86 St (4,5,6)",Manhattan,53.0
2023-12-27 11:00:00,subway,127,DeKalb Av (L),Brooklyn,8.0
2023-12-27 11:00:00,subway,97,"Myrtle Av (M,J,Z)",Brooklyn,29.0
2023-12-27 11:00:00,subway,45,Beverley Rd (Q),Brooklyn,4.0
2023-12-27 11:00:00,subway,450,103 St-Corona Plaza (7),Queens,133.0
2023-12-27 11:00:00,subway,458,46 St-Bliss St (7),Queens,49.0
2023-12-27 11:00:00,subway,463,Hunters Point Av (7),Queens,3.0
2023-12-27 11:00:00,subway,475,96 St (Q),Manhattan,25.0
2023-12-27 11:00:00,subway,340,"Grand Army Plaza (2,3)",Brooklyn,3.0
2023-12-27 11:00:00,subway,48,Avenue H (Q),Brooklyn,2.0
2023-12-27 11:00:00,subway,447,Flushing-Main St (7),Queens,65.0
2023-12-27 11:00:00,subway,59,9 Av (D),Brooklyn,9.0
2023-12-27 11:00:00,subway,603,"149 St-Grand Concourse (2,4,5)",Bronx,10.0
2023-12-27 11:00:00,subway,603,"149 St-Grand Concourse (2,4,5)",Bronx,19.0
2023-12-27 11:00:00,subway,611,"Times Sq-42 St (N,Q,R,W,S,1,2,3,7)/42 St (A,C,E)",Manhattan,150.0
2023-12-27 11:00:00,subway,613,"Lexington Av (N,R,W)/59 St (4,5,6)",Manhattan,57.0
2023-12-27 11:00:00,subway,614,"59 St-Columbus Circle (A,B,C,D,1)",Manhattan,33.0
2023-12-27 11:00:00,subway,620,"Court St (R)/Borough Hall (2,3,4,5)",Brooklyn,50.0
2023-12-27 11:00:00,subway,636,"Jay St-MetroTech (A,C,F,R)",Brooklyn,5.0
2023-12-27 11:00:00,subway,601,"14 St (F,M,1,2,3)/6 Av (L)",Manhattan,115.0
2023-12-27 11:00:00,subway,67,20 Av (D),Brooklyn,63.0
2023-12-27 11:00:00,subway,440,"116 St (2,3)",Manhattan,2.0
2023-12-27 11:00:00,subway,43,Parkside Av (Q),Brooklyn,102.0
2023-12-27 11:00:00,subway,352,New Lots Av (3),Brooklyn,12.0
2023-12-27 11:00:00,subway,36,Bay Ridge Av (R),Brooklyn,2.0
2023-12-27 11:00:00,subway,365,Castle Hill Av (6),Bronx,10.0
2023-12-27 11:00:00,subway,374,E 143 St-St Mary's St (6),Bronx,2.0
2023-12-27 11:00:00,subway,375,Cypress Av (6),Bronx,27.0
2023-12-27 11:00:00,subway,376,Brook Av (6),Bronx,12.0
2023-12-27 11:00:00,subway,379,Mosholu Pkwy (4),Bronx,12.0
2023-12-27 11:00:00,subway,431,"Intervale Av (2,5)",Bronx,2.0
2023-12-27 11:00:00,subway,385,176 St (4),Bronx,39.0
2023-12-27 11:00:00,subway,387,170 St (4),Bronx,5.0
2023-12-27 11:00:00,subway,388,167 St (4),Bronx,39.0
2023-12-27 11:00:00,subway,39,Bay Ridge-95 St (R),Brooklyn,7.0
2023-12-27 11:00:00,subway,397,"86 St (4,5,6)",Manhattan,112.0
2023-12-27 11:00:00,subway,420,"219 St (2,5)",Bronx,18.0
2023-12-27 11:00:00,subway,424,"Pelham Pkwy (2,5)",Bronx,76.0
2023-12-27 11:00:00,subway,428,"174 St (2,5)",Bronx,18.0
2023-12-27 11:00:00,subway,387,170 St (4),Bronx,7.0
2023-12-27 11:00:00,subway,75,20 Av (N),Brooklyn,15.0
2023-12-27 11:00:00,subway,76,Bay Pkwy (N),Brooklyn,75.0
2023-12-27 11:00:00,subway,83,"Woodhaven Blvd (J,Z)",Queens,3.0
2023-12-27 11:00:00,subway,356,"Church Av (2,5)",Brooklyn,12.0
2023-12-27 11:00:00,subway,365,Castle Hill Av (6),Bronx,6.0
2023-12-27 11:00:00,subway,370,Whitlock Av (6),Bronx,3.0
2023-12-27 11:00:00,subway,379,Mosholu Pkwy (4),Bronx,12.0
2023-12-27 11:00:00,subway,391,"138 St-Grand Concourse (4,5)",Bronx,5.0
2023-12-27 11:00:00,subway,42,"Prospect Park (B,Q,S)",Brooklyn,15.0
2023-12-27 11:00:00,subway,448,Mets-Willets Point (7),Queens,1.0
2023-12-27 11:00:00,subway,344,Kingston Av (3),Brooklyn,9.0
2023-12-27 11:00:00,subway,453,82 St-Jackson Hts (7),Queens,9.0
2023-12-27 11:00:00,subway,476,86 St (Q),Manhattan,29.0
2023-12-27 11:00:00,subway,59,9 Av (D),Brooklyn,29.0
2023-12-27 11:00:00,subway,61,50 St (D),Brooklyn,3.0
2023-12-27 11:00:00,subway,629,Lorimer St (L)/Metropolitan Av (G),Brooklyn,38.0
2023-12-27 11:00:00,subway,630,"Myrtle-Wyckoff Avs (L,M)",Brooklyn,44.0
2023-12-27 11:00:00,tram,TRAM1,RI Tramway (Manhattan),Manhattan,46.0
2023-12-27 11:00:00,subway,234,East Broadway (F),Manhattan,36.0
2023-12-27 11:00:00,subway,475,96 St (Q),Manhattan,83.0
2023-12-27 11:00:00,subway,305,137 St-City College (1),Manhattan,10.0
2023-12-27 11:00:00,subway,295,231 St (1),Bronx,11.0
2023-12-27 11:00:00,subway,261,"Forest Hills-71 Av (E,F,M,R)",Queens,5.0
2023-12-27 11:00:00,subway,84,85 St-Forest Pkwy (J),Queens,1.0
2023-12-27 11:00:00,subway,89,Cleveland St (J),Brooklyn,4.0
2023-12-27 11:00:00,subway,93,"Chauncey St (J,Z)",Brooklyn,9.0
2023-12-27 11:00:00,subway,95,"Gates Av (J,Z)",Brooklyn,4.0
2023-12-27 11:00:00,subway,96,Kosciuszko St (J),Brooklyn,6.0
2023-12-27 11:00:00,subway,96,Kosciuszko St (J),Brooklyn,9.0
2023-12-27 11:00:00,subway,101,"Marcy Av (M,J,Z)",Brooklyn,9.0
2023-12-27 11:00:00,subway,109,Fresh Pond Rd (M),Queens,7.0
2023-12-27 11:00:00,subway,111,Seneca Av (M),Queens,6.0
2023-12-27 11:00:00,subway,346,Sutter Av-Rutland Rd (3),Brooklyn,6.0
2023-12-27 11:00:00,subway,13,"28 St (R,W)",Manhattan,7.0
2023-12-27 11:00:00,subway,149,163 St-Amsterdam Av (C),Manhattan,10.0
2023-12-27 11:00:00,subway,217,"170 St (B,D)",Bronx,14.0
2023-12-27 11:00:00,subway,228,"23 St (F,M)",Manhattan,27.0
2023-12-27 11:00:00,subway,234,East Broadway (F),Manhattan,1.0
2023-12-27 11:00:00,subway,241,"15 St-Prospect Park (F,G)",Brooklyn,20.0
2023-12-27 11:00:00,subway,248,Avenue N (F),Brooklyn,5.0
2023-12-27 11:00:00,subway,90,"Van Siclen Av (J,Z)",Brooklyn,5.0
2023-12-27 11:00:00,subway,327,"Chambers St (1,2,3)",Manhattan,10.0
2023-12-27 11:00:00,subway,35,"59 St (N,R)",Brooklyn,31.0
2023-12-27 11:00:00,subway,316,50 St (1),Manhattan,7.0
2023-12-27 11:00:00,subway,437,145 St (3),Manhattan,3.0
2023-12-27 11:00:00,subway,433,"Jackson Av (2,5)",Bronx,3.0
2023-12-27 11:00:00,subway,432,"Prospect Av (2,5)",Bronx,4.0
2023-12-27 11:00:00,subway,429,"Freeman St (2,5)",Bronx,4.0
2023-12-27 11:00:00,subway,426,"E 180 St (2,5)",Bronx,19.0
2023-12-27 11:00:00,subway,424,"Pelham Pkwy (2,5)",Bronx,17.0
2023-12-27 11:00:00,subway,419,"225 St (2,5)",Bronx,2.0
2023-12-27 11:00:00,subway,414,"Bowling Green (4,5)",Manhattan,22.0
2023-12-27 11:00:00,subway,414,"Bowling Green (4,5)",Manhattan,7.0
2023-12-27 11:00:00,subway,395,103 St (6),Manhattan,107.0
2023-12-27 11:00:00,subway,382,Fordham Rd (4),Bronx,1.0
2023-12-27 11:00:00,subway,367,St Lawrence Av (6),Bronx,1.0
2023-12-27 11:00:00,subway,366,Parkchester (6),Bronx,2.0
2023-12-27 11:00:00,subway,366,Parkchester (6),Bronx,85.0
2023-12-27 11:00:00,subway,364,Zerega Av (6),Bronx,21.0
2023-12-27 11:00:00,subway,362,Middletown Rd (6),Bronx,6.0
2023-12-27 11:00:00,subway,357,"Beverly Rd (2,5)",Brooklyn,8.0
2023-12-27 11:00:00,subway,356,"Church Av (2,5)",Brooklyn,27.0
2023-12-27 11:00:00,subway,354,"Sterling St (2,5)",Brooklyn,10.0
2023-12-27 11:00:00,subway,354,"Sterling St (2,5)",Brooklyn,9.0
2023-12-27 11:00:00,subway,349,Junius St (3),Brooklyn,5.0
2023-12-27 11:00:00,subway,44,"Church Av (B,Q)",Brooklyn,16.0
2023-12-27 11:00:00,subway,440,"116 St (2,3)",Manhattan,111.0
2023-12-27 11:00:00,subway,99,"Lorimer St (M,J)",Brooklyn,3.0
2023-12-27 11:00:00,subway,94,Halsey St (J),Brooklyn,6.0
2023-12-27 11:00:00,subway,444,Gun Hill Rd (5),Bronx,9.0
2023-12-27 11:00:00,subway,448,Mets-Willets Point (7),Queens,38.0
2023-12-27 11:00:00,subway,449,111 St (7),Queens,3.0
2023-12-27 11:00:00,subway,464,Vernon Blvd-Jackson Av (7),Queens,23.0
2023-12-27 11:00:00,subway,54,"Sheepshead Bay (B,Q)",Brooklyn,15.0
2023-12-27 11:00:00,subway,59,9 Av (D),Brooklyn,12.0
2023-12-27 11:00:00,subway,602,"14 St-Union Sq (L,N,Q,R,W,4,5,6)",Manhattan,140.0
2023-12-27 11:00:00,subway,606,"Court Sq (E,G,M,7)",Queens,59.0
2023-12-27 11:00:00,subway,617,"Atlantic Av-Barclays Ctr (B,D,N,Q,R,2,3,4,5)",Brooklyn,182.0
2023-12-27 11:00:00,subway,617,"Atlantic Av-Barclays Ctr (B,D,N,Q,R,2,3,4,5)",Brooklyn,80.0
2023-12-27 11:00:00,subway,348,Rockaway Av (3),Brooklyn,9.0
2023-12-27 11:00:00,subway,623,"Canal St (J,N,Q,R,W,Z,6)",Manhattan,39.0
2023-12-27 11:00:00,subway,624,"Chambers St (A,C)/WTC (E)/Park Pl (2,3)/Cortlandt (R,W)",Manhattan,294.0
2023-12-27 11:00:00,subway,625,"Delancey St (F)/Essex St (J,M,Z)",Manhattan,93.0
2023-12-27 11:00:00,subway,68,Bay Pkwy (D),Brooklyn,14.0
2023-12-27 11:00:00,subway,72,Fort Hamilton Pkwy (N),Brooklyn,43.0
2023-12-27 11:00:00,subway,8,"5 Av/59 St (N,R,W)",Manhattan,2.0
2023-12-27 11:00:00,subway,80,"121 St (J,Z)",Queens,3.0
2023-12-27 11:00:00,subway,87,"Crescent St (J,Z)",Brooklyn,15.0
2023-12-27 11:00:00,subway,91,Alabama Av (J),Brooklyn,2.0
2023-12-27 11:00:00,subway,93,"Chauncey St (J,Z)",Brooklyn,5.0
2023-12-27 11:00:00,subway,94,Halsey St (J),Brooklyn,4.0
2023-12-27 11:00:00,subway,624,"Chambers St (A,C)/WTC (E)/Park Pl (2,3)/Cortlandt (R,W)",Manhattan,10.0
2023-12-27 11:00:00,subway,347,Saratoga Av (3),Brooklyn,13.0
2023-12-27 11:00:00,subway,324,Houston St (1),Manhattan,3.0
2023-12-27 11:00:00,subway,32,"36 St (D,N,R)",Brooklyn,21.0
2023-12-27 11:00:00,subway,193,104 St (A),Queens,1.0
2023-12-27 11:00:00,subway,198,Howard Beach-JFK Airport (A),Queens,3.0
2023-12-27 11:00:00,subway,198,Howard Beach-JFK Airport (A),Queens,9.0
2023-12-27 11:00:00,subway,2,"Astoria Blvd (N,W)",Queens,41.0
2023-12-27 11:00:00,subway,204,Beach 67 St (A),Queens,1.0
2023-12-27 11:00:00,subway,214,"182-183 Sts (B,D)",Bronx,6.0
2023-12-27 11:00:00,subway,264,"Woodhaven Blvd (M,R)",Queens,70.0
2023-12-27 11:00:00,subway,260,"75 Av (E,F)",Queens,13.0
2023-12-27 11:00:00,subway,253,Neptune Av (F),Brooklyn,2.0
2023-12-27 11:00:00,subway,249,Avenue P (F),Brooklyn,7.0
2023-12-27 11:00:00,subway,189,Grant Av (A),Brooklyn,14.0
2023-12-27 11:00:00,subway,246,Avenue I (F),Brooklyn,5.0
2023-12-27 11:00:00,subway,245,18 Av (F),Brooklyn,10.0
2023-12-27 11:00:00,subway,235,York St (F),Brooklyn,11.0
2023-12-27 11:00:00,subway,235,York St (F),Brooklyn,10.0
2023-12-27 11:00:00,subway,225,"47-50 Sts-Rockefeller Ctr (B,D,F,M)",Manhattan,235.0
2023-12-27 11:00:00,subway,224,57 St (F),Manhattan,8.0
2023-12-27 11:00:00,subway,223,"Lexington Av/63 St (F,Q)",Manhattan,20.0
2023-12-27 11:00:00,subway,223,"Lexington Av/63 St (F,Q)",Manhattan,22.0
2023-12-27 11:00:00,subway,216,"174-175 Sts (B,D)",Bronx,10.0
2023-12-27 11:00:00,subway,215,"Tremont Av (B,D)",Bronx,13.0
2023-12-27 11:00:00,subway,318,"34 St-Penn Station (1,2,3)",Manhattan,70.0
2023-12-27 11:00:00,subway,246,Avenue I (F),Brooklyn,2.0
2023-12-27 11:00:00,subway,33,45 St (R),Brooklyn,7.0
2023-12-27 11:00:00,subway,181,"Utica Av (A,C)",Brooklyn,18.0
2023-12-27 11:00:00,subway,151,"145 St (A,C,B,D)",Manhattan,1.0
2023-12-27 11:00:00,subway,316,50 St (1),Manhattan,120.0
2023-12-27 11:00:00,subway,316,50 St (1),Manhattan,93.0
2023-12-27 11:00:00,subway,312,79 St (1),Manhattan,291.0
2023-12-27 11:00:00,subway,303,157 St (1),Manhattan,24.0
2023-12-27 11:00:00,subway,30,Prospect Av (R),Brooklyn,9.0
2023-12-27 11:00:00,subway,296,Marble Hill-225 St (1),Manhattan,10.0
2023-12-27 11:00:00,subway,293,Van Cortlandt Park-242 St (1),Bronx,12.0
2023-12-27 11:00:00,subway,290,Classon Av (G),Brooklyn,1.0
2023-12-27 11:00:00,subway,289,Bedford-Nostrand Avs (G),Brooklyn,9.0
2023-12-27 11:00:00,subway,280,Jamaica-Van Wyck (E),Queens,11.0
2023-12-27 11:00:00,subway,175,"Hoyt-Schermerhorn Sts (A,C,G)",Brooklyn,24.0
2023-12-27 11:00:00,subway,278,"Jamaica Center-Parsons/Archer (E,J,Z)",Queens,186.0
2023-12-27 11:00:00,subway,276,"5 Av/53 St (E,M)",Manhattan,2.0
2023-12-27 11:00:00,subway,273,"Queens Plaza (E,M,R)",Queens,35.0
2023-12-27 11:00:00,subway,272,"36 St (M,R)",Queens,13.0
2023-12-27 11:00:00,subway,269,"Northern Blvd (M,R)",Queens,6.0
2023-12-27 11:00:00,subway,266,"Elmhurst Av (M,R)",Queens,31.0
2023-12-27 11:00:00,subway,264,"Woodhaven Blvd (M,R)",Queens,3.0
2023-12-27 11:00:00,subway,120,Bedford Av (L),Brooklyn,21.0
2023-12-27 11:00:00,subway,131,Bushwick Av-Aberdeen St (L),Brooklyn,1.0
2023-12-27 11:00:00,subway,136,New Lots Av (L),Brooklyn,8.0
2023-12-27 11:00:00,subway,151,"145 St (A,C,B,D)",Manhattan,59.0
2023-12-27 11:00:00,subway,277,"7 Av (E,B,D)",Manhattan,7.0
2023-12-27 11:00:00,subway,33,45 St (R),Brooklyn,41.0
2023-12-27 11:00:00,subway,601,"14 St (F,M,1,2,3)/6 Av (L)",Manhattan,62.0
2023-12-27 11:00:00,subway,31,25 St (R),Brooklyn,8.0
2023-12-27 11:00:00,subway,214,"182-183 Sts (B,D)",Bronx,28.0
2023-12-27 11:00:00,subway,213,"Fordham Rd (B,D)",Bronx,23.0
2023-12-27 11:00:00,subway,208,Beach 25 St (A),Queens,2.0
2023-12-27 11:00:00,subway,206,Beach 44 St (A),Queens,2.0
2023-12-27 11:00:00,subway,20,"City Hall (R,W)",Manhattan,26.0
2023-12-27 11:00:00,subway,2,"Astoria Blvd (N,W)",Queens,182.0
2023-12-27 11:00:00,subway,194,111 St (A),Queens,5.0
2023-12-27 11:00:00,subway,192,Rockaway Blvd (A),Queens,7.0
2023-12-27 11:00:00,subway,168,"Spring St (C,E)",Manhattan,51.0
2023-12-27 11:00:00,subway,150,155 St (C),Manhattan,7.0
2023-12-27 11:00:00,subway,147,175 St (A),Manhattan,26.0
2023-12-27 11:00:00,subway,144,Dyckman St (A),Manhattan,88.0
2023-12-27 11:00:00,subway,144,Dyckman St (A),Manhattan,11.0
2023-12-27 11:00:00,subway,144,Dyckman St (A),Manhattan,10.0
2023-12-27 11:00:00,subway,221,21 St-Queensbridge (F),Queens,6.0
2023-12-27 11:00:00,subway,136,New Lots Av (L),Brooklyn,4.0
2023-12-27 11:00:00,subway,131,Bushwick Av-Aberdeen St (L),Brooklyn,2.0
2023-12-27 11:00:00,subway,129,Halsey St (L),Queens,12.0
2023-12-27 11:00:00,subway,123,Grand St (L),Brooklyn,4.0
2023-12-27 11:00:00,subway,118,3 Av (L),Manhattan,8.0
2023-12-27 11:00:00,subway,110,Forest Av (M),Queens,8.0
2023-12-27 11:00:00,subway,10,"49 St (N,R,W)",Manhattan,399.0
2023-12-27 11:00:00,staten_island_railway,501,St George (SIR),Staten Island,18.0
2023-12-27 11:00:00,staten_island_railway,502,Tompkinsville (SIR),Staten Island,3.0
2023-12-27 11:00:00,subway,100,"Hewes St (M,J)",Brooklyn,3.0
2023-12-27 11:00:00,subway,314,66 St-Lincoln Center (1),Manhattan,11.0
2023-12-27 11:00:00,subway,119,1 Av (L),Manhattan,9.0
2023-12-27 11:00:00,subway,119,1 Av (L),Manhattan,61.0
2023-12-27 11:00:00,subway,120,Bedford Av (L),Brooklyn,102.0
2023-12-27 11:00:00,subway,122,Graham Av (L),Brooklyn,2.0
2023-12-27 11:00:00,subway,133,Atlantic Av (L),Brooklyn,2.0
2023-12-27 11:00:00,subway,231,"Grand St (B,D)",Manhattan,4.0
2023-12-27 11:00:00,subway,236,"Bergen St (F,G)",Brooklyn,212.0
2023-12-27 11:00:00,subway,237,"Carroll St (F,G)",Brooklyn,7.0
2023-12-27 11:00:00,subway,313,"72 St (1,2,3)",Manhattan,160.0
2023-12-27 11:00:00,subway,309,103 St (1),Manhattan,59.0
2023-12-27 11:00:00,subway,308,Cathedral Pkwy (110 St) (1),Manhattan,47.0
2023-12-27 11:00:00,subway,306,125 St (1),Manhattan,15.0
2023-12-27 11:00:00,subway,306,125 St (1),Manhattan,23.0
2023-12-27 11:00:00,subway,306,125 St (1),Manhattan,12.0
2023-12-27 11:00:00,subway,305,137 St-City College (1),Manhattan,2.0
2023-12-27 11:00:00,subway,304,145 St (1),Manhattan,41.0
2023-12-27 11:00:00,subway,304,145 St (1),Manhattan,14.0
2023-12-27 11:00:00,subway,304,145 St (1),Manhattan,11.0
2023-12-27 11:00:00,subway,304,145 St (1),Manhattan,42.0
2023-12-27 11:00:00,subway,301,181 St (1),Manhattan,45.0
2023-12-27 11:00:00,subway,30,Prospect Av (R),Brooklyn,77.0
2023-12-27 11:00:00,subway,298,207 St (1),Manhattan,49.0
2023-12-27 11:00:00,subway,298,207 St (1),Manhattan,12.0
2023-12-27 11:00:00,subway,294,238 St (1),Bronx,20.0
2023-12-27 11:00:00,subway,286,Broadway (G),Brooklyn,5.0
2023-12-27 11:00:00,subway,238,"Smith-9 Sts (F,G)",Brooklyn,6.0
2023-12-27 11:00:00,subway,241,"15 St-Prospect Park (F,G)",Brooklyn,6.0
2023-12-27 11:00:00,subway,243,"Church Av (F,G)",Brooklyn,27.0
2023-12-27 11:00:00,subway,244,Ditmas Av (F),Brooklyn,43.0
2023-12-27 11:00:00,subway,248,Avenue N (F),Brooklyn,6.0
2023-12-27 11:00:00,subway,26,"DeKalb Av (B,Q,R)",Brooklyn,47.0
2023-12-27 11:00:00,subway,125,Morgan Av (L),Brooklyn,4.0
2023-12-27 11:00:00,subway,262,"67 Av (M,R)",Queens,30.0
2023-12-27 11:00:00,subway,266,"Elmhurst Av (M,R)",Queens,46.0
2023-12-27 11:00:00,subway,266,"Elmhurst Av (M,R)",Queens,138.0
2023-12-27 11:00:00,subway,270,"46 St (M,R)",Queens,22.0
2023-12-27 11:00:00,subway,283,Greenpoint Av (G),Brooklyn,7.0
2023-12-27 11:00:00,subway,284,Nassau Av (G),Brooklyn,8.0
2023-12-27 11:00:00,subway,284,Nassau Av (G),Brooklyn,1.0
2023-12-27 11:00:00,subway,265,"Grand Av-Newtown (M,R)",Queens,44.0
2023-12-27 11:00:00,subway,130,Wilson Av (L),Brooklyn,7.0
2023-12-27 11:00:00,subway,114,Central Av (M),Brooklyn,78.0
2023-12-27 11:00:00,subway,141,Park Pl (S),Brooklyn,5.0
2023-12-27 11:00:00,subway,189,Grant Av (A),Brooklyn,5.0
2023-12-27 11:00:00,subway,191,88 St (A),Queens,5.0
2023-12-27 11:00:00,subway,195,Ozone Park-Lefferts Blvd (A),Queens,37.0
2023-12-27 11:00:00,subway,200,"Beach 90 St (A,S)",Queens,1.0
2023-12-27 11:00:00,subway,203,"Rockaway Park-Beach 116 St (A,S)",Queens,6.0
2023-12-27 11:00:00,subway,208,Beach 25 St (A),Queens,1.0
2023-12-27 11:00:00,subway,216,"174-175 Sts (B,D)",Bronx,25.0
2023-12-27 11:00:00,subway,220,"155 St (B,D)",Manhattan,6.0
2023-12-27 11:00:00,subway,222,Roosevelt Island (F),Manhattan,103.0
2023-12-27 11:00:00,subway,240,"7 Av (F,G)",Brooklyn,11.0
2023-12-27 11:00:00,subway,185,Liberty Av (C),Brooklyn,20.0
2023-12-27 11:00:00,subway,250,Kings Hwy (F),Brooklyn,6.0
2023-12-27 11:00:00,subway,255,169 St (F),Queens,8.0
2023-12-27 11:00:00,subway,258,"Briarwood (E,F)",Queens,13.0
2023-12-27 11:00:00,subway,264,"Woodhaven Blvd (M,R)",Queens,26.0
2023-12-27 11:00:00,subway,264,"Woodhaven Blvd (M,R)",Queens,44.0
2023-12-27 11:00:00,subway,269,"Northern Blvd (M,R)",Queens,24.0
2023-12-27 11:00:00,subway,299,Dyckman St (1),Manhattan,9.0
2023-12-27 11:00:00,subway,3,"30 Av (N,W)",Queens,2.0
2023-12-27 11:00:00,subway,303,157 St (1),Manhattan,16.0
2023-12-27 11:00:00,subway,304,145 St (1),Manhattan,15.0
2023-12-27 11:00:00,subway,306,125 St (1),Manhattan,8.0
2023-12-27 11:00:00,subway,134,Sutter Av (L),Brooklyn,3.0
2023-12-27 11:00:00,subway,183,Rockaway Av (C),Brooklyn,9.0
2023-12-27 11:00:00,subway,252,Avenue X (F),Brooklyn,38.0
2023-12-27 11:00:00,subway,143,Inwood-207 St (A),Manhattan,97.0
2023-12-27 11:00:00,subway,155,"Cathedral Pkwy (110 St) (C,B)",Manhattan,10.0
2023-12-27 11:00:00,subway,156,"103 St (C,B)",Manhattan,16.0
2023-12-27 11:00:00,subway,16,"8 St-NYU (R,W)",Manhattan,20.0
2023-12-27 11:00:00,subway,160,"72 St (C,B)",Manhattan,9.0
2023-12-27 11:00:00,subway,181,"Utica Av (A,C)",Brooklyn,1.0
2023-12-27 12:00:00,subway,345,"Crown Hts-Utica Av (3,4)",Brooklyn,30.0
2023-12-27 12:00:00,subway,45,Beverley Rd (Q),Brooklyn,5.0
2023-12-27 12:00:00,subway,451,Junction Blvd (7),Queens,133.0
2023-12-27 12:00:00,subway,476,86 St (Q),Manhattan,23.0
2023-12-27 12:00:00,subway,476,86 St (Q),Manhattan,44.0
2023-12-27 12:00:00,subway,58,"Coney Island-Stillwell Av (D,F,N,Q)",Brooklyn,39.0
2023-12-27 12:00:00,subway,60,Fort Hamilton Pkwy (D),Brooklyn,8.0
2023-12-27 12:00:00,subway,444,Gun Hill Rd (5),Bronx,8.0
2023-12-27 12:00:00,subway,625,"Delancey St (F)/Essex St (J,M,Z)",Manhattan,42.0
2023-12-27 12:00:00,subway,379,Mosholu Pkwy (4),Bronx,21.0
2023-12-27 12:00:00,subway,85,"75 St-Elderts Ln (J,Z)",Queens,5.0
2023-12-27 12:00:00,subway,38,86 St (R),Brooklyn,27.0
2023-12-27 12:00:00,subway,384,Burnside Av (4),Bronx,14.0
2023-12-27 12:00:00,subway,388,167 St (4),Bronx,6.0
2023-12-27 12:00:00,subway,39,Bay Ridge-95 St (R),Brooklyn,5.0
2023-12-27 12:00:00,subway,391,"138 St-Grand Concourse (4,5)",Bronx,2.0
2023-12-27 12:00:00,subway,399,68 St-Hunter College (6),Manhattan,15.0
2023-12-27 12:00:00,subway,405,23 St (6),Manhattan,313.0
2023-12-27 12:00:00,subway,426,"E 180 St (2,5)",Bronx,16.0
2023-12-27 12:00:00,subway,434,"3 Av-149 St (2,5)",Bronx,57.0
2023-12-27 12:00:00,subway,440,"116 St (2,3)",Manhattan,41.0
2023-12-27 12:00:00,subway,375,Cypress Av (6),Bronx,28.0
2023-12-27 12:00:00,subway,426,"E 180 St (2,5)",Bronx,7.0
2023-12-27 12:00:00,subway,371,Hunts Point Av (6),Bronx,21.0
2023-12-27 12:00:00,subway,385,176 St (4),Bronx,43.0
2023-12-27 12:00:00,subway,343,Nostrand Av (3),Brooklyn,50.0
2023-12-27 12:00:00,subway,325,Canal St (1),Manhattan,5.0
2023-12-27 12:00:00,subway,298,207 St (1),Manhattan,13.0
2023-12-27 12:00:00,subway,289,Bedford-Nostrand Avs (G),Brooklyn,180.0
2023-12-27 12:00:00,subway,284,Nassau Av (G),Brooklyn,160.0
2023-12-27 12:00:00,subway,273,"Queens Plaza (E,M,R)",Queens,9.0
2023-12-27 12:00:00,subway,269,"Northern Blvd (M,R)",Queens,19.0
2023-12-27 12:00:00,subway,262,"67 Av (M,R)",Queens,12.0
2023-12-27 12:00:00,subway,22,"Rector St (R,W)",Manhattan,31.0
2023-12-27 12:00:00,subway,22,"Rector St (R,W)",Manhattan,6.0
2023-12-27 12:00:00,subway,214,"182-183 Sts (B,D)",Bronx,9.0
2023-12-27 12:00:00,subway,186,Van Siclen Av (C),Brooklyn,6.0
2023-12-27 12:00:00,subway,150,155 St (C),Manhattan,24.0
2023-12-27 12:00:00,subway,147,175 St (A),Manhattan,1.0
2023-12-27 12:00:00,subway,147,175 St (A),Manhattan,22.0
2023-12-27 12:00:00,subway,122,Graham Av (L),Brooklyn,3.0
2023-12-27 12:00:00,subway,10,"49 St (N,R,W)",Manhattan,182.0
2023-12-27 12:00:00,subway,441,"Central Park North (110 St) (2,3)",Manhattan,9.0
2023-12-27 12:00:00,subway,366,Parkchester (6),Bronx,25.0
2023-12-27 12:00:00,subway,349,Junius St (3),Brooklyn,4.0
2023-12-27 12:00:00,subway,380,Bedford Park Blvd-Lehman College (4),Bronx,18.0
2023-12-27 12:00:00,subway,391,"138 St-Grand Concourse (4,5)",Bronx,6.0
2023-12-27 12:00:00,subway,446,Morris Park (5),Bronx,4.0
2023-12-27 12:00:00,subway,610,"Grand Central-42 St (S,4,5,6,7)",Manhattan,61.0
2023-12-27 12:00:00,subway,448,Mets-Willets Point (7),Queens,18.0
2023-12-27 12:00:00,subway,246,Avenue I (F),Brooklyn,4.0
2023-12-27 12:00:00,subway,247,Bay Pkwy (F),Brooklyn,3.0
2023-12-27 12:00:00,subway,252,Avenue X (F),Brooklyn,21.0
2023-12-27 12:00:00,subway,256,Parsons Blvd (F),Queens,13.0
2023-12-27 12:00:00,subway,260,"75 Av (E,F)",Queens,3.0
2023-12-27 12:00:00,subway,265,"Grand Av-Newtown (M,R)",Queens,208.0
2023-12-27 12:00:00,subway,266,"Elmhurst Av (M,R)",Queens,55.0
2023-12-27 12:00:00,subway,298,207 St (1),Manhattan,39.0
2023-12-27 12:00:00,subway,304,145 St (1),Manhattan,64.0
2023-12-27 12:00:00,subway,306,125 St (1),Manhattan,15.0
2023-12-27 12:00:00,subway,311,86 St (1),Manhattan,7.0
2023-12-27 12:00:00,subway,318,"34 St-Penn Station (1,2,3)",Manhattan,93.0
2023-12-27 12:00:00,subway,32,"36 St (D,N,R)",Brooklyn,1.0
2023-12-27 12:00:00,subway,323,Christopher St-Sheridan Sq (1),Manhattan,52.0
2023-12-27 12:00:00,subway,243,"Church Av (F,G)",Brooklyn,2.0
2023-12-27 12:00:00,subway,329,Rector St (1),Manhattan,11.0
2023-12-27 12:00:00,subway,350,Pennsylvania Av (3),Brooklyn,11.0
2023-12-27 12:00:00,subway,350,Pennsylvania Av (3),Brooklyn,34.0
2023-12-27 12:00:00,subway,351,Van Siclen Av (3),Brooklyn,11.0
2023-12-27 12:00:00,subway,351,Van Siclen Av (3),Brooklyn,5.0
2023-12-27 12:00:00,subway,353,"President St-Medgar Evers College (2,5)",Brooklyn,18.0
2023-12-27 12:00:00,subway,358,"Newkirk Av-Little Haiti (2,5)",Brooklyn,3.0
2023-12-27 12:00:00,subway,361,Buhre Av (6),Bronx,6.0
2023-12-27 12:00:00,subway,374,E 143 St-St Mary's St (6),Bronx,2.0
2023-12-27 12:00:00,subway,392,"125 St (4,5,6)",Manhattan,32.0
2023-12-27 12:00:00,subway,395,103 St (6),Manhattan,47.0
2023-12-27 12:00:00,subway,395,103 St (6),Manhattan,21.0
2023-12-27 12:00:00,subway,403,33 St (6),Manhattan,12.0
2023-12-27 12:00:00,subway,416,Wakefield-241 St (2),Bronx,13.0
2023-12-27 12:00:00,subway,417,"Nereid Av (2,5)",Bronx,6.0
2023-12-27 12:00:00,subway,345,"Crown Hts-Utica Av (3,4)",Brooklyn,51.0
2023-12-27 12:00:00,subway,420,"219 St (2,5)",Bronx,6.0
2023-12-27 12:00:00,subway,232,2 Av (F),Manhattan,47.0
2023-12-27 12:00:00,subway,222,Roosevelt Island (F),Manhattan,43.0
2023-12-27 12:00:00,subway,109,Fresh Pond Rd (M),Queens,23.0
2023-12-27 12:00:00,subway,111,Seneca Av (M),Queens,1.0
2023-12-27 12:00:00,subway,114,Central Av (M),Brooklyn,4.0
2023-12-27 12:00:00,subway,118,3 Av (L),Manhattan,3.0
2023-12-27 12:00:00,subway,120,Bedford Av (L),Brooklyn,1.0
2023-12-27 12:00:00,subway,124,Montrose Av (L),Brooklyn,5.0
2023-12-27 12:00:00,subway,126,Jefferson St (L),Brooklyn,10.0
2023-12-27 12:00:00,subway,133,Atlantic Av (L),Brooklyn,4.0
2023-12-27 12:00:00,subway,135,Livonia Av (L),Brooklyn,6.0
2023-12-27 12:00:00,subway,143,Inwood-207 St (A),Manhattan,12.0
2023-12-27 12:00:00,subway,143,Inwood-207 St (A),Manhattan,113.0
2023-12-27 12:00:00,subway,145,190 St (A),Manhattan,5.0
2023-12-27 12:00:00,subway,151,"145 St (A,C,B,D)",Manhattan,28.0
2023-12-27 12:00:00,subway,16,"8 St-NYU (R,W)",Manhattan,229.0
2023-12-27 12:00:00,subway,228,"23 St (F,M)",Manhattan,25.0
2023-12-27 12:00:00,subway,164,"34 St-Penn Station (A,C,E)",Manhattan,29.0
2023-12-27 12:00:00,subway,168,"Spring St (C,E)",Manhattan,18.0
2023-12-27 12:00:00,subway,177,Clinton-Washington Avs (C),Brooklyn,12.0
2023-12-27 12:00:00,subway,179,"Nostrand Av (A,C)",Brooklyn,255.0
2023-12-27 12:00:00,subway,182,Ralph Av (C),Brooklyn,12.0
2023-12-27 12:00:00,subway,186,Van Siclen Av (C),Brooklyn,3.0
2023-12-27 12:00:00,subway,195,Ozone Park-Lefferts Blvd (A),Queens,1.0
2023-12-27 12:00:00,subway,2,"Astoria Blvd (N,W)",Queens,10.0
2023-12-27 12:00:00,subway,200,"Beach 90 St (A,S)",Queens,2.0
2023-12-27 12:00:00,subway,200,"Beach 90 St (A,S)",Queens,1.0
2023-12-27 12:00:00,subway,203,"Rockaway Park-Beach 116 St (A,S)",Queens,1.0
2023-12-27 12:00:00,subway,204,Beach 67 St (A),Queens,3.0
2023-12-27 12:00:00,subway,205,Beach 60 St (A),Queens,6.0
2023-12-27 12:00:00,subway,215,"Tremont Av (B,D)",Bronx,6.0
2023-12-27 12:00:00,subway,22,"Rector St (R,W)",Manhattan,115.0
2023-12-27 12:00:00,subway,167,"W 4 St-Wash Sq (A,C,E,B,D,F,M)",Manhattan,91.0
2023-12-27 12:00:00,subway,447,Flushing-Main St (7),Queens,68.0
2023-12-27 12:00:00,subway,421,"Gun Hill Rd (2,5)",Bronx,5.0
2023-12-27 12:00:00,subway,43,Parkside Av (Q),Brooklyn,17.0
2023-12-27 12:00:00,tram,TRAM1,RI Tramway (Manhattan),Manhattan,5.0
2023-12-27 12:00:00,tram,TRAM2,RI Tramway (Roosevelt),Manhattan,37.0
2023-12-27 12:00:00,tram,TRAM2,RI Tramway (Roosevelt),Manhattan,6.0
2023-12-27 12:00:00,subway,98,"Flushing Av (M,J)",Brooklyn,14.0
2023-12-27 12:00:00,subway,90,"Van Siclen Av (J,Z)",Brooklyn,1.0
2023-12-27 12:00:00,subway,81,111 St (J),Queens,3.0
2023-12-27 12:00:00,subway,70,Bay 50 St (D),Brooklyn,4.0
2023-12-27 12:00:00,subway,630,"Myrtle-Wyckoff Avs (L,M)",Brooklyn,23.0
2023-12-27 12:00:00,subway,629,Lorimer St (L)/Metropolitan Av (G),Brooklyn,291.0
2023-12-27 12:00:00,subway,627,"Franklin Av (C,S)",Brooklyn,12.0
2023-12-27 12:00:00,subway,626,"Franklin Av (2,3,4,5)/Botanic Garden (S)",Brooklyn,59.0
2023-12-27 12:00:00,subway,624,"Chambers St (A,C)/WTC (E)/Park Pl (2,3)/Cortlandt (R,W)",Manhattan,6.0
2023-12-27 12:00:00,subway,621,"Broadway Junction (A,C,J,L,Z)",Brooklyn,27.0
2023-12-27 12:00:00,subway,617,"Atlantic Av-Barclays Ctr (B,D,N,Q,R,2,3,4,5)",Brooklyn,88.0
2023-12-27 12:00:00,subway,96,Kosciuszko St (J),Brooklyn,13.0
2023-12-27 12:00:00,subway,617,"Atlantic Av-Barclays Ctr (B,D,N,Q,R,2,3,4,5)",Brooklyn,64.0
2023-12-27 12:00:00,subway,614,"59 St-Columbus Circle (A,B,C,D,1)",Manhattan,971.0
2023-12-27 12:00:00,subway,613,"Lexington Av (N,R,W)/59 St (4,5,6)",Manhattan,224.0
2023-12-27 12:00:00,subway,613,"Lexington Av (N,R,W)/59 St (4,5,6)",Manhattan,58.0
2023-12-27 12:00:00,subway,61,50 St (D),Brooklyn,5.0
2023-12-27 12:00:00,subway,607,"34 St-Herald Sq (B,D,F,M,N,Q,R,W)",Manhattan,56.0
2023-12-27 12:00:00,subway,605,"168 St (A,C,1)",Manhattan,66.0
2023-12-27 12:00:00,subway,602,"14 St-Union Sq (L,N,Q,R,W,4,5,6)",Manhattan,1063.0
2023-12-27 12:00:00,subway,601,"14 St (F,M,1,2,3)/6 Av (L)",Manhattan,181.0
2023-12-27 12:00:00,subway,58,"Coney Island-Stillwell Av (D,F,N,Q)",Brooklyn,32.0
2023-12-27 12:00:00,subway,56,Ocean Pkwy (Q),Brooklyn,3.0
2023-12-27 12:00:00,subway,53,Neck Rd (Q),Brooklyn,14.0
2023-12-27 12:00:00,subway,52,Avenue U (Q),Brooklyn,4.0
2023-12-27 12:00:00,subway,5,"36 Av (N,W)",Queens,4.0
2023-12-27 12:00:00,subway,47,"Newkirk Plaza (B,Q)",Brooklyn,34.0
2023-12-27 12:00:00,subway,615,New Utrecht Av (N)/62 St (D),Brooklyn,41.0
2023-12-27 12:00:00,subway,425,"Bronx Park East (2,5)",Bronx,2.0
2023-12-27 12:00:00,subway,85,"75 St-Elderts Ln (J,Z)",Queens,4.0
2023-12-27 12:00:00,subway,67,20 Av (D),Brooklyn,9.0
2023-12-27 12:00:00,subway,43,Parkside Av (Q),Brooklyn,105.0
2023-12-27 12:00:00,subway,437,145 St (3),Manhattan,15.0
2023-12-27 12:00:00,subway,437,145 St (3),Manhattan,1.0
2023-12-27 12:00:00,subway,439,"125 St (2,3)",Manhattan,20.0
2023-12-27 12:00:00,subway,441,"Central Park North (110 St) (2,3)",Manhattan,30.0
2023-12-27 12:00:00,subway,441,"Central Park North (110 St) (2,3)",Manhattan,23.0
2023-12-27 12:00:00,subway,443,Baychester Av (5),Bronx,3.0
2023-12-27 12:00:00,subway,444,Gun Hill Rd (5),Bronx,4.0
2023-12-27 12:00:00,subway,444,Gun Hill Rd (5),Bronx,37.0
2023-12-27 12:00:00,subway,449,111 St (7),Queens,45.0
2023-12-27 12:00:00,subway,449,111 St (7),Queens,3.0
2023-12-27 12:00:00,subway,452,90 St-Elmhurst Av (7),Queens,41.0
2023-12-27 12:00:00,subway,457,52 St (7),Queens,16.0
2023-12-27 12:00:00,subway,460,33 St-Rawson St (7),Queens,1.0
2023-12-27 12:00:00,subway,82,"104 St (J,Z)",Queens,2.0
2023-12-27 12:00:00,subway,477,72 St (Q),Manhattan,22.0
2023-12-27 12:00:00,subway,51,"Kings Hwy (B,Q)",Brooklyn,36.0
2023-12-27 12:00:00,subway,54,"Sheepshead Bay (B,Q)",Brooklyn,19.0
2023-12-27 12:00:00,subway,55,"Brighton Beach (B,Q)",Brooklyn,2.0
2023-12-27 12:00:00,subway,6,"39 Av-Dutch Kills (N,W)",Queens,2.0
2023-12-27 12:00:00,subway,60,Fort Hamilton Pkwy (D),Brooklyn,20.0
2023-12-27 12:00:00,subway,9,"57 St-7 Av (N,Q,R,W)",Manhattan,72.0
2023-12-27 12:00:00,subway,612,"Lexington Av-53 St (E,M)/51 St (6)",Manhattan,39.0
2023-12-27 12:00:00,subway,617,"Atlantic Av-Barclays Ctr (B,D,N,Q,R,2,3,4,5)",Brooklyn,222.0
2023-12-27 12:00:00,subway,618,"14 St (A,C,E)/8 Av (L)",Manhattan,46.0
2023-12-27 12:00:00,subway,62,55 St (D),Brooklyn,3.0
2023-12-27 12:00:00,subway,628,"Fulton St (A,C,J,Z,2,3,4,5)",Manhattan,54.0
2023-12-27 12:00:00,subway,629,Lorimer St (L)/Metropolitan Av (G),Brooklyn,18.0
2023-12-27 12:00:00,subway,635,"South Ferry (1)/Whitehall St (R,W)",Manhattan,223.0
2023-12-27 12:00:00,subway,65,79 St (D),Brooklyn,7.0
2023-12-27 12:00:00,subway,48,Avenue H (Q),Brooklyn,15.0
2023-12-27 12:00:00,subway,96,Kosciuszko St (J),Brooklyn,2.0
2023-12-27 12:00:00,subway,379,Mosholu Pkwy (4),Bronx,16.0
2023-12-27 12:00:00,subway,384,Burnside Av (4),Bronx,8.0
2023-12-27 12:00:00,subway,306,125 St (1),Manhattan,25.0
2023-12-27 12:00:00,subway,307,116 St-Columbia University (1),Manhattan,8.0
2023-12-27 12:00:00,subway,308,Cathedral Pkwy (110 St) (1),Manhattan,227.0
2023-12-27 12:00:00,subway,309,103 St (1),Manhattan,37.0
2023-12-27 12:00:00,subway,31,25 St (R),Brooklyn,4.0
2023-12-27 12:00:00,subway,311,86 St (1),Manhattan,19.0
2023-12-27 12:00:00,subway,314,66 St-Lincoln Center (1),Manhattan,16.0
2023-12-27 12:00:00,subway,319,28 St (1),Manhattan,185.0
2023-12-27 12:00:00,subway,32,"36 St (D,N,R)",Brooklyn,22.0
2023-12-27 12:00:00,subway,320,23 St (1),Manhattan,20.0
2023-12-27 12:00:00,subway,339,"Bergen St (2,3)",Brooklyn,14.0
2023-12-27 12:00:00,subway,340,"Grand Army Plaza (2,3)",Brooklyn,10.0
2023-12-27 12:00:00,subway,343,Nostrand Av (3),Brooklyn,10.0
2023-12-27 12:00:00,subway,345,"Crown Hts-Utica Av (3,4)",Brooklyn,258.0
2023-12-27 12:00:00,subway,349,Junius St (3),Brooklyn,7.0
2023-12-27 12:00:00,subway,35,"59 St (N,R)",Brooklyn,33.0
2023-12-27 12:00:00,subway,352,New Lots Av (3),Brooklyn,6.0
2023-12-27 12:00:00,subway,353,"President St-Medgar Evers College (2,5)",Brooklyn,6.0
2023-12-27 12:00:00,subway,354,"Sterling St (2,5)",Brooklyn,29.0
2023-12-27 12:00:00,subway,301,181 St (1),Manhattan,17.0
2023-12-27 12:00:00,subway,297,215 St (1),Manhattan,3.0
2023-12-27 12:00:00,subway,295,231 St (1),Bronx,22.0
2023-12-27 12:00:00,subway,293,Van Cortlandt Park-242 St (1),Bronx,8.0
2023-12-27 12:00:00,subway,191,88 St (A),Queens,3.0
2023-12-27 12:00:00,subway,2,"Astoria Blvd (N,W)",Queens,204.0
2023-12-27 12:00:00,subway,2,"Astoria Blvd (N,W)",Queens,1.0
2023-12-27 12:00:00,subway,20,"City Hall (R,W)",Manhattan,6.0
2023-12-27 12:00:00,subway,204,Beach 67 St (A),Queens,5.0
2023-12-27 12:00:00,subway,205,Beach 60 St (A),Queens,2.0
2023-12-27 12:00:00,subway,220,"155 St (B,D)",Manhattan,11.0
2023-12-27 12:00:00,subway,236,"Bergen St (F,G)",Brooklyn,1.0
2023-12-27 12:00:00,subway,237,"Carroll St (F,G)",Brooklyn,19.0
2023-12-27 12:00:00,subway,357,"Beverly Rd (2,5)",Brooklyn,4.0
2023-12-27 12:00:00,subway,240,"7 Av (F,G)",Brooklyn,30.0
2023-12-27 12:00:00,subway,253,Neptune Av (F),Brooklyn,9.0
2023-12-27 12:00:00,subway,262,"67 Av (M,R)",Queens,16.0
2023-12-27 12:00:00,subway,264,"Woodhaven Blvd (M,R)",Queens,127.0
2023-12-27 12:00:00,subway,268,"65 St (M,R)",Queens,1.0
2023-12-27 12:00:00,subway,278,"Jamaica Center-Parsons/Archer (E,J,Z)",Queens,42.0
2023-12-27 12:00:00,subway,278,"Jamaica Center-Parsons/Archer (E,J,Z)",Queens,44.0
2023-12-27 12:00:00,subway,288,Myrtle-Willoughby Avs (G),Brooklyn,28.0
2023-12-27 12:00:00,subway,291,Clinton-Washington Avs (G),Brooklyn,1.0
2023-12-27 12:00:00,subway,292,Fulton St (G),Brooklyn,65.0
2023-12-27 12:00:00,subway,241,"15 St-Prospect Park (F,G)",Brooklyn,15.0
2023-12-27 12:00:00,subway,359,"Flatbush Av-Brooklyn College (2,5)",Brooklyn,49.0
2023-12-27 12:00:00,subway,363,Westchester Sq-E Tremont Av (6),Bronx,47.0
2023-12-27 12:00:00,subway,367,St Lawrence Av (6),Bronx,11.0
2023-12-27 12:00:00,subway,59,9 Av (D),Brooklyn,33.0
2023-12-27 12:00:00,subway,6,"39 Av-Dutch Kills (N,W)",Queens,43.0
2023-12-27 12:00:00,subway,60,Fort Hamilton Pkwy (D),Brooklyn,4.0
2023-12-27 12:00:00,subway,38,86 St (R),Brooklyn,21.0
2023-12-27 12:00:00,subway,604,"161 St-Yankee Stadium (B,D,4)",Bronx,40.0
2023-12-27 12:00:00,subway,606,"Court Sq (E,G,M,7)",Queens,51.0
2023-12-27 12:00:00,subway,610,"Grand Central-42 St (S,4,5,6,7)",Manhattan,148.0
2023-12-27 12:00:00,subway,612,"Lexington Av-53 St (E,M)/51 St (6)",Manhattan,14.0
2023-12-27 12:00:00,subway,628,"Fulton St (A,C,J,Z,2,3,4,5)",Manhattan,8.0
2023-12-27 12:00:00,subway,53,Neck Rd (Q),Brooklyn,68.0
2023-12-27 12:00:00,subway,64,71 St (D),Brooklyn,22.0
2023-12-27 12:00:00,subway,77,Kings Hwy (N),Brooklyn,32.0
2023-12-27 12:00:00,subway,80,"121 St (J,Z)",Queens,3.0
2023-12-27 12:00:00,subway,83,"Woodhaven Blvd (J,Z)",Queens,1.0
2023-12-27 12:00:00,subway,9,"57 St-7 Av (N,Q,R,W)",Manhattan,9.0
2023-12-27 12:00:00,subway,95,"Gates Av (J,Z)",Brooklyn,8.0
2023-12-27 12:00:00,subway,97,"Myrtle Av (M,J,Z)",Brooklyn,14.0
2023-12-27 12:00:00,subway,98,"Flushing Av (M,J)",Brooklyn,18.0
2023-12-27 12:00:00,subway,98,"Flushing Av (M,J)",Brooklyn,25.0
2023-12-27 12:00:00,subway,369,Elder Av (6),Bronx,14.0
2023-12-27 12:00:00,subway,68,Bay Pkwy (D),Brooklyn,29.0
2023-12-27 12:00:00,subway,189,Grant Av (A),Brooklyn,13.0
2023-12-27 12:00:00,subway,471,34 St-Hudson Yards (7),Manhattan,10.0
2023-12-27 12:00:00,subway,457,52 St (7),Queens,26.0
2023-12-27 12:00:00,subway,393,116 St (6),Manhattan,13.0
2023-12-27 12:00:00,subway,395,103 St (6),Manhattan,15.0
2023-12-27 12:00:00,subway,397,"86 St (4,5,6)",Manhattan,2.0
2023-12-27 12:00:00,subway,399,68 St-Hunter College (6),Manhattan,95.0
2023-12-27 12:00:00,subway,4,"Broadway (N,W)",Queens,8.0
2023-12-27 12:00:00,subway,403,33 St (6),Manhattan,400.0
2023-12-27 12:00:00,subway,407,Astor Pl (6),Manhattan,52.0
2023-12-27 12:00:00,subway,409,Spring St (6),Manhattan,63.0
2023-12-27 12:00:00,subway,409,Spring St (6),Manhattan,1.0
2023-12-27 12:00:00,subway,459,40 St-Lowery St (7),Queens,23.0
2023-12-27 12:00:00,subway,414,"Bowling Green (4,5)",Manhattan,2.0
2023-12-27 12:00:00,subway,419,"225 St (2,5)",Bronx,2.0
2023-12-27 12:00:00,subway,421,"Gun Hill Rd (2,5)",Bronx,37.0
2023-12-27 12:00:00,subway,423,"Allerton Av (2,5)",Bronx,10.0
2023-12-27 12:00:00,subway,423,"Allerton Av (2,5)",Bronx,8.0
2023-12-27 12:00:00,subway,429,"Freeman St (2,5)",Bronx,12.0
2023-12-27 12:00:00,subway,430,"Simpson St (2,5)",Bronx,10.0
2023-12-27 12:00:00,subway,441,"Central Park North (110 St) (2,3)",Manhattan,12.0
2023-12-27 12:00:00,subway,45,Beverley Rd (Q),Brooklyn,15.0
2023-12-27 12:00:00,subway,450,103 St-Corona Plaza (7),Queens,128.0
2023-12-27 12:00:00,subway,417,"Nereid Av (2,5)",Bronx,2.0
2023-12-27 12:00:00,subway,176,Lafayette Av (C),Brooklyn,12.0
2023-12-27 12:00:00,subway,284,Nassau Av (G),Brooklyn,9.0
2023-12-27 12:00:00,subway,159,"81 St-Museum of Natural History (C,B)",Manhattan,669.0
2023-12-27 12:00:00,subway,372,Longwood Av (6),Bronx,4.0
2023-12-27 12:00:00,subway,369,Elder Av (6),Bronx,32.0
2023-12-27 12:00:00,subway,367,St Lawrence Av (6),Bronx,1.0
2023-12-27 12:00:00,subway,164,"34 St-Penn Station (A,C,E)",Manhattan,704.0
2023-12-27 12:00:00,subway,365,Castle Hill Av (6),Bronx,12.0
2023-12-27 12:00:00,subway,359,"Flatbush Av-Brooklyn College (2,5)",Brooklyn,31.0
2023-12-27 12:00:00,subway,357,"Beverly Rd (2,5)",Brooklyn,12.0
2023-12-27 12:00:00,subway,352,New Lots Av (3),Brooklyn,41.0
2023-12-27 12:00:00,subway,349,Junius St (3),Brooklyn,7.0
2023-12-27 12:00:00,subway,375,Cypress Av (6),Bronx,4.0
2023-12-27 12:00:00,subway,348,Rockaway Av (3),Brooklyn,41.0
2023-12-27 12:00:00,subway,341,"Eastern Pkwy-Brooklyn Museum (2,3)",Brooklyn,1.0
2023-12-27 12:00:00,subway,341,"Eastern Pkwy-Brooklyn Museum (2,3)",Brooklyn,12.0
2023-12-27 12:00:00,subway,340,"Grand Army Plaza (2,3)",Brooklyn,6.0
2023-12-27 12:00:00,subway,337,"Nevins St (2,3,4,5)",Brooklyn,22.0
2023-12-27 12:00:00,subway,329,Rector St (1),Manhattan,34.0
2023-12-27 12:00:00,subway,32,"36 St (D,N,R)",Brooklyn,32.0
2023-12-27 12:00:00,subway,312,79 St (1),Manhattan,110.0
2023-12-27 12:00:00,subway,309,103 St (1),Manhattan,10.0
2023-12-27 12:00:00,subway,300,191 St (1),Manhattan,9.0
2023-12-27 12:00:00,subway,347,Saratoga Av (3),Brooklyn,32.0
2023-12-27 12:00:00,subway,30,Prospect Av (R),Brooklyn,5.0
2023-12-27 12:00:00,subway,377,3 Av-138 St (6),Bronx,69.0
2023-12-27 12:00:00,subway,210,Norwood-205 St (D),Bronx,63.0
2023-12-27 12:00:00,subway,373,E 149 St (6),Bronx,3.0
2023-12-27 12:00:00,subway,37,77 St (R),Brooklyn,8.0
2023-12-27 12:00:00,subway,10,"49 St (N,R,W)",Manhattan,6.0
2023-12-27 12:00:00,subway,108,Middle Village-Metropolitan Av (M),Queens,9.0
2023-12-27 12:00:00,subway,110,Forest Av (M),Queens,6.0
2023-12-27 12:00:00,subway,124,Montrose Av (L),Brooklyn,16.0
2023-12-27 12:00:00,subway,136,New Lots Av (L),Brooklyn,4.0
2023-12-27 12:00:00,subway,149,163 St-Amsterdam Av (C),Manhattan,10.0
2023-12-27 12:00:00,subway,157,"96 St (C,B)",Manhattan,45.0
2023-12-27 12:00:00,subway,213,"Fordham Rd (B,D)",Bronx,19.0
2023-12-27 12:00:00,subway,167,"W 4 St-Wash Sq (A,C,E,B,D,F,M)",Manhattan,536.0
2023-12-27 12:00:00,subway,17,"Prince St (R,W)",Manhattan,30.0
2023-12-27 12:00:00,subway,175,"Hoyt-Schermerhorn Sts (A,C,G)",Brooklyn,17.0
2023-12-27 12:00:00,subway,177,Clinton-Washington Avs (C),Brooklyn,15.0
2023-12-27 12:00:00,subway,183,Rockaway Av (C),Brooklyn,5.0
2023-12-27 12:00:00,subway,183,Rockaway Av (C),Brooklyn,13.0
2023-12-27 12:00:00,subway,186,Van Siclen Av (C),Brooklyn,3.0
2023-12-27 12:00:00,subway,192,Rockaway Blvd (A),Queens,19.0
2023-12-27 12:00:00,subway,203,"Rockaway Park-Beach 116 St (A,S)",Queens,7.0
2023-12-27 12:00:00,subway,208,Beach 25 St (A),Queens,3.0
2023-12-27 12:00:00,subway,169,"Canal St (A,C,E)",Manhattan,2.0
2023-12-27 12:00:00,subway,291,Clinton-Washington Avs (G),Brooklyn,86.0
2023-12-27 12:00:00,subway,366,Parkchester (6),Bronx,28.0
2023-12-27 12:00:00,subway,286,Broadway (G),Brooklyn,2.0
2023-12-27 12:00:00,subway,278,"Jamaica Center-Parsons/Archer (E,J,Z)",Queens,211.0
2023-12-27 12:00:00,subway,10,"49 St (N,R,W)",Manhattan,25.0
2023-12-27 12:00:00,subway,10,"49 St (N,R,W)",Manhattan,2.0
2023-12-27 12:00:00,subway,100,"Hewes St (M,J)",Brooklyn,8.0
2023-12-27 12:00:00,subway,103,"Bowery (J,Z)",Manhattan,8.0
2023-12-27 12:00:00,subway,103,"Bowery (J,Z)",Manhattan,19.0
2023-12-27 12:00:00,subway,108,Middle Village-Metropolitan Av (M),Queens,1.0
2023-12-27 12:00:00,subway,109,Fresh Pond Rd (M),Queens,6.0
2023-12-27 12:00:00,subway,120,Bedford Av (L),Brooklyn,76.0
2023-12-27 12:00:00,subway,126,Jefferson St (L),Brooklyn,18.0
2023-12-27 12:00:00,subway,129,Halsey St (L),Queens,5.0
2023-12-27 12:00:00,subway,137,East 105 St (L),Brooklyn,2.0
2023-12-27 12:00:00,subway,141,Park Pl (S),Brooklyn,6.0
2023-12-27 12:00:00,subway,144,Dyckman St (A),Manhattan,4.0
2023-12-27 12:00:00,subway,146,181 St (A),Manhattan,12.0
2023-12-27 12:00:00,subway,291,Clinton-Washington Avs (G),Brooklyn,5.0
2023-12-27 12:00:00,subway,150,155 St (C),Manhattan,12.0
2023-12-27 12:00:00,subway,152,"135 St (C,B)",Manhattan,4.0
2023-12-27 12:00:00,subway,155,"Cathedral Pkwy (110 St) (C,B)",Manhattan,165.0
2023-12-27 12:00:00,subway,269,"Northern Blvd (M,R)",Queens,72.0
2023-12-27 12:00:00,subway,266,"Elmhurst Av (M,R)",Queens,121.0
2023-12-27 12:00:00,subway,147,175 St (A),Manhattan,21.0
2023-12-27 12:00:00,subway,264,"Woodhaven Blvd (M,R)",Queens,55.0
2023-12-27 12:00:00,subway,264,"Woodhaven Blvd (M,R)",Queens,1.0
2023-12-27 12:00:00,subway,284,Nassau Av (G),Brooklyn,11.0
2023-12-27 12:00:00,subway,283,Greenpoint Av (G),Brooklyn,5.0
2023-12-27 12:00:00,subway,28,Union St (R),Brooklyn,16.0
2023-12-27 12:00:00,subway,28,Union St (R),Brooklyn,9.0
2023-12-27 12:00:00,subway,28,Union St (R),Brooklyn,36.0
2023-12-27 12:00:00,subway,385,176 St (4),Bronx,6.0
2023-12-27 12:00:00,subway,387,170 St (4),Bronx,17.0
2023-12-27 12:00:00,subway,214,"182-183 Sts (B,D)",Bronx,5.0
2023-12-27 12:00:00,subway,217,"170 St (B,D)",Bronx,49.0
2023-12-27 12:00:00,subway,283,Greenpoint Av (G),Brooklyn,43.0
2023-12-27 12:00:00,subway,223,"Lexington Av/63 St (F,Q)",Manhattan,10.0
2023-12-27 12:00:00,subway,222,Roosevelt Island (F),Manhattan,6.0
2023-12-27 12:00:00,subway,260,"75 Av (E,F)",Queens,4.0
2023-12-27 12:00:00,subway,249,Avenue P (F),Brooklyn,3.0
2023-12-27 12:00:00,subway,251,Avenue U (F),Brooklyn,8.0
2023-12-27 12:00:00,subway,243,"Church Av (F,G)",Brooklyn,53.0
2023-12-27 12:00:00,subway,240,"7 Av (F,G)",Brooklyn,208.0
2023-12-27 12:00:00,subway,237,"Carroll St (F,G)",Brooklyn,58.0
2023-12-27 12:00:00,subway,243,"Church Av (F,G)",Brooklyn,18.0
2023-12-27 12:00:00,subway,261,"Forest Hills-71 Av (E,F,M,R)",Queens,75.0
2023-12-27 13:00:00,subway,217,"170 St (B,D)",Bronx,16.0
2023-12-27 13:00:00,subway,231,"Grand St (B,D)",Manhattan,59.0
2023-12-27 13:00:00,subway,235,York St (F),Brooklyn,1.0
2023-12-27 13:00:00,subway,238,"Smith-9 Sts (F,G)",Brooklyn,5.0
2023-12-27 13:00:00,subway,240,"7 Av (F,G)",Brooklyn,11.0
2023-12-27 13:00:00,subway,240,"7 Av (F,G)",Brooklyn,18.0
2023-12-27 13:00:00,subway,244,Ditmas Av (F),Brooklyn,14.0
2023-12-27 13:00:00,subway,31,25 St (R),Brooklyn,6.0
2023-12-27 13:00:00,subway,323,Christopher St-Sheridan Sq (1),Manhattan,6.0
2023-12-27 13:00:00,subway,32,"36 St (D,N,R)",Brooklyn,15.0
2023-12-27 13:00:00,subway,309,103 St (1),Manhattan,49.0
2023-12-27 13:00:00,subway,306,125 St (1),Manhattan,2.0
2023-12-27 13:00:00,subway,304,145 St (1),Manhattan,22.0
2023-12-27 13:00:00,subway,304,145 St (1),Manhattan,24.0
2023-12-27 13:00:00,subway,213,"Fordham Rd (B,D)",Bronx,15.0
2023-12-27 13:00:00,subway,303,157 St (1),Manhattan,52.0
2023-12-27 13:00:00,subway,247,Bay Pkwy (F),Brooklyn,1.0
2023-12-27 13:00:00,subway,212,"Kingsbridge Rd (B,D)",Bronx,67.0
2023-12-27 13:00:00,subway,154,"116 St (C,B)",Manhattan,15.0
2023-12-27 13:00:00,subway,203,"Rockaway Park-Beach 116 St (A,S)",Queens,11.0
2023-12-27 13:00:00,subway,301,181 St (1),Manhattan,24.0
2023-12-27 13:00:00,staten_island_railway,502,Tompkinsville (SIR),Staten Island,2.0
2023-12-27 13:00:00,subway,114,Central Av (M),Brooklyn,1.0
2023-12-27 13:00:00,subway,114,Central Av (M),Brooklyn,3.0
2023-12-27 13:00:00,subway,120,Bedford Av (L),Brooklyn,20.0
2023-12-27 13:00:00,subway,122,Graham Av (L),Brooklyn,4.0
2023-12-27 13:00:00,subway,122,Graham Av (L),Brooklyn,1.0
2023-12-27 13:00:00,subway,127,DeKalb Av (L),Brooklyn,187.0
2023-12-27 13:00:00,subway,146,181 St (A),Manhattan,21.0
2023-12-27 13:00:00,subway,16,"8 St-NYU (R,W)",Manhattan,22.0
2023-12-27 13:00:00,subway,160,"72 St (C,B)",Manhattan,7.0
2023-12-27 13:00:00,subway,164,"34 St-Penn Station (A,C,E)",Manhattan,630.0
2023-12-27 13:00:00,subway,173,"High St (A,C)",Brooklyn,13.0
2023-12-27 13:00:00,subway,175,"Hoyt-Schermerhorn Sts (A,C,G)",Brooklyn,21.0
2023-12-27 13:00:00,subway,181,"Utica Av (A,C)",Brooklyn,177.0
2023-12-27 13:00:00,subway,192,Rockaway Blvd (A),Queens,5.0
2023-12-27 13:00:00,subway,203,"Rockaway Park-Beach 116 St (A,S)",Queens,2.0
2023-12-27 13:00:00,subway,206,Beach 44 St (A),Queens,3.0
2023-12-27 13:00:00,subway,291,Clinton-Washington Avs (G),Brooklyn,91.0
2023-12-27 13:00:00,subway,343,Nostrand Av (3),Brooklyn,11.0
2023-12-27 13:00:00,subway,28,Union St (R),Brooklyn,93.0
2023-12-27 13:00:00,subway,289,Bedford-Nostrand Avs (G),Brooklyn,174.0
2023-12-27 13:00:00,subway,292,Fulton St (G),Brooklyn,79.0
2023-12-27 13:00:00,subway,293,Van Cortlandt Park-242 St (1),Bronx,5.0
2023-12-27 13:00:00,subway,294,238 St (1),Bronx,7.0
2023-12-27 13:00:00,subway,30,Prospect Av (R),Brooklyn,4.0
2023-12-27 13:00:00,subway,30,Prospect Av (R),Brooklyn,3.0
2023-12-27 13:00:00,subway,303,157 St (1),Manhattan,26.0
2023-12-27 13:00:00,subway,314,66 St-Lincoln Center (1),Manhattan,59.0
2023-12-27 13:00:00,subway,321,18 St (1),Manhattan,3.0
2023-12-27 13:00:00,subway,324,Houston St (1),Manhattan,20.0
2023-12-27 13:00:00,subway,325,Canal St (1),Manhattan,11.0
2023-12-27 13:00:00,subway,333,"Wall St (2,3)",Manhattan,105.0
2023-12-27 13:00:00,subway,333,"Wall St (2,3)",Manhattan,2.0
2023-12-27 13:00:00,subway,334,"Clark St (2,3)",Brooklyn,11.0
2023-12-27 13:00:00,subway,343,Nostrand Av (3),Brooklyn,7.0
2023-12-27 13:00:00,subway,347,Saratoga Av (3),Brooklyn,6.0
2023-12-27 13:00:00,subway,349,Junius St (3),Brooklyn,11.0
2023-12-27 13:00:00,subway,357,"Beverly Rd (2,5)",Brooklyn,8.0
2023-12-27 13:00:00,subway,363,Westchester Sq-E Tremont Av (6),Bronx,3.0
2023-12-27 13:00:00,subway,367,St Lawrence Av (6),Bronx,22.0
2023-12-27 13:00:00,subway,37,77 St (R),Brooklyn,37.0
2023-12-27 13:00:00,subway,370,Whitlock Av (6),Bronx,1.0
2023-12-27 13:00:00,subway,371,Hunts Point Av (6),Bronx,49.0
2023-12-27 13:00:00,subway,372,Longwood Av (6),Bronx,45.0
2023-12-27 13:00:00,subway,373,E 149 St (6),Bronx,6.0
2023-12-27 13:00:00,subway,287,Flushing Av (G),Brooklyn,2.0
2023-12-27 13:00:00,subway,376,Brook Av (6),Bronx,1.0
2023-12-27 13:00:00,subway,287,Flushing Av (G),Brooklyn,5.0
2023-12-27 13:00:00,subway,261,"Forest Hills-71 Av (E,F,M,R)",Queens,6.0
2023-12-27 13:00:00,subway,114,Central Av (M),Brooklyn,5.0
2023-12-27 13:00:00,subway,125,Morgan Av (L),Brooklyn,12.0
2023-12-27 13:00:00,subway,129,Halsey St (L),Queens,128.0
2023-12-27 13:00:00,subway,130,Wilson Av (L),Brooklyn,15.0
2023-12-27 13:00:00,subway,136,New Lots Av (L),Brooklyn,10.0
2023-12-27 13:00:00,subway,137,East 105 St (L),Brooklyn,6.0
2023-12-27 13:00:00,subway,149,163 St-Amsterdam Av (C),Manhattan,14.0
2023-12-27 13:00:00,subway,152,"135 St (C,B)",Manhattan,80.0
2023-12-27 13:00:00,subway,169,"Canal St (A,C,E)",Manhattan,13.0
2023-12-27 13:00:00,subway,180,Kingston-Throop Avs (C),Brooklyn,14.0
2023-12-27 13:00:00,subway,195,Ozone Park-Lefferts Blvd (A),Queens,6.0
2023-12-27 13:00:00,subway,195,Ozone Park-Lefferts Blvd (A),Queens,13.0
2023-12-27 13:00:00,subway,196,Aqueduct Racetrack (A),Queens,6.0
2023-12-27 13:00:00,subway,198,Howard Beach-JFK Airport (A),Queens,30.0
2023-12-27 13:00:00,subway,201,"Beach 98 St (A,S)",Queens,1.0
2023-12-27 13:00:00,subway,209,Far Rockaway-Mott Av (A),Queens,8.0
2023-12-27 13:00:00,subway,22,"Rector St (R,W)",Manhattan,142.0
2023-12-27 13:00:00,subway,228,"23 St (F,M)",Manhattan,22.0
2023-12-27 13:00:00,subway,234,East Broadway (F),Manhattan,51.0
2023-12-27 13:00:00,subway,235,York St (F),Brooklyn,103.0
2023-12-27 13:00:00,subway,236,"Bergen St (F,G)",Brooklyn,22.0
2023-12-27 13:00:00,subway,243,"Church Av (F,G)",Brooklyn,113.0
2023-12-27 13:00:00,subway,253,Neptune Av (F),Brooklyn,1.0
2023-12-27 13:00:00,subway,26,"DeKalb Av (B,Q,R)",Brooklyn,4.0
2023-12-27 13:00:00,subway,261,"Forest Hills-71 Av (E,F,M,R)",Queens,65.0
2023-12-27 13:00:00,subway,278,"Jamaica Center-Parsons/Archer (E,J,Z)",Queens,42.0
2023-12-27 13:00:00,subway,377,3 Av-138 St (6),Bronx,22.0
2023-12-27 13:00:00,subway,380,Bedford Park Blvd-Lehman College (4),Bronx,7.0
2023-12-27 13:00:00,subway,384,Burnside Av (4),Bronx,25.0
2023-12-27 13:00:00,subway,615,New Utrecht Av (N)/62 St (D),Brooklyn,34.0
2023-12-27 13:00:00,subway,616,"74-Broadway (7)/Jackson Hts-Roosevelt Av (E,F,M,R)",Queens,270.0
2023-12-27 13:00:00,subway,619,"Broadway-Lafayette St (B,D,F,M)/Bleecker St (6)",Manhattan,47.0
2023-12-27 13:00:00,subway,62,55 St (D),Brooklyn,7.0
2023-12-27 13:00:00,subway,622,"Brooklyn Bridge-City Hall (4,5,6)/Chambers St (J,Z)",Manhattan,23.0
2023-12-27 13:00:00,subway,624,"Chambers St (A,C)/WTC (E)/Park Pl (2,3)/Cortlandt (R,W)",Manhattan,4.0
2023-12-27 13:00:00,subway,628,"Fulton St (A,C,J,Z,2,3,4,5)",Manhattan,561.0
2023-12-27 13:00:00,subway,630,"Myrtle-Wyckoff Avs (L,M)",Brooklyn,43.0
2023-12-27 13:00:00,subway,636,"Jay St-MetroTech (A,C,F,R)",Brooklyn,42.0
2023-12-27 13:00:00,subway,75,20 Av (N),Brooklyn,6.0
2023-12-27 13:00:00,subway,77,Kings Hwy (N),Brooklyn,34.0
2023-12-27 13:00:00,subway,8,"5 Av/59 St (N,R,W)",Manhattan,15.0
2023-12-27 13:00:00,subway,85,"75 St-Elderts Ln (J,Z)",Queens,1.0
2023-12-27 13:00:00,subway,87,"Crescent St (J,Z)",Brooklyn,4.0
2023-12-27 13:00:00,subway,88,"Norwood Av (J,Z)",Brooklyn,6.0
2023-12-27 13:00:00,subway,97,"Myrtle Av (M,J,Z)",Brooklyn,56.0
2023-12-27 13:00:00,subway,100,"Hewes St (M,J)",Brooklyn,5.0
2023-12-27 13:00:00,subway,10,"49 St (N,R,W)",Manhattan,1.0
2023-12-27 13:00:00,staten_island_railway,501,St George (SIR),Staten Island,10.0
2023-12-27 13:00:00,subway,26,"DeKalb Av (B,Q,R)",Brooklyn,16.0
2023-12-27 13:00:00,subway,257,Sutphin Blvd (F),Queens,41.0
2023-12-27 13:00:00,subway,256,Parsons Blvd (F),Queens,6.0
2023-12-27 13:00:00,subway,254,Jamaica-179 St (F),Queens,21.0
2023-12-27 13:00:00,subway,28,Union St (R),Brooklyn,3.0
2023-12-27 13:00:00,subway,28,Union St (R),Brooklyn,8.0
2023-12-27 13:00:00,subway,610,"Grand Central-42 St (S,4,5,6,7)",Manhattan,81.0
2023-12-27 13:00:00,subway,608,"4 Av (F,G)/9 St (R)",Brooklyn,21.0
2023-12-27 13:00:00,subway,608,"4 Av (F,G)/9 St (R)",Brooklyn,8.0
2023-12-27 13:00:00,subway,59,9 Av (D),Brooklyn,21.0
2023-12-27 13:00:00,subway,385,176 St (4),Bronx,24.0
2023-12-27 13:00:00,subway,385,176 St (4),Bronx,47.0
2023-12-27 13:00:00,subway,387,170 St (4),Bronx,8.0
2023-12-27 13:00:00,subway,396,96 St (6),Manhattan,15.0
2023-12-27 13:00:00,subway,397,"86 St (4,5,6)",Manhattan,114.0
2023-12-27 13:00:00,subway,403,33 St (6),Manhattan,63.0
2023-12-27 13:00:00,subway,405,23 St (6),Manhattan,79.0
2023-12-27 13:00:00,subway,416,Wakefield-241 St (2),Bronx,33.0
2023-12-27 13:00:00,subway,422,"Burke Av (2,5)",Bronx,1.0
2023-12-27 13:00:00,subway,423,"Allerton Av (2,5)",Bronx,7.0
2023-12-27 13:00:00,subway,428,"174 St (2,5)",Bronx,14.0
2023-12-27 13:00:00,subway,429,"Freeman St (2,5)",Bronx,24.0
2023-12-27 13:00:00,subway,291,Clinton-Washington Avs (G),Brooklyn,2.0
2023-12-27 13:00:00,subway,430,"Simpson St (2,5)",Bronx,4.0
2023-12-27 13:00:00,subway,431,"Intervale Av (2,5)",Bronx,13.0
2023-12-27 13:00:00,subway,445,Pelham Pkwy (5),Bronx,2.0
2023-12-27 13:00:00,subway,448,Mets-Willets Point (7),Queens,27.0
2023-12-27 13:00:00,subway,450,103 St-Corona Plaza (7),Queens,23.0
2023-12-27 13:00:00,subway,456,61 St-Woodside (7),Queens,231.0
2023-12-27 13:00:00,subway,471,34 St-Hudson Yards (7),Manhattan,202.0
2023-12-27 13:00:00,subway,475,96 St (Q),Manhattan,24.0
2023-12-27 13:00:00,subway,475,96 St (Q),Manhattan,36.0
2023-12-27 13:00:00,subway,48,Avenue H (Q),Brooklyn,10.0
2023-12-27 13:00:00,subway,51,"Kings Hwy (B,Q)",Brooklyn,26.0
2023-12-27 13:00:00,subway,56,Ocean Pkwy (Q),Brooklyn,9.0
2023-12-27 13:00:00,subway,58,"Coney Island-Stillwell Av (D,F,N,Q)",Brooklyn,68.0
2023-12-27 13:00:00,subway,431,"Intervale Av (2,5)",Bronx,1.0
2023-12-27 13:00:00,subway,392,"125 St (4,5,6)",Manhattan,3.0
2023-12-27 13:00:00,subway,42,"Prospect Park (B,Q,S)",Brooklyn,5.0
2023-12-27 13:00:00,subway,95,"Gates Av (J,Z)",Brooklyn,8.0
2023-12-27 13:00:00,subway,395,103 St (6),Manhattan,32.0
2023-12-27 13:00:00,subway,398,77 St (6),Manhattan,183.0
2023-12-27 13:00:00,subway,399,68 St-Hunter College (6),Manhattan,12.0
2023-12-27 13:00:00,subway,399,68 St-Hunter College (6),Manhattan,45.0
2023-12-27 13:00:00,subway,407,Astor Pl (6),Manhattan,12.0
2023-12-27 13:00:00,subway,407,Astor Pl (6),Manhattan,4.0
2023-12-27 13:00:00,subway,41,"7 Av (B,Q)",Brooklyn,8.0
2023-12-27 13:00:00,subway,431,"Intervale Av (2,5)",Bronx,7.0
2023-12-27 13:00:00,subway,434,"3 Av-149 St (2,5)",Bronx,40.0
2023-12-27 13:00:00,subway,438,"135 St (2,3)",Manhattan,62.0
2023-12-27 13:00:00,subway,438,"135 St (2,3)",Manhattan,117.0
2023-12-27 13:00:00,subway,440,"116 St (2,3)",Manhattan,16.0
2023-12-27 13:00:00,subway,442,Eastchester-Dyre Av (5),Bronx,16.0
2023-12-27 13:00:00,subway,442,Eastchester-Dyre Av (5),Bronx,2.0
2023-12-27 13:00:00,subway,449,111 St (7),Queens,15.0
2023-12-27 13:00:00,subway,450,103 St-Corona Plaza (7),Queens,26.0
2023-12-27 13:00:00,subway,453,82 St-Jackson Hts (7),Queens,1.0
2023-12-27 13:00:00,subway,459,40 St-Lowery St (7),Queens,38.0
2023-12-27 13:00:00,subway,46,Cortelyou Rd (Q),Brooklyn,13.0
2023-12-27 13:00:00,subway,471,34 St-Hudson Yards (7),Manhattan,20.0
2023-12-27 13:00:00,subway,5,"36 Av (N,W)",Queens,20.0
2023-12-27 13:00:00,subway,393,116 St (6),Manhattan,21.0
2023-12-27 13:00:00,subway,54,"Sheepshead Bay (B,Q)",Brooklyn,40.0
2023-12-27 13:00:00,subway,381,Kingsbridge Rd (4),Bronx,15.0
2023-12-27 13:00:00,subway,374,E 143 St-St Mary's St (6),Bronx,1.0
2023-12-27 13:00:00,subway,135,Livonia Av (L),Brooklyn,10.0
2023-12-27 13:00:00,subway,135,Livonia Av (L),Brooklyn,15.0
2023-12-27 13:00:00,subway,113,Knickerbocker Av (M),Brooklyn,3.0
2023-12-27 13:00:00,subway,109,Fresh Pond Rd (M),Queens,12.0
2023-12-27 13:00:00,subway,108,Middle Village-Metropolitan Av (M),Queens,7.0
2023-12-27 13:00:00,subway,10,"49 St (N,R,W)",Manhattan,22.0
2023-12-27 13:00:00,subway,1,"Astoria-Ditmars Blvd (N,W)",Queens,18.0
2023-12-27 13:00:00,subway,1,"Astoria-Ditmars Blvd (N,W)",Queens,23.0
2023-12-27 13:00:00,staten_island_railway,502,Tompkinsville (SIR),Staten Island,4.0
2023-12-27 13:00:00,subway,324,Houston St (1),Manhattan,12.0
2023-12-27 13:00:00,subway,328,WTC Cortlandt (1),Manhattan,4.0
2023-12-27 13:00:00,subway,329,Rector St (1),Manhattan,12.0
2023-12-27 13:00:00,subway,340,"Grand Army Plaza (2,3)",Brooklyn,31.0
2023-12-27 13:00:00,subway,345,"Crown Hts-Utica Av (3,4)",Brooklyn,47.0
2023-12-27 13:00:00,subway,350,Pennsylvania Av (3),Brooklyn,5.0
2023-12-27 13:00:00,subway,359,"Flatbush Av-Brooklyn College (2,5)",Brooklyn,27.0
2023-12-27 13:00:00,subway,363,Westchester Sq-E Tremont Av (6),Bronx,6.0
2023-12-27 13:00:00,subway,368,Morrison Av-Soundview (6),Bronx,11.0
2023-12-27 13:00:00,subway,370,Whitlock Av (6),Bronx,17.0
2023-12-27 13:00:00,subway,371,Hunts Point Av (6),Bronx,19.0
2023-12-27 13:00:00,subway,372,Longwood Av (6),Bronx,8.0
2023-12-27 13:00:00,subway,377,3 Av-138 St (6),Bronx,21.0
2023-12-27 13:00:00,subway,136,New Lots Av (L),Brooklyn,8.0
2023-12-27 13:00:00,subway,604,"161 St-Yankee Stadium (B,D,4)",Bronx,32.0
2023-12-27 13:00:00,subway,610,"Grand Central-42 St (S,4,5,6,7)",Manhattan,64.0
2023-12-27 13:00:00,subway,278,"Jamaica Center-Parsons/Archer (E,J,Z)",Queens,73.0
2023-12-27 13:00:00,subway,290,Classon Av (G),Brooklyn,1.0
2023-12-27 13:00:00,subway,291,Clinton-Washington Avs (G),Brooklyn,3.0
2023-12-27 13:00:00,subway,291,Clinton-Washington Avs (G),Brooklyn,17.0
2023-12-27 13:00:00,subway,319,28 St (1),Manhattan,47.0
2023-12-27 13:00:00,subway,354,"Sterling St (2,5)",Brooklyn,6.0
2023-12-27 13:00:00,subway,365,Castle Hill Av (6),Bronx,16.0
2023-12-27 13:00:00,subway,387,170 St (4),Bronx,50.0
2023-12-27 13:00:00,subway,388,167 St (4),Bronx,18.0
2023-12-27 13:00:00,subway,428,"174 St (2,5)",Bronx,17.0
2023-12-27 13:00:00,subway,432,"Prospect Av (2,5)",Bronx,3.0
2023-12-27 13:00:00,subway,444,Gun Hill Rd (5),Bronx,6.0
2023-12-27 13:00:00,subway,46,Cortelyou Rd (Q),Brooklyn,88.0
2023-12-27 13:00:00,subway,460,33 St-Rawson St (7),Queens,6.0
2023-12-27 13:00:00,subway,6,"39 Av-Dutch Kills (N,W)",Queens,8.0
2023-12-27 13:00:00,subway,636,"Jay St-MetroTech (A,C,F,R)",Brooklyn,53.0
2023-12-27 13:00:00,subway,67,20 Av (D),Brooklyn,9.0
2023-12-27 13:00:00,subway,8,"5 Av/59 St (N,R,W)",Manhattan,38.0
2023-12-27 13:00:00,subway,89,Cleveland St (J),Brooklyn,6.0
2023-12-27 13:00:00,subway,94,Halsey St (J),Brooklyn,6.0
2023-12-27 13:00:00,subway,97,"Myrtle Av (M,J,Z)",Brooklyn,20.0
2023-12-27 13:00:00,subway,259,"Kew Gardens-Union Tpke (E,F)",Queens,56.0
2023-12-27 13:00:00,subway,604,"161 St-Yankee Stadium (B,D,4)",Bronx,247.0
2023-12-27 13:00:00,subway,255,169 St (F),Queens,1.0
2023-12-27 13:00:00,subway,225,"47-50 Sts-Rockefeller Ctr (B,D,F,M)",Manhattan,41.0
2023-12-27 13:00:00,subway,612,"Lexington Av-53 St (E,M)/51 St (6)",Manhattan,111.0
2023-12-27 13:00:00,subway,613,"Lexington Av (N,R,W)/59 St (4,5,6)",Manhattan,104.0
2023-12-27 13:00:00,subway,62,55 St (D),Brooklyn,6.0
2023-12-27 13:00:00,subway,621,"Broadway Junction (A,C,J,L,Z)",Brooklyn,19.0
2023-12-27 13:00:00,subway,69,25 Av (D),Brooklyn,5.0
2023-12-27 13:00:00,subway,71,8 Av (N),Brooklyn,47.0
2023-12-27 13:00:00,subway,72,Fort Hamilton Pkwy (N),Brooklyn,4.0
2023-12-27 13:00:00,subway,75,20 Av (N),Brooklyn,9.0
2023-12-27 13:00:00,subway,86,Cypress Hills (J),Brooklyn,7.0
2023-12-27 13:00:00,subway,9,"57 St-7 Av (N,Q,R,W)",Manhattan,67.0
2023-12-27 13:00:00,subway,95,"Gates Av (J,Z)",Brooklyn,4.0
2023-12-27 13:00:00,subway,99,"Lorimer St (M,J)",Brooklyn,9.0
2023-12-27 13:00:00,subway,107,"Broad St (J,Z)",Manhattan,17.0
2023-12-27 13:00:00,subway,107,"Broad St (J,Z)",Manhattan,37.0
2023-12-27 13:00:00,subway,108,Middle Village-Metropolitan Av (M),Queens,8.0
2023-12-27 13:00:00,subway,113,Knickerbocker Av (M),Brooklyn,5.0
2023-12-27 13:00:00,subway,136,New Lots Av (L),Brooklyn,16.0
2023-12-27 13:00:00,subway,156,"103 St (C,B)",Manhattan,18.0
2023-12-27 13:00:00,subway,191,88 St (A),Queens,2.0
2023-12-27 13:00:00,subway,220,"155 St (B,D)",Manhattan,14.0
2023-12-27 13:00:00,subway,221,21 St-Queensbridge (F),Queens,8.0
2023-12-27 13:00:00,subway,234,East Broadway (F),Manhattan,48.0
2023-12-27 13:00:00,subway,157,"96 St (C,B)",Manhattan,3.0
2023-12-27 13:00:00,subway,16,"8 St-NYU (R,W)",Manhattan,5.0
2023-12-27 13:00:00,subway,16,"8 St-NYU (R,W)",Manhattan,99.0
2023-12-27 13:00:00,subway,47,"Newkirk Plaza (B,Q)",Brooklyn,15.0
2023-12-27 13:00:00,subway,461,"Queensboro Plaza (7,N,W)",Queens,9.0
2023-12-27 13:00:00,subway,455,69 St (7),Queens,19.0
2023-12-27 13:00:00,subway,453,82 St-Jackson Hts (7),Queens,22.0
2023-12-27 13:00:00,subway,452,90 St-Elmhurst Av (7),Queens,57.0
2023-12-27 13:00:00,subway,442,Eastchester-Dyre Av (5),Bronx,4.0
2023-12-27 13:00:00,subway,439,"125 St (2,3)",Manhattan,185.0
2023-12-27 13:00:00,subway,430,"Simpson St (2,5)",Bronx,5.0
2023-12-27 13:00:00,subway,425,"Bronx Park East (2,5)",Bronx,17.0
2023-12-27 13:00:00,subway,42,"Prospect Park (B,Q,S)",Brooklyn,19.0
2023-12-27 13:00:00,subway,109,Fresh Pond Rd (M),Queens,15.0
2023-12-27 13:00:00,subway,414,"Bowling Green (4,5)",Manhattan,173.0
2023-12-27 13:00:00,subway,41,"7 Av (B,Q)",Brooklyn,17.0
2023-12-27 13:00:00,subway,405,23 St (6),Manhattan,4.0
2023-12-27 13:00:00,subway,397,"86 St (4,5,6)",Manhattan,221.0
2023-12-27 13:00:00,subway,397,"86 St (4,5,6)",Manhattan,30.0
2023-12-27 13:00:00,subway,388,167 St (4),Bronx,40.0
2023-12-27 13:00:00,subway,381,Kingsbridge Rd (4),Bronx,94.0
2023-12-27 13:00:00,subway,380,Bedford Park Blvd-Lehman College (4),Bronx,11.0
2023-12-27 13:00:00,subway,380,Bedford Park Blvd-Lehman College (4),Bronx,6.0
2023-12-27 13:00:00,subway,354,"Sterling St (2,5)",Brooklyn,16.0
2023-12-27 13:00:00,subway,49,Avenue J (Q),Brooklyn,1.0
2023-12-27 13:00:00,subway,351,Van Siclen Av (3),Brooklyn,20.0
2023-12-27 13:00:00,subway,5,"36 Av (N,W)",Queens,11.0
2023-12-27 13:00:00,subway,55,"Brighton Beach (B,Q)",Brooklyn,25.0
2023-12-27 13:00:00,subway,94,Halsey St (J),Brooklyn,13.0
2023-12-27 13:00:00,subway,84,85 St-Forest Pkwy (J),Queens,14.0
2023-12-27 13:00:00,subway,82,"104 St (J,Z)",Queens,1.0
2023-12-27 13:00:00,subway,80,"121 St (J,Z)",Queens,8.0
2023-12-27 13:00:00,subway,71,8 Av (N),Brooklyn,33.0
2023-12-27 13:00:00,subway,70,Bay 50 St (D),Brooklyn,12.0
2023-12-27 13:00:00,subway,66,18 Av (D),Brooklyn,19.0
2023-12-27 13:00:00,subway,636,"Jay St-MetroTech (A,C,F,R)",Brooklyn,2.0
2023-12-27 13:00:00,subway,627,"Franklin Av (C,S)",Brooklyn,30.0
2023-12-27 13:00:00,subway,626,"Franklin Av (2,3,4,5)/Botanic Garden (S)",Brooklyn,35.0
2023-12-27 13:00:00,subway,624,"Chambers St (A,C)/WTC (E)/Park Pl (2,3)/Cortlandt (R,W)",Manhattan,41.0
2023-12-27 13:00:00,subway,620,"Court St (R)/Borough Hall (2,3,4,5)",Brooklyn,31.0
2023-12-27 13:00:00,subway,618,"14 St (A,C,E)/8 Av (L)",Manhattan,231.0
2023-12-27 13:00:00,subway,617,"Atlantic Av-Barclays Ctr (B,D,N,Q,R,2,3,4,5)",Brooklyn,96.0
2023-12-27 13:00:00,subway,611,"Times Sq-42 St (N,Q,R,W,S,1,2,3,7)/42 St (A,C,E)",Manhattan,287.0
2023-12-27 13:00:00,subway,610,"Grand Central-42 St (S,4,5,6,7)",Manhattan,141.0
2023-12-27 13:00:00,subway,61,50 St (D),Brooklyn,6.0
2023-12-27 13:00:00,subway,604,"161 St-Yankee Stadium (B,D,4)",Bronx,51.0
2023-12-27 13:00:00,subway,603,"149 St-Grand Concourse (2,4,5)",Bronx,30.0
2023-12-27 13:00:00,subway,60,Fort Hamilton Pkwy (D),Brooklyn,11.0
2023-12-27 13:00:00,subway,6,"39 Av-Dutch Kills (N,W)",Queens,3.0
2023-12-27 13:00:00,subway,50,Avenue M (Q),Brooklyn,10.0
2023-12-27 13:00:00,subway,349,Junius St (3),Brooklyn,27.0
2023-12-27 13:00:00,subway,347,Saratoga Av (3),Brooklyn,9.0
2023-12-27 13:00:00,subway,343,Nostrand Av (3),Brooklyn,6.0
2023-12-27 13:00:00,subway,246,Avenue I (F),Brooklyn,4.0
2023-12-27 13:00:00,subway,236,"Bergen St (F,G)",Brooklyn,13.0
2023-12-27 13:00:00,subway,228,"23 St (F,M)",Manhattan,16.0
2023-12-27 13:00:00,subway,224,57 St (F),Manhattan,1.0
2023-12-27 13:00:00,subway,222,Roosevelt Island (F),Manhattan,5.0
2023-12-27 13:00:00,subway,218,"167 St (B,D)",Bronx,18.0
2023-12-27 13:00:00,subway,217,"170 St (B,D)",Bronx,15.0
2023-12-27 13:00:00,subway,213,"Fordham Rd (B,D)",Bronx,47.0
2023-12-27 13:00:00,subway,211,"Bedford Park Blvd (B,D)",Bronx,46.0
2023-12-27 13:00:00,subway,207,Beach 36 St (A),Queens,3.0
2023-12-27 13:00:00,subway,203,"Rockaway Park-Beach 116 St (A,S)",Queens,2.0
2023-12-27 13:00:00,subway,203,"Rockaway Park-Beach 116 St (A,S)",Queens,6.0
2023-12-27 13:00:00,subway,200,"Beach 90 St (A,S)",Queens,3.0
2023-12-27 13:00:00,subway,2,"Astoria Blvd (N,W)",Queens,32.0
2023-12-27 13:00:00,subway,189,Grant Av (A),Brooklyn,13.0
2023-12-27 13:00:00,subway,186,Van Siclen Av (C),Brooklyn,1.0
2023-12-27 13:00:00,subway,186,Van Siclen Av (C),Brooklyn,4.0
2023-12-27 13:00:00,subway,180,Kingston-Throop Avs (C),Brooklyn,28.0
2023-12-27 13:00:00,subway,167,"W 4 St-Wash Sq (A,C,E,B,D,F,M)",Manhattan,42.0
2023-12-27 13:00:00,subway,162,"50 St (C,E)",Manhattan,15.0
2023-12-27 13:00:00,subway,160,"72 St (C,B)",Manhattan,330.0
2023-12-27 13:00:00,subway,248,Avenue N (F),Brooklyn,6.0
2023-12-27 13:00:00,subway,254,Jamaica-179 St (F),Queens,144.0
2023-12-27 13:00:00,subway,254,Jamaica-179 St (F),Queens,29.0
2023-12-27 13:00:00,subway,254,Jamaica-179 St (F),Queens,75.0
2023-12-27 13:00:00,subway,339,"Bergen St (2,3)",Brooklyn,6.0
2023-12-27 13:00:00,subway,334,"Clark St (2,3)",Brooklyn,2.0
2023-12-27 13:00:00,subway,333,"Wall St (2,3)",Manhattan,5.0
2023-12-27 13:00:00,subway,313,"72 St (1,2,3)",Manhattan,33.0
2023-12-27 13:00:00,subway,311,86 St (1),Manhattan,62.0
2023-12-27 13:00:00,subway,31,25 St (R),Brooklyn,3.0
2023-12-27 13:00:00,subway,309,103 St (1),Manhattan,45.0
2023-12-27 13:00:00,subway,308,Cathedral Pkwy (110 St) (1),Manhattan,43.0
2023-12-27 13:00:00,subway,308,Cathedral Pkwy (110 St) (1),Manhattan,17.0
2023-12-27 13:00:00,subway,295,231 St (1),Bronx,32.0
2023-12-27 13:00:00,subway,98,"Flushing Av (M,J)",Brooklyn,17.0
2023-12-27 13:00:00,subway,292,Fulton St (G),Brooklyn,14.0
2023-12-27 13:00:00,subway,290,Classon Av (G),Brooklyn,1.0
2023-12-27 13:00:00,subway,289,Bedford-Nostrand Avs (G),Brooklyn,19.0
2023-12-27 13:00:00,subway,287,Flushing Av (G),Brooklyn,2.0
2023-12-27 13:00:00,subway,279,"Sutphin Blvd-Archer Av-JFK Airport (E,J,Z)",Queens,405.0
2023-12-27 13:00:00,subway,277,"7 Av (E,B,D)",Manhattan,7.0
2023-12-27 13:00:00,subway,273,"Queens Plaza (E,M,R)",Queens,19.0
2023-12-27 13:00:00,subway,262,"67 Av (M,R)",Queens,41.0
2023-12-27 13:00:00,subway,26,"DeKalb Av (B,Q,R)",Brooklyn,87.0
2023-12-27 13:00:00,subway,259,"Kew Gardens-Union Tpke (E,F)",Queens,36.0
2023-12-27 13:00:00,subway,257,Sutphin Blvd (F),Queens,32.0
2023-12-27 13:00:00,subway,292,Fulton St (G),Brooklyn,4.0
2023-12-27 13:00:00,subway,103,"Bowery (J,Z)",Manhattan,13.0
2023-12-27 14:00:00,subway,351,Van Siclen Av (3),Brooklyn,3.0
2023-12-27 14:00:00,subway,183,Rockaway Av (C),Brooklyn,91.0
2023-12-27 14:00:00,subway,97,"Myrtle Av (M,J,Z)",Brooklyn,22.0
2023-12-27 14:00:00,subway,99,"Lorimer St (M,J)",Brooklyn,8.0
2023-12-27 14:00:00,subway,162,"50 St (C,E)",Manhattan,12.0
2023-12-27 14:00:00,subway,160,"72 St (C,B)",Manhattan,109.0
2023-12-27 14:00:00,subway,157,"96 St (C,B)",Manhattan,1.0
2023-12-27 14:00:00,subway,153,"125 St (A,C,B,D)",Manhattan,43.0
2023-12-27 14:00:00,subway,143,Inwood-207 St (A),Manhattan,32.0
2023-12-27 14:00:00,subway,138,Canarsie-Rockaway Pkwy (L),Brooklyn,9.0
2023-12-27 14:00:00,subway,129,Halsey St (L),Queens,13.0
2023-12-27 14:00:00,subway,127,DeKalb Av (L),Brooklyn,19.0
2023-12-27 14:00:00,subway,126,Jefferson St (L),Brooklyn,52.0
2023-12-27 14:00:00,subway,103,"Bowery (J,Z)",Manhattan,14.0
2023-12-27 14:00:00,subway,103,"Bowery (J,Z)",Manhattan,6.0
2023-12-27 14:00:00,subway,10,"49 St (N,R,W)",Manhattan,573.0
2023-12-27 14:00:00,staten_island_railway,501,St George (SIR),Staten Island,7.0
2023-12-27 14:00:00,subway,97,"Myrtle Av (M,J,Z)",Brooklyn,13.0
2023-12-27 14:00:00,subway,98,"Flushing Av (M,J)",Brooklyn,19.0
2023-12-27 14:00:00,subway,94,Halsey St (J),Brooklyn,12.0
2023-12-27 14:00:00,subway,89,Cleveland St (J),Brooklyn,4.0
2023-12-27 14:00:00,subway,615,New Utrecht Av (N)/62 St (D),Brooklyn,10.0
2023-12-27 14:00:00,subway,616,"74-Broadway (7)/Jackson Hts-Roosevelt Av (E,F,M,R)",Queens,88.0
2023-12-27 14:00:00,subway,616,"74-Broadway (7)/Jackson Hts-Roosevelt Av (E,F,M,R)",Queens,288.0
2023-12-27 14:00:00,subway,617,"Atlantic Av-Barclays Ctr (B,D,N,Q,R,2,3,4,5)",Brooklyn,94.0
2023-12-27 14:00:00,subway,617,"Atlantic Av-Barclays Ctr (B,D,N,Q,R,2,3,4,5)",Brooklyn,2.0
2023-12-27 14:00:00,subway,623,"Canal St (J,N,Q,R,W,Z,6)",Manhattan,1241.0
2023-12-27 14:00:00,subway,628,"Fulton St (A,C,J,Z,2,3,4,5)",Manhattan,92.0
2023-12-27 14:00:00,subway,64,71 St (D),Brooklyn,10.0
2023-12-27 14:00:00,subway,65,79 St (D),Brooklyn,12.0
2023-12-27 14:00:00,subway,67,20 Av (D),Brooklyn,16.0
2023-12-27 14:00:00,subway,78,Avenue U (N),Brooklyn,28.0
2023-12-27 14:00:00,subway,8,"5 Av/59 St (N,R,W)",Manhattan,15.0
2023-12-27 14:00:00,subway,80,"121 St (J,Z)",Queens,10.0
2023-12-27 14:00:00,subway,84,85 St-Forest Pkwy (J),Queens,69.0
2023-12-27 14:00:00,subway,85,"75 St-Elderts Ln (J,Z)",Queens,4.0
2023-12-27 14:00:00,subway,9,"57 St-7 Av (N,Q,R,W)",Manhattan,26.0
2023-12-27 14:00:00,subway,95,"Gates Av (J,Z)",Brooklyn,11.0
2023-12-27 14:00:00,subway,626,"Franklin Av (2,3,4,5)/Botanic Garden (S)",Brooklyn,17.0
2023-12-27 14:00:00,subway,612,"Lexington Av-53 St (E,M)/51 St (6)",Manhattan,46.0
2023-12-27 14:00:00,subway,253,Neptune Av (F),Brooklyn,6.0
2023-12-27 14:00:00,subway,260,"75 Av (E,F)",Queens,5.0
2023-12-27 14:00:00,subway,268,"65 St (M,R)",Queens,60.0
2023-12-27 14:00:00,subway,270,"46 St (M,R)",Queens,23.0
2023-12-27 14:00:00,subway,280,Jamaica-Van Wyck (E),Queens,25.0
2023-12-27 14:00:00,subway,283,Greenpoint Av (G),Brooklyn,29.0
2023-12-27 14:00:00,subway,294,238 St (1),Bronx,20.0
2023-12-27 14:00:00,subway,296,Marble Hill-225 St (1),Manhattan,33.0
2023-12-27 14:00:00,subway,304,145 St (1),Manhattan,144.0
2023-12-27 14:00:00,subway,312,79 St (1),Manhattan,330.0
2023-12-27 14:00:00,subway,314,66 St-Lincoln Center (1),Manhattan,58.0
2023-12-27 14:00:00,subway,336,"Hoyt St (2,3)",Brooklyn,61.0
2023-12-27 14:00:00,subway,336,"Hoyt St (2,3)",Brooklyn,12.0
2023-12-27 14:00:00,subway,343,Nostrand Av (3),Brooklyn,13.0
2023-12-27 14:00:00,subway,349,Junius St (3),Brooklyn,4.0
2023-12-27 14:00:00,subway,245,18 Av (F),Brooklyn,4.0
2023-12-27 14:00:00,subway,183,Rockaway Av (C),Brooklyn,12.0
2023-12-27 14:00:00,subway,177,Clinton-Washington Avs (C),Brooklyn,22.0
2023-12-27 14:00:00,subway,175,"Hoyt-Schermerhorn Sts (A,C,G)",Brooklyn,26.0
2023-12-27 14:00:00,subway,609,"Bryant Pk (B,D,F,M)/5 Av (7)",Manhattan,123.0
2023-12-27 14:00:00,subway,455,69 St (7),Queens,30.0
2023-12-27 14:00:00,subway,452,90 St-Elmhurst Av (7),Queens,142.0
2023-12-27 14:00:00,subway,450,103 St-Corona Plaza (7),Queens,1.0
2023-12-27 14:00:00,subway,448,Mets-Willets Point (7),Queens,11.0
2023-12-27 14:00:00,subway,447,Flushing-Main St (7),Queens,220.0
2023-12-27 14:00:00,subway,446,Morris Park (5),Bronx,6.0
2023-12-27 14:00:00,subway,610,"Grand Central-42 St (S,4,5,6,7)",Manhattan,91.0
2023-12-27 14:00:00,subway,443,Baychester Av (5),Bronx,4.0
2023-12-27 14:00:00,subway,405,23 St (6),Manhattan,41.0
2023-12-27 14:00:00,subway,398,77 St (6),Manhattan,22.0
2023-12-27 14:00:00,subway,373,E 149 St (6),Bronx,9.0
2023-12-27 14:00:00,subway,359,"Flatbush Av-Brooklyn College (2,5)",Brooklyn,20.0
2023-12-27 14:00:00,subway,100,"Hewes St (M,J)",Brooklyn,12.0
2023-12-27 14:00:00,subway,122,Graham Av (L),Brooklyn,24.0
2023-12-27 14:00:00,subway,144,Dyckman St (A),Manhattan,16.0
2023-12-27 14:00:00,subway,421,"Gun Hill Rd (2,5)",Bronx,24.0
2023-12-27 14:00:00,subway,609,"Bryant Pk (B,D,F,M)/5 Av (7)",Manhattan,1253.0
2023-12-27 14:00:00,subway,607,"34 St-Herald Sq (B,D,F,M,N,Q,R,W)",Manhattan,116.0
2023-12-27 14:00:00,subway,57,"W 8 St-NY Aquarium (F,Q)",Brooklyn,50.0
2023-12-27 14:00:00,subway,251,Avenue U (F),Brooklyn,7.0
2023-12-27 14:00:00,subway,259,"Kew Gardens-Union Tpke (E,F)",Queens,53.0
2023-12-27 14:00:00,subway,265,"Grand Av-Newtown (M,R)",Queens,39.0
2023-12-27 14:00:00,subway,271,"Steinway St (M,R)",Queens,62.0
2023-12-27 14:00:00,subway,273,"Queens Plaza (E,M,R)",Queens,28.0
2023-12-27 14:00:00,subway,282,21 St (G),Queens,3.0
2023-12-27 14:00:00,subway,286,Broadway (G),Brooklyn,7.0
2023-12-27 14:00:00,subway,287,Flushing Av (G),Brooklyn,8.0
2023-12-27 14:00:00,subway,297,215 St (1),Manhattan,3.0
2023-12-27 14:00:00,subway,297,215 St (1),Manhattan,4.0
2023-12-27 14:00:00,subway,303,157 St (1),Manhattan,25.0
2023-12-27 14:00:00,subway,306,125 St (1),Manhattan,20.0
2023-12-27 14:00:00,subway,306,125 St (1),Manhattan,3.0
2023-12-27 14:00:00,subway,311,86 St (1),Manhattan,7.0
2023-12-27 14:00:00,subway,312,79 St (1),Manhattan,12.0
2023-12-27 14:00:00,subway,249,Avenue P (F),Brooklyn,8.0
2023-12-27 14:00:00,subway,245,18 Av (F),Brooklyn,22.0
2023-12-27 14:00:00,subway,243,"Church Av (F,G)",Brooklyn,10.0
2023-12-27 14:00:00,subway,240,"7 Av (F,G)",Brooklyn,58.0
2023-12-27 14:00:00,subway,185,Liberty Av (C),Brooklyn,8.0
2023-12-27 14:00:00,subway,186,Van Siclen Av (C),Brooklyn,4.0
2023-12-27 14:00:00,subway,190,80 St (A),Queens,6.0
2023-12-27 14:00:00,subway,198,Howard Beach-JFK Airport (A),Queens,14.0
2023-12-27 14:00:00,subway,199,"Broad Channel (A,S)",Queens,1.0
2023-12-27 14:00:00,subway,199,"Broad Channel (A,S)",Queens,1.0
2023-12-27 14:00:00,subway,203,"Rockaway Park-Beach 116 St (A,S)",Queens,6.0
2023-12-27 14:00:00,subway,316,50 St (1),Manhattan,201.0
2023-12-27 14:00:00,subway,206,Beach 44 St (A),Queens,2.0
2023-12-27 14:00:00,subway,22,"Rector St (R,W)",Manhattan,4.0
2023-12-27 14:00:00,subway,222,Roosevelt Island (F),Manhattan,114.0
2023-12-27 14:00:00,subway,223,"Lexington Av/63 St (F,Q)",Manhattan,5.0
2023-12-27 14:00:00,subway,224,57 St (F),Manhattan,7.0
2023-12-27 14:00:00,subway,224,57 St (F),Manhattan,3.0
2023-12-27 14:00:00,subway,228,"23 St (F,M)",Manhattan,18.0
2023-12-27 14:00:00,subway,236,"Bergen St (F,G)",Brooklyn,10.0
2023-12-27 14:00:00,subway,215,"Tremont Av (B,D)",Bronx,28.0
2023-12-27 14:00:00,subway,182,Ralph Av (C),Brooklyn,4.0
2023-12-27 14:00:00,subway,316,50 St (1),Manhattan,43.0
2023-12-27 14:00:00,subway,327,"Chambers St (1,2,3)",Manhattan,34.0
2023-12-27 14:00:00,subway,417,"Nereid Av (2,5)",Bronx,3.0
2023-12-27 14:00:00,subway,421,"Gun Hill Rd (2,5)",Bronx,6.0
2023-12-27 14:00:00,subway,429,"Freeman St (2,5)",Bronx,37.0
2023-12-27 14:00:00,subway,43,Parkside Av (Q),Brooklyn,10.0
2023-12-27 14:00:00,subway,43,Parkside Av (Q),Brooklyn,15.0
2023-12-27 14:00:00,subway,430,"Simpson St (2,5)",Bronx,5.0
2023-12-27 14:00:00,subway,442,Eastchester-Dyre Av (5),Bronx,9.0
2023-12-27 14:00:00,subway,460,33 St-Rawson St (7),Queens,29.0
2023-12-27 14:00:00,subway,463,Hunters Point Av (7),Queens,5.0
2023-12-27 14:00:00,subway,49,Avenue J (Q),Brooklyn,20.0
2023-12-27 14:00:00,subway,52,Avenue U (Q),Brooklyn,25.0
2023-12-27 14:00:00,subway,55,"Brighton Beach (B,Q)",Brooklyn,29.0
2023-12-27 14:00:00,subway,57,"W 8 St-NY Aquarium (F,Q)",Brooklyn,3.0
2023-12-27 14:00:00,subway,352,New Lots Av (3),Brooklyn,27.0
2023-12-27 14:00:00,subway,57,"W 8 St-NY Aquarium (F,Q)",Brooklyn,12.0
2023-12-27 14:00:00,subway,417,"Nereid Av (2,5)",Bronx,17.0
2023-12-27 14:00:00,subway,413,"Wall St (4,5)",Manhattan,87.0
2023-12-27 14:00:00,subway,41,"7 Av (B,Q)",Brooklyn,15.0
2023-12-27 14:00:00,subway,4,"Broadway (N,W)",Queens,76.0
2023-12-27 14:00:00,subway,333,"Wall St (2,3)",Manhattan,23.0
2023-12-27 14:00:00,subway,333,"Wall St (2,3)",Manhattan,1.0
2023-12-27 14:00:00,subway,336,"Hoyt St (2,3)",Brooklyn,166.0
2023-12-27 14:00:00,subway,337,"Nevins St (2,3,4,5)",Brooklyn,65.0
2023-12-27 14:00:00,subway,339,"Bergen St (2,3)",Brooklyn,3.0
2023-12-27 14:00:00,subway,339,"Bergen St (2,3)",Brooklyn,4.0
2023-12-27 14:00:00,subway,341,"Eastern Pkwy-Brooklyn Museum (2,3)",Brooklyn,5.0
2023-12-27 14:00:00,subway,32,"36 St (D,N,R)",Brooklyn,28.0
2023-12-27 14:00:00,subway,344,Kingston Av (3),Brooklyn,11.0
2023-12-27 14:00:00,subway,345,"Crown Hts-Utica Av (3,4)",Brooklyn,50.0
2023-12-27 14:00:00,subway,354,"Sterling St (2,5)",Brooklyn,11.0
2023-12-27 14:00:00,subway,359,"Flatbush Av-Brooklyn College (2,5)",Brooklyn,202.0
2023-12-27 14:00:00,subway,381,Kingsbridge Rd (4),Bronx,14.0
2023-12-27 14:00:00,subway,39,Bay Ridge-95 St (R),Brooklyn,11.0
2023-12-27 14:00:00,subway,393,116 St (6),Manhattan,28.0
2023-12-27 14:00:00,subway,393,116 St (6),Manhattan,1.0
2023-12-27 14:00:00,subway,344,Kingston Av (3),Brooklyn,82.0
2023-12-27 14:00:00,subway,57,"W 8 St-NY Aquarium (F,Q)",Brooklyn,12.0
2023-12-27 14:00:00,subway,169,"Canal St (A,C,E)",Manhattan,75.0
2023-12-27 14:00:00,subway,84,85 St-Forest Pkwy (J),Queens,12.0
2023-12-27 14:00:00,subway,217,"170 St (B,D)",Bronx,6.0
2023-12-27 14:00:00,subway,223,"Lexington Av/63 St (F,Q)",Manhattan,29.0
2023-12-27 14:00:00,subway,228,"23 St (F,M)",Manhattan,20.0
2023-12-27 14:00:00,subway,231,"Grand St (B,D)",Manhattan,197.0
2023-12-27 14:00:00,subway,235,York St (F),Brooklyn,16.0
2023-12-27 14:00:00,subway,237,"Carroll St (F,G)",Brooklyn,8.0
2023-12-27 14:00:00,subway,243,"Church Av (F,G)",Brooklyn,44.0
2023-12-27 14:00:00,subway,269,"Northern Blvd (M,R)",Queens,35.0
2023-12-27 14:00:00,subway,283,Greenpoint Av (G),Brooklyn,3.0
2023-12-27 14:00:00,subway,286,Broadway (G),Brooklyn,22.0
2023-12-27 14:00:00,subway,289,Bedford-Nostrand Avs (G),Brooklyn,11.0
2023-12-27 14:00:00,subway,216,"174-175 Sts (B,D)",Bronx,1.0
2023-12-27 14:00:00,subway,297,215 St (1),Manhattan,3.0
2023-12-27 14:00:00,subway,310,"96 St (1,2,3)",Manhattan,38.0
2023-12-27 14:00:00,subway,318,"34 St-Penn Station (1,2,3)",Manhattan,127.0
2023-12-27 14:00:00,subway,32,"36 St (D,N,R)",Brooklyn,281.0
2023-12-27 14:00:00,subway,321,18 St (1),Manhattan,8.0
2023-12-27 14:00:00,subway,324,Houston St (1),Manhattan,1.0
2023-12-27 14:00:00,subway,336,"Hoyt St (2,3)",Brooklyn,1.0
2023-12-27 14:00:00,subway,343,Nostrand Av (3),Brooklyn,10.0
2023-12-27 14:00:00,subway,348,Rockaway Av (3),Brooklyn,16.0
2023-12-27 14:00:00,subway,35,"59 St (N,R)",Brooklyn,14.0
2023-12-27 14:00:00,subway,352,New Lots Av (3),Brooklyn,7.0
2023-12-27 14:00:00,subway,352,New Lots Av (3),Brooklyn,13.0
2023-12-27 14:00:00,subway,304,145 St (1),Manhattan,17.0
2023-12-27 14:00:00,subway,355,"Winthrop St (2,5)",Brooklyn,99.0
2023-12-27 14:00:00,subway,20,"City Hall (R,W)",Manhattan,54.0
2023-12-27 14:00:00,subway,196,Aqueduct Racetrack (A),Queens,7.0
2023-12-27 14:00:00,subway,67,20 Av (D),Brooklyn,7.0
2023-12-27 14:00:00,subway,629,Lorimer St (L)/Metropolitan Av (G),Brooklyn,9.0
2023-12-27 14:00:00,subway,101,"Marcy Av (M,J,Z)",Brooklyn,18.0
2023-12-27 14:00:00,subway,108,Middle Village-Metropolitan Av (M),Queens,1.0
2023-12-27 14:00:00,subway,122,Graham Av (L),Brooklyn,37.0
2023-12-27 14:00:00,subway,124,Montrose Av (L),Brooklyn,11.0
2023-12-27 14:00:00,subway,129,Halsey St (L),Queens,13.0
2023-12-27 14:00:00,subway,129,Halsey St (L),Queens,131.0
2023-12-27 14:00:00,subway,131,Bushwick Av-Aberdeen St (L),Brooklyn,1.0
2023-12-27 14:00:00,subway,136,New Lots Av (L),Brooklyn,8.0
2023-12-27 14:00:00,subway,136,New Lots Av (L),Brooklyn,43.0
2023-12-27 14:00:00,subway,2,"Astoria Blvd (N,W)",Queens,27.0
2023-12-27 14:00:00,subway,14,"23 St (R,W)",Manhattan,530.0
2023-12-27 14:00:00,subway,150,155 St (C),Manhattan,6.0
2023-12-27 14:00:00,subway,155,"Cathedral Pkwy (110 St) (C,B)",Manhattan,10.0
2023-12-27 14:00:00,subway,156,"103 St (C,B)",Manhattan,3.0
2023-12-27 14:00:00,subway,162,"50 St (C,E)",Manhattan,43.0
2023-12-27 14:00:00,subway,173,"High St (A,C)",Brooklyn,3.0
2023-12-27 14:00:00,subway,177,Clinton-Washington Avs (C),Brooklyn,42.0
2023-12-27 14:00:00,subway,181,"Utica Av (A,C)",Brooklyn,194.0
2023-12-27 14:00:00,subway,183,Rockaway Av (C),Brooklyn,21.0
2023-12-27 14:00:00,subway,187,Shepherd Av (C),Brooklyn,20.0
2023-12-27 14:00:00,subway,188,"Euclid Av (A,C)",Brooklyn,26.0
2023-12-27 14:00:00,subway,189,Grant Av (A),Brooklyn,18.0
2023-12-27 14:00:00,subway,143,Inwood-207 St (A),Manhattan,13.0
2023-12-27 14:00:00,subway,76,Bay Pkwy (N),Brooklyn,30.0
2023-12-27 14:00:00,subway,360,Pelham Bay Park (6),Bronx,18.0
2023-12-27 14:00:00,subway,378,Woodlawn (4),Bronx,16.0
2023-12-27 14:00:00,subway,609,"Bryant Pk (B,D,F,M)/5 Av (7)",Manhattan,376.0
2023-12-27 14:00:00,subway,61,50 St (D),Brooklyn,9.0
2023-12-27 14:00:00,subway,617,"Atlantic Av-Barclays Ctr (B,D,N,Q,R,2,3,4,5)",Brooklyn,107.0
2023-12-27 14:00:00,subway,619,"Broadway-Lafayette St (B,D,F,M)/Bleecker St (6)",Manhattan,7.0
2023-12-27 14:00:00,subway,620,"Court St (R)/Borough Hall (2,3,4,5)",Brooklyn,75.0
2023-12-27 14:00:00,subway,623,"Canal St (J,N,Q,R,W,Z,6)",Manhattan,57.0
2023-12-27 14:00:00,subway,625,"Delancey St (F)/Essex St (J,M,Z)",Manhattan,134.0
2023-12-27 14:00:00,subway,636,"Jay St-MetroTech (A,C,F,R)",Brooklyn,556.0
2023-12-27 14:00:00,subway,64,71 St (D),Brooklyn,24.0
2023-12-27 14:00:00,subway,76,Bay Pkwy (N),Brooklyn,26.0
2023-12-27 14:00:00,subway,77,Kings Hwy (N),Brooklyn,7.0
2023-12-27 14:00:00,subway,603,"149 St-Grand Concourse (2,4,5)",Bronx,19.0
2023-12-27 14:00:00,subway,77,Kings Hwy (N),Brooklyn,10.0
2023-12-27 14:00:00,subway,77,Kings Hwy (N),Brooklyn,50.0
2023-12-27 14:00:00,subway,82,"104 St (J,Z)",Queens,3.0
2023-12-27 14:00:00,subway,82,"104 St (J,Z)",Queens,25.0
2023-12-27 14:00:00,subway,85,"75 St-Elderts Ln (J,Z)",Queens,7.0
2023-12-27 14:00:00,subway,86,Cypress Hills (J),Brooklyn,14.0
2023-12-27 14:00:00,subway,9,"57 St-7 Av (N,Q,R,W)",Manhattan,125.0
2023-12-27 14:00:00,subway,9,"57 St-7 Av (N,Q,R,W)",Manhattan,620.0
2023-12-27 14:00:00,subway,95,"Gates Av (J,Z)",Brooklyn,10.0
2023-12-27 14:00:00,subway,95,"Gates Av (J,Z)",Brooklyn,28.0
2023-12-27 14:00:00,subway,97,"Myrtle Av (M,J,Z)",Brooklyn,179.0
2023-12-27 14:00:00,subway,181,"Utica Av (A,C)",Brooklyn,60.0
2023-12-27 14:00:00,subway,85,"75 St-Elderts Ln (J,Z)",Queens,5.0
2023-12-27 14:00:00,subway,374,E 143 St-St Mary's St (6),Bronx,4.0
2023-12-27 14:00:00,subway,52,Avenue U (Q),Brooklyn,12.0
2023-12-27 14:00:00,subway,48,Avenue H (Q),Brooklyn,18.0
2023-12-27 14:00:00,subway,382,Fordham Rd (4),Bronx,51.0
2023-12-27 14:00:00,subway,386,Mt Eden Av (4),Bronx,5.0
2023-12-27 14:00:00,subway,39,Bay Ridge-95 St (R),Brooklyn,7.0
2023-12-27 14:00:00,subway,39,Bay Ridge-95 St (R),Brooklyn,31.0
2023-12-27 14:00:00,subway,398,77 St (6),Manhattan,246.0
2023-12-27 14:00:00,subway,414,"Bowling Green (4,5)",Manhattan,31.0
2023-12-27 14:00:00,subway,414,"Bowling Green (4,5)",Manhattan,275.0
2023-12-27 14:00:00,subway,416,Wakefield-241 St (2),Bronx,32.0
2023-12-27 14:00:00,subway,42,"Prospect Park (B,Q,S)",Brooklyn,25.0
2023-12-27 14:00:00,subway,420,"219 St (2,5)",Bronx,14.0
2023-12-27 14:00:00,subway,420,"219 St (2,5)",Bronx,1.0
2023-12-27 14:00:00,subway,5,"36 Av (N,W)",Queens,13.0
2023-12-27 14:00:00,subway,421,"Gun Hill Rd (2,5)",Bronx,9.0
2023-12-27 14:00:00,subway,439,"125 St (2,3)",Manhattan,45.0
2023-12-27 14:00:00,subway,439,"125 St (2,3)",Manhattan,67.0
2023-12-27 14:00:00,subway,442,Eastchester-Dyre Av (5),Bronx,2.0
2023-12-27 14:00:00,subway,445,Pelham Pkwy (5),Bronx,4.0
2023-12-27 14:00:00,subway,447,Flushing-Main St (7),Queens,114.0
2023-12-27 14:00:00,subway,449,111 St (7),Queens,46.0
2023-12-27 14:00:00,subway,45,Beverley Rd (Q),Brooklyn,21.0
2023-12-27 14:00:00,subway,450,103 St-Corona Plaza (7),Queens,134.0
2023-12-27 14:00:00,subway,460,33 St-Rawson St (7),Queens,17.0
2023-12-27 14:00:00,subway,461,"Queensboro Plaza (7,N,W)",Queens,54.0
2023-12-27 14:00:00,subway,463,Hunters Point Av (7),Queens,15.0
2023-12-27 14:00:00,subway,422,"Burke Av (2,5)",Bronx,13.0
2023-12-27 14:00:00,subway,82,"104 St (J,Z)",Queens,14.0
2023-12-27 14:00:00,subway,114,Central Av (M),Brooklyn,15.0
2023-12-27 14:00:00,subway,316,50 St (1),Manhattan,12.0
2023-12-27 14:00:00,subway,444,Gun Hill Rd (5),Bronx,43.0
2023-12-27 14:00:00,subway,441,"Central Park North (110 St) (2,3)",Manhattan,15.0
2023-12-27 14:00:00,subway,439,"125 St (2,3)",Manhattan,72.0
2023-12-27 14:00:00,subway,437,145 St (3),Manhattan,21.0
2023-12-27 14:00:00,subway,436,Harlem-148 St (3),Manhattan,8.0
2023-12-27 14:00:00,subway,436,Harlem-148 St (3),Manhattan,9.0
2023-12-27 14:00:00,subway,430,"Simpson St (2,5)",Bronx,17.0
2023-12-27 14:00:00,subway,418,"233 St (2,5)",Bronx,11.0
2023-12-27 14:00:00,subway,414,"Bowling Green (4,5)",Manhattan,135.0
2023-12-27 14:00:00,subway,446,Morris Park (5),Bronx,7.0
2023-12-27 14:00:00,subway,409,Spring St (6),Manhattan,16.0
2023-12-27 14:00:00,subway,395,103 St (6),Manhattan,1.0
2023-12-27 14:00:00,subway,394,110 St (6),Manhattan,36.0
2023-12-27 14:00:00,subway,394,110 St (6),Manhattan,23.0
2023-12-27 14:00:00,subway,388,167 St (4),Bronx,22.0
2023-12-27 14:00:00,subway,386,Mt Eden Av (4),Bronx,2.0
2023-12-27 14:00:00,subway,386,Mt Eden Av (4),Bronx,23.0
2023-12-27 14:00:00,subway,383,183 St (4),Bronx,32.0
2023-12-27 14:00:00,subway,372,Longwood Av (6),Bronx,10.0
2023-12-27 14:00:00,subway,371,Hunts Point Av (6),Bronx,153.0
2023-12-27 14:00:00,subway,397,"86 St (4,5,6)",Manhattan,71.0
2023-12-27 14:00:00,subway,365,Castle Hill Av (6),Bronx,10.0
2023-12-27 14:00:00,subway,448,Mets-Willets Point (7),Queens,1.0
2023-12-27 14:00:00,subway,456,61 St-Woodside (7),Queens,106.0
2023-12-27 14:00:00,subway,89,Cleveland St (J),Brooklyn,25.0
2023-12-27 14:00:00,subway,86,Cypress Hills (J),Brooklyn,4.0
2023-12-27 14:00:00,subway,86,Cypress Hills (J),Brooklyn,5.0
2023-12-27 14:00:00,subway,623,"Canal St (J,N,Q,R,W,Z,6)",Manhattan,78.0
2023-12-27 14:00:00,subway,612,"Lexington Av-53 St (E,M)/51 St (6)",Manhattan,70.0
2023-12-27 14:00:00,subway,610,"Grand Central-42 St (S,4,5,6,7)",Manhattan,33.0
2023-12-27 14:00:00,subway,608,"4 Av (F,G)/9 St (R)",Brooklyn,208.0
2023-12-27 14:00:00,subway,602,"14 St-Union Sq (L,N,Q,R,W,4,5,6)",Manhattan,395.0
2023-12-27 14:00:00,subway,59,9 Av (D),Brooklyn,79.0
2023-12-27 14:00:00,subway,452,90 St-Elmhurst Av (7),Queens,32.0
2023-12-27 14:00:00,subway,58,"Coney Island-Stillwell Av (D,F,N,Q)",Brooklyn,46.0
2023-12-27 14:00:00,subway,51,"Kings Hwy (B,Q)",Brooklyn,57.0
2023-12-27 14:00:00,subway,5,"36 Av (N,W)",Queens,9.0
2023-12-27 14:00:00,subway,477,72 St (Q),Manhattan,9.0
2023-12-27 14:00:00,subway,471,34 St-Hudson Yards (7),Manhattan,20.0
2023-12-27 14:00:00,subway,460,33 St-Rawson St (7),Queens,6.0
2023-12-27 14:00:00,subway,459,40 St-Lowery St (7),Queens,31.0
2023-12-27 14:00:00,subway,457,52 St (7),Queens,85.0
2023-12-27 14:00:00,subway,456,61 St-Woodside (7),Queens,267.0
2023-12-27 14:00:00,subway,456,61 St-Woodside (7),Queens,64.0
2023-12-27 14:00:00,subway,51,"Kings Hwy (B,Q)",Brooklyn,48.0
2023-12-27 14:00:00,subway,95,"Gates Av (J,Z)",Brooklyn,10.0
2023-12-27 14:00:00,subway,357,"Beverly Rd (2,5)",Brooklyn,6.0
2023-12-27 14:00:00,subway,355,"Winthrop St (2,5)",Brooklyn,8.0
2023-12-27 14:00:00,subway,234,East Broadway (F),Manhattan,44.0
2023-12-27 14:00:00,subway,218,"167 St (B,D)",Bronx,16.0
2023-12-27 14:00:00,subway,214,"182-183 Sts (B,D)",Bronx,8.0
2023-12-27 14:00:00,subway,214,"182-183 Sts (B,D)",Bronx,47.0
2023-12-27 14:00:00,subway,213,"Fordham Rd (B,D)",Bronx,24.0
2023-12-27 14:00:00,subway,207,Beach 36 St (A),Queens,1.0
2023-12-27 14:00:00,subway,204,Beach 67 St (A),Queens,2.0
2023-12-27 14:00:00,subway,196,Aqueduct Racetrack (A),Queens,2.0
2023-12-27 14:00:00,subway,196,Aqueduct Racetrack (A),Queens,3.0
2023-12-27 14:00:00,subway,245,18 Av (F),Brooklyn,8.0
2023-12-27 14:00:00,subway,195,Ozone Park-Lefferts Blvd (A),Queens,45.0
2023-12-27 14:00:00,subway,182,Ralph Av (C),Brooklyn,17.0
2023-12-27 14:00:00,subway,179,"Nostrand Av (A,C)",Brooklyn,24.0
2023-12-27 14:00:00,subway,175,"Hoyt-Schermerhorn Sts (A,C,G)",Brooklyn,2.0
2023-12-27 14:00:00,subway,175,"Hoyt-Schermerhorn Sts (A,C,G)",Brooklyn,23.0
2023-12-27 14:00:00,subway,168,"Spring St (C,E)",Manhattan,128.0
2023-12-27 14:00:00,subway,162,"50 St (C,E)",Manhattan,22.0
2023-12-27 14:00:00,subway,159,"81 St-Museum of Natural History (C,B)",Manhattan,5.0
2023-12-27 14:00:00,subway,159,"81 St-Museum of Natural History (C,B)",Manhattan,904.0
2023-12-27 14:00:00,subway,154,"116 St (C,B)",Manhattan,20.0
2023-12-27 14:00:00,subway,193,104 St (A),Queens,8.0
2023-12-27 14:00:00,subway,355,"Winthrop St (2,5)",Brooklyn,13.0
2023-12-27 14:00:00,subway,254,Jamaica-179 St (F),Queens,31.0
2023-12-27 14:00:00,subway,257,Sutphin Blvd (F),Queens,7.0
2023-12-27 14:00:00,subway,354,"Sterling St (2,5)",Brooklyn,9.0
2023-12-27 14:00:00,subway,351,Van Siclen Av (3),Brooklyn,9.0
2023-12-27 14:00:00,subway,350,Pennsylvania Av (3),Brooklyn,34.0
2023-12-27 14:00:00,subway,35,"59 St (N,R)",Brooklyn,162.0
2023-12-27 14:00:00,subway,329,Rector St (1),Manhattan,53.0
2023-12-27 14:00:00,subway,323,Christopher St-Sheridan Sq (1),Manhattan,10.0
2023-12-27 14:00:00,subway,320,23 St (1),Manhattan,35.0
2023-12-27 14:00:00,subway,313,"72 St (1,2,3)",Manhattan,243.0
2023-12-27 14:00:00,subway,311,86 St (1),Manhattan,31.0
2023-12-27 14:00:00,subway,256,Parsons Blvd (F),Queens,2.0
2023-12-27 14:00:00,subway,305,137 St-City College (1),Manhattan,49.0
2023-12-27 14:00:00,subway,284,Nassau Av (G),Brooklyn,7.0
2023-12-27 14:00:00,subway,283,Greenpoint Av (G),Brooklyn,48.0
2023-12-27 14:00:00,subway,282,21 St (G),Queens,5.0
2023-12-27 14:00:00,subway,28,Union St (R),Brooklyn,2.0
2023-12-27 14:00:00,subway,265,"Grand Av-Newtown (M,R)",Queens,64.0
2023-12-27 14:00:00,subway,264,"Woodhaven Blvd (M,R)",Queens,159.0
2023-12-27 14:00:00,subway,263,"63 Dr-Rego Park (M,R)",Queens,22.0
2023-12-27 14:00:00,subway,261,"Forest Hills-71 Av (E,F,M,R)",Queens,44.0
2023-12-27 14:00:00,subway,257,Sutphin Blvd (F),Queens,56.0
2023-12-27 14:00:00,subway,286,Broadway (G),Brooklyn,8.0
2023-12-27 14:00:00,subway,96,Kosciuszko St (J),Brooklyn,5.0
2023-12-27 14:00:00,subway,96,Kosciuszko St (J),Brooklyn,30.0
2023-12-27 14:00:00,subway,119,1 Av (L),Manhattan,29.0
2023-12-27 14:00:00,subway,109,Fresh Pond Rd (M),Queens,5.0
2023-12-27 14:00:00,subway,120,Bedford Av (L),Brooklyn,16.0
2023-12-27 14:00:00,subway,122,Graham Av (L),Brooklyn,6.0
2023-12-27 14:00:00,subway,125,Morgan Av (L),Brooklyn,181.0
2023-12-27 14:00:00,subway,134,Sutter Av (L),Brooklyn,7.0
2023-12-27 14:00:00,subway,144,Dyckman St (A),Manhattan,25.0
2023-12-27 14:00:00,subway,147,175 St (A),Manhattan,8.0
2023-12-27 14:00:00,staten_island_railway,501,St George (SIR),Staten Island,15.0
2023-12-27 14:00:00,staten_island_railway,501,St George (SIR),Staten Island,18.0
2023-12-27 14:00:00,staten_island_railway,501,St George (SIR),Staten Island,7.0
2023-12-27 15:00:00,subway,277,"7 Av (E,B,D)",Manhattan,22.0
2023-12-27 15:00:00,subway,237,"Carroll St (F,G)",Brooklyn,14.0
2023-12-27 15:00:00,subway,310,"96 St (1,2,3)",Manhattan,15.0
2023-12-27 15:00:00,subway,248,Avenue N (F),Brooklyn,10.0
2023-12-27 15:00:00,subway,328,WTC Cortlandt (1),Manhattan,14.0
2023-12-27 15:00:00,subway,253,Neptune Av (F),Brooklyn,3.0
2023-12-27 15:00:00,subway,258,"Briarwood (E,F)",Queens,5.0
2023-12-27 15:00:00,subway,263,"63 Dr-Rego Park (M,R)",Queens,12.0
2023-12-27 15:00:00,subway,263,"63 Dr-Rego Park (M,R)",Queens,197.0
2023-12-27 15:00:00,subway,304,145 St (1),Manhattan,12.0
2023-12-27 15:00:00,subway,273,"Queens Plaza (E,M,R)",Queens,62.0
2023-12-27 15:00:00,subway,301,181 St (1),Manhattan,1.0
2023-12-27 15:00:00,subway,300,191 St (1),Manhattan,5.0
2023-12-27 15:00:00,subway,30,Prospect Av (R),Brooklyn,14.0
2023-12-27 15:00:00,subway,30,Prospect Av (R),Brooklyn,46.0
2023-12-27 15:00:00,subway,3,"30 Av (N,W)",Queens,12.0
2023-12-27 15:00:00,subway,266,"Elmhurst Av (M,R)",Queens,32.0
2023-12-27 15:00:00,subway,294,238 St (1),Bronx,14.0
2023-12-27 15:00:00,subway,289,Bedford-Nostrand Avs (G),Brooklyn,2.0
2023-12-27 15:00:00,subway,287,Flushing Av (G),Brooklyn,9.0
2023-12-27 15:00:00,subway,272,"36 St (M,R)",Queens,9.0
2023-12-27 15:00:00,subway,300,191 St (1),Manhattan,24.0
2023-12-27 15:00:00,subway,294,238 St (1),Bronx,11.0
2023-12-27 15:00:00,subway,217,"170 St (B,D)",Bronx,7.0
2023-12-27 15:00:00,subway,234,East Broadway (F),Manhattan,70.0
2023-12-27 15:00:00,subway,447,Flushing-Main St (7),Queens,213.0
2023-12-27 15:00:00,subway,427,"West Farms Sq-E Tremont Av (2,5)",Bronx,16.0
2023-12-27 15:00:00,subway,417,"Nereid Av (2,5)",Bronx,3.0
2023-12-27 15:00:00,subway,404,28 St (6),Manhattan,450.0
2023-12-27 15:00:00,subway,371,Hunts Point Av (6),Bronx,39.0
2023-12-27 15:00:00,subway,357,"Beverly Rd (2,5)",Brooklyn,44.0
2023-12-27 15:00:00,subway,339,"Bergen St (2,3)",Brooklyn,4.0
2023-12-27 15:00:00,subway,339,"Bergen St (2,3)",Brooklyn,36.0
2023-12-27 15:00:00,subway,385,176 St (4),Bronx,6.0
2023-12-27 15:00:00,subway,38,86 St (R),Brooklyn,1.0
2023-12-27 15:00:00,subway,377,3 Av-138 St (6),Bronx,11.0
2023-12-27 15:00:00,subway,371,Hunts Point Av (6),Bronx,1.0
2023-12-27 15:00:00,subway,358,"Newkirk Av-Little Haiti (2,5)",Brooklyn,10.0
2023-12-27 15:00:00,subway,354,"Sterling St (2,5)",Brooklyn,15.0
2023-12-27 15:00:00,subway,354,"Sterling St (2,5)",Brooklyn,29.0
2023-12-27 15:00:00,subway,352,New Lots Av (3),Brooklyn,56.0
2023-12-27 15:00:00,subway,352,New Lots Av (3),Brooklyn,19.0
2023-12-27 15:00:00,subway,350,Pennsylvania Av (3),Brooklyn,17.0
2023-12-27 15:00:00,subway,348,Rockaway Av (3),Brooklyn,20.0
2023-12-27 15:00:00,subway,347,Saratoga Av (3),Brooklyn,13.0
2023-12-27 15:00:00,subway,345,"Crown Hts-Utica Av (3,4)",Brooklyn,306.0
2023-12-27 15:00:00,subway,34,53 St (R),Brooklyn,7.0
2023-12-27 15:00:00,subway,321,18 St (1),Manhattan,6.0
2023-12-27 15:00:00,subway,318,"34 St-Penn Station (1,2,3)",Manhattan,56.0
2023-12-27 15:00:00,subway,234,East Broadway (F),Manhattan,34.0
2023-12-27 15:00:00,subway,207,Beach 36 St (A),Queens,11.0
2023-12-27 15:00:00,subway,22,"Rector St (R,W)",Manhattan,1.0
2023-12-27 15:00:00,subway,107,"Broad St (J,Z)",Manhattan,24.0
2023-12-27 15:00:00,subway,111,Seneca Av (M),Queens,4.0
2023-12-27 15:00:00,subway,120,Bedford Av (L),Brooklyn,168.0
2023-12-27 15:00:00,subway,124,Montrose Av (L),Brooklyn,5.0
2023-12-27 15:00:00,subway,125,Morgan Av (L),Brooklyn,28.0
2023-12-27 15:00:00,subway,127,DeKalb Av (L),Brooklyn,31.0
2023-12-27 15:00:00,subway,127,DeKalb Av (L),Brooklyn,26.0
2023-12-27 15:00:00,subway,149,163 St-Amsterdam Av (C),Manhattan,6.0
2023-12-27 15:00:00,subway,149,163 St-Amsterdam Av (C),Manhattan,17.0
2023-12-27 15:00:00,subway,157,"96 St (C,B)",Manhattan,13.0
2023-12-27 15:00:00,subway,101,"Marcy Av (M,J,Z)",Brooklyn,110.0
2023-12-27 15:00:00,subway,16,"8 St-NYU (R,W)",Manhattan,67.0
2023-12-27 15:00:00,subway,308,Cathedral Pkwy (110 St) (1),Manhattan,6.0
2023-12-27 15:00:00,subway,165,"23 St (C,E)",Manhattan,32.0
2023-12-27 15:00:00,subway,449,111 St (7),Queens,24.0
2023-12-27 15:00:00,subway,191,88 St (A),Queens,7.0
2023-12-27 15:00:00,subway,306,125 St (1),Manhattan,65.0
2023-12-27 15:00:00,subway,269,"Northern Blvd (M,R)",Queens,59.0
2023-12-27 15:00:00,subway,263,"63 Dr-Rego Park (M,R)",Queens,61.0
2023-12-27 15:00:00,subway,262,"67 Av (M,R)",Queens,1.0
2023-12-27 15:00:00,subway,26,"DeKalb Av (B,Q,R)",Brooklyn,29.0
2023-12-27 15:00:00,subway,242,"Fort Hamilton Pkwy (F,G)",Brooklyn,15.0
2023-12-27 15:00:00,subway,165,"23 St (C,E)",Manhattan,25.0
2023-12-27 15:00:00,subway,1,"Astoria-Ditmars Blvd (N,W)",Queens,19.0
2023-12-27 15:00:00,subway,10,"49 St (N,R,W)",Manhattan,3.0
2023-12-27 15:00:00,subway,103,"Bowery (J,Z)",Manhattan,16.0
2023-12-27 15:00:00,subway,22,"Rector St (R,W)",Manhattan,18.0
2023-12-27 15:00:00,subway,213,"Fordham Rd (B,D)",Bronx,48.0
2023-12-27 15:00:00,subway,213,"Fordham Rd (B,D)",Bronx,21.0
2023-12-27 15:00:00,subway,203,"Rockaway Park-Beach 116 St (A,S)",Queens,1.0
2023-12-27 15:00:00,subway,200,"Beach 90 St (A,S)",Queens,1.0
2023-12-27 15:00:00,subway,20,"City Hall (R,W)",Manhattan,165.0
2023-12-27 15:00:00,subway,198,Howard Beach-JFK Airport (A),Queens,11.0
2023-12-27 15:00:00,subway,186,Van Siclen Av (C),Brooklyn,1.0
2023-12-27 15:00:00,subway,177,Clinton-Washington Avs (C),Brooklyn,103.0
2023-12-27 15:00:00,subway,177,Clinton-Washington Avs (C),Brooklyn,10.0
2023-12-27 15:00:00,subway,176,Lafayette Av (C),Brooklyn,3.0
2023-12-27 15:00:00,subway,156,"103 St (C,B)",Manhattan,68.0
2023-12-27 15:00:00,subway,154,"116 St (C,B)",Manhattan,129.0
2023-12-27 15:00:00,subway,151,"145 St (A,C,B,D)",Manhattan,312.0
2023-12-27 15:00:00,subway,151,"145 St (A,C,B,D)",Manhattan,123.0
2023-12-27 15:00:00,subway,147,175 St (A),Manhattan,10.0
2023-12-27 15:00:00,subway,14,"23 St (R,W)",Manhattan,5.0
2023-12-27 15:00:00,subway,135,Livonia Av (L),Brooklyn,16.0
2023-12-27 15:00:00,subway,126,Jefferson St (L),Brooklyn,4.0
2023-12-27 15:00:00,subway,123,Grand St (L),Brooklyn,28.0
2023-12-27 15:00:00,subway,111,Seneca Av (M),Queens,6.0
2023-12-27 15:00:00,subway,110,Forest Av (M),Queens,10.0
2023-12-27 15:00:00,subway,107,"Broad St (J,Z)",Manhattan,69.0
2023-12-27 15:00:00,subway,223,"Lexington Av/63 St (F,Q)",Manhattan,17.0
2023-12-27 15:00:00,subway,46,Cortelyou Rd (Q),Brooklyn,31.0
2023-12-27 15:00:00,subway,119,1 Av (L),Manhattan,4.0
2023-12-27 15:00:00,subway,61,50 St (D),Brooklyn,13.0
2023-12-27 15:00:00,subway,251,Avenue U (F),Brooklyn,7.0
2023-12-27 15:00:00,subway,255,169 St (F),Queens,107.0
2023-12-27 15:00:00,subway,258,"Briarwood (E,F)",Queens,3.0
2023-12-27 15:00:00,subway,258,"Briarwood (E,F)",Queens,19.0
2023-12-27 15:00:00,subway,260,"75 Av (E,F)",Queens,25.0
2023-12-27 15:00:00,subway,270,"46 St (M,R)",Queens,12.0
2023-12-27 15:00:00,subway,276,"5 Av/53 St (E,M)",Manhattan,1058.0
2023-12-27 15:00:00,subway,277,"7 Av (E,B,D)",Manhattan,31.0
2023-12-27 15:00:00,subway,278,"Jamaica Center-Parsons/Archer (E,J,Z)",Queens,63.0
2023-12-27 15:00:00,subway,280,Jamaica-Van Wyck (E),Queens,13.0
2023-12-27 15:00:00,subway,284,Nassau Av (G),Brooklyn,5.0
2023-12-27 15:00:00,subway,286,Broadway (G),Brooklyn,16.0
2023-12-27 15:00:00,subway,287,Flushing Av (G),Brooklyn,5.0
2023-12-27 15:00:00,subway,293,Van Cortlandt Park-242 St (1),Bronx,4.0
2023-12-27 15:00:00,subway,293,Van Cortlandt Park-242 St (1),Bronx,44.0
2023-12-27 15:00:00,subway,295,231 St (1),Bronx,44.0
2023-12-27 15:00:00,subway,298,207 St (1),Manhattan,32.0
2023-12-27 15:00:00,subway,3,"30 Av (N,W)",Queens,2.0
2023-12-27 15:00:00,subway,307,116 St-Columbia University (1),Manhattan,26.0
2023-12-27 15:00:00,subway,313,"72 St (1,2,3)",Manhattan,140.0
2023-12-27 15:00:00,subway,316,50 St (1),Manhattan,35.0
2023-12-27 15:00:00,subway,324,Houston St (1),Manhattan,13.0
2023-12-27 15:00:00,subway,325,Canal St (1),Manhattan,6.0
2023-12-27 15:00:00,subway,326,Franklin St (1),Manhattan,5.0
2023-12-27 15:00:00,subway,327,"Chambers St (1,2,3)",Manhattan,116.0
2023-12-27 15:00:00,subway,246,Avenue I (F),Brooklyn,2.0
2023-12-27 15:00:00,subway,329,Rector St (1),Manhattan,9.0
2023-12-27 15:00:00,subway,243,"Church Av (F,G)",Brooklyn,11.0
2023-12-27 15:00:00,subway,237,"Carroll St (F,G)",Brooklyn,93.0
2023-12-27 15:00:00,subway,122,Graham Av (L),Brooklyn,19.0
2023-12-27 15:00:00,subway,125,Morgan Av (L),Brooklyn,209.0
2023-12-27 15:00:00,subway,130,Wilson Av (L),Brooklyn,9.0
2023-12-27 15:00:00,subway,131,Bushwick Av-Aberdeen St (L),Brooklyn,42.0
2023-12-27 15:00:00,subway,134,Sutter Av (L),Brooklyn,21.0
2023-12-27 15:00:00,subway,135,Livonia Av (L),Brooklyn,6.0
2023-12-27 15:00:00,subway,137,East 105 St (L),Brooklyn,11.0
2023-12-27 15:00:00,subway,138,Canarsie-Rockaway Pkwy (L),Brooklyn,9.0
2023-12-27 15:00:00,subway,14,"23 St (R,W)",Manhattan,19.0
2023-12-27 15:00:00,subway,146,181 St (A),Manhattan,20.0
2023-12-27 15:00:00,subway,151,"145 St (A,C,B,D)",Manhattan,1.0
2023-12-27 15:00:00,subway,155,"Cathedral Pkwy (110 St) (C,B)",Manhattan,11.0
2023-12-27 15:00:00,subway,164,"34 St-Penn Station (A,C,E)",Manhattan,7.0
2023-12-27 15:00:00,subway,17,"Prince St (R,W)",Manhattan,39.0
2023-12-27 15:00:00,subway,179,"Nostrand Av (A,C)",Brooklyn,33.0
2023-12-27 15:00:00,subway,189,Grant Av (A),Brooklyn,28.0
2023-12-27 15:00:00,subway,189,Grant Av (A),Brooklyn,15.0
2023-12-27 15:00:00,subway,190,80 St (A),Queens,10.0
2023-12-27 15:00:00,subway,20,"City Hall (R,W)",Manhattan,8.0
2023-12-27 15:00:00,subway,205,Beach 60 St (A),Queens,1.0
2023-12-27 15:00:00,subway,22,"Rector St (R,W)",Manhattan,8.0
2023-12-27 15:00:00,subway,228,"23 St (F,M)",Manhattan,27.0
2023-12-27 15:00:00,subway,231,"Grand St (B,D)",Manhattan,59.0
2023-12-27 15:00:00,subway,234,East Broadway (F),Manhattan,39.0
2023-12-27 15:00:00,subway,236,"Bergen St (F,G)",Brooklyn,91.0
2023-12-27 15:00:00,subway,237,"Carroll St (F,G)",Brooklyn,10.0
2023-12-27 15:00:00,subway,601,"14 St (F,M,1,2,3)/6 Av (L)",Manhattan,99.0
2023-12-27 15:00:00,subway,329,Rector St (1),Manhattan,18.0
2023-12-27 15:00:00,subway,33,45 St (R),Brooklyn,39.0
2023-12-27 15:00:00,subway,629,Lorimer St (L)/Metropolitan Av (G),Brooklyn,73.0
2023-12-27 15:00:00,subway,635,"South Ferry (1)/Whitehall St (R,W)",Manhattan,400.0
2023-12-27 15:00:00,subway,636,"Jay St-MetroTech (A,C,F,R)",Brooklyn,2.0
2023-12-27 15:00:00,subway,64,71 St (D),Brooklyn,25.0
2023-12-27 15:00:00,subway,64,71 St (D),Brooklyn,12.0
2023-12-27 15:00:00,subway,72,Fort Hamilton Pkwy (N),Brooklyn,3.0
2023-12-27 15:00:00,subway,77,Kings Hwy (N),Brooklyn,8.0
2023-12-27 15:00:00,subway,82,"104 St (J,Z)",Queens,9.0
2023-12-27 15:00:00,subway,86,Cypress Hills (J),Brooklyn,6.0
2023-12-27 15:00:00,subway,89,Cleveland St (J),Brooklyn,4.0
2023-12-27 15:00:00,subway,89,Cleveland St (J),Brooklyn,12.0
2023-12-27 15:00:00,subway,90,"Van Siclen Av (J,Z)",Brooklyn,8.0
2023-12-27 15:00:00,subway,107,"Broad St (J,Z)",Manhattan,12.0
2023-12-27 15:00:00,subway,101,"Marcy Av (M,J,Z)",Brooklyn,266.0
2023-12-27 15:00:00,subway,1,"Astoria-Ditmars Blvd (N,W)",Queens,28.0
2023-12-27 15:00:00,subway,388,167 St (4),Bronx,20.0
2023-12-27 15:00:00,subway,119,1 Av (L),Manhattan,61.0
2023-12-27 15:00:00,subway,91,Alabama Av (J),Brooklyn,14.0
2023-12-27 15:00:00,subway,84,85 St-Forest Pkwy (J),Queens,7.0
2023-12-27 15:00:00,subway,83,"Woodhaven Blvd (J,Z)",Queens,2.0
2023-12-27 15:00:00,subway,82,"104 St (J,Z)",Queens,43.0
2023-12-27 15:00:00,subway,80,"121 St (J,Z)",Queens,9.0
2023-12-27 15:00:00,subway,79,86 St (N),Brooklyn,15.0
2023-12-27 15:00:00,subway,69,25 Av (D),Brooklyn,12.0
2023-12-27 15:00:00,subway,617,"Atlantic Av-Barclays Ctr (B,D,N,Q,R,2,3,4,5)",Brooklyn,181.0
2023-12-27 15:00:00,subway,620,"Court St (R)/Borough Hall (2,3,4,5)",Brooklyn,97.0
2023-12-27 15:00:00,subway,329,Rector St (1),Manhattan,2.0
2023-12-27 15:00:00,subway,618,"14 St (A,C,E)/8 Av (L)",Manhattan,60.0
2023-12-27 15:00:00,subway,606,"Court Sq (E,G,M,7)",Queens,27.0
2023-12-27 15:00:00,subway,336,"Hoyt St (2,3)",Brooklyn,37.0
2023-12-27 15:00:00,subway,347,Saratoga Av (3),Brooklyn,13.0
2023-12-27 15:00:00,subway,350,Pennsylvania Av (3),Brooklyn,9.0
2023-12-27 15:00:00,subway,355,"Winthrop St (2,5)",Brooklyn,11.0
2023-12-27 15:00:00,subway,361,Buhre Av (6),Bronx,12.0
2023-12-27 15:00:00,subway,375,Cypress Av (6),Bronx,29.0
2023-12-27 15:00:00,subway,382,Fordham Rd (4),Bronx,18.0
2023-12-27 15:00:00,subway,382,Fordham Rd (4),Bronx,118.0
2023-12-27 15:00:00,subway,404,28 St (6),Manhattan,93.0
2023-12-27 15:00:00,subway,409,Spring St (6),Manhattan,10.0
2023-12-27 15:00:00,subway,417,"Nereid Av (2,5)",Bronx,11.0
2023-12-27 15:00:00,subway,430,"Simpson St (2,5)",Bronx,15.0
2023-12-27 15:00:00,subway,442,Eastchester-Dyre Av (5),Bronx,11.0
2023-12-27 15:00:00,subway,452,90 St-Elmhurst Av (7),Queens,96.0
2023-12-27 15:00:00,subway,456,61 St-Woodside (7),Queens,69.0
2023-12-27 15:00:00,subway,457,52 St (7),Queens,7.0
2023-12-27 15:00:00,subway,459,40 St-Lowery St (7),Queens,78.0
2023-12-27 15:00:00,subway,464,Vernon Blvd-Jackson Av (7),Queens,48.0
2023-12-27 15:00:00,subway,476,86 St (Q),Manhattan,58.0
2023-12-27 15:00:00,subway,477,72 St (Q),Manhattan,11.0
2023-12-27 15:00:00,subway,48,Avenue H (Q),Brooklyn,8.0
2023-12-27 15:00:00,subway,51,"Kings Hwy (B,Q)",Brooklyn,305.0
2023-12-27 15:00:00,subway,56,Ocean Pkwy (Q),Brooklyn,6.0
2023-12-27 15:00:00,subway,6,"39 Av-Dutch Kills (N,W)",Queens,12.0
2023-12-27 15:00:00,subway,606,"Court Sq (E,G,M,7)",Queens,36.0
2023-12-27 15:00:00,subway,611,"Times Sq-42 St (N,Q,R,W,S,1,2,3,7)/42 St (A,C,E)",Manhattan,507.0
2023-12-27 15:00:00,subway,398,77 St (6),Manhattan,41.0
2023-12-27 15:00:00,subway,278,"Jamaica Center-Parsons/Archer (E,J,Z)",Queens,2.0
2023-12-27 15:00:00,subway,4,"Broadway (N,W)",Queens,1.0
2023-12-27 15:00:00,subway,348,Rockaway Av (3),Brooklyn,10.0
2023-12-27 15:00:00,subway,350,Pennsylvania Av (3),Brooklyn,9.0
2023-12-27 15:00:00,subway,354,"Sterling St (2,5)",Brooklyn,4.0
2023-12-27 15:00:00,subway,360,Pelham Bay Park (6),Bronx,15.0
2023-12-27 15:00:00,subway,361,Buhre Av (6),Bronx,2.0
2023-12-27 15:00:00,subway,362,Middletown Rd (6),Bronx,3.0
2023-12-27 15:00:00,subway,344,Kingston Av (3),Brooklyn,10.0
2023-12-27 15:00:00,subway,364,Zerega Av (6),Bronx,25.0
2023-12-27 15:00:00,subway,373,E 149 St (6),Bronx,16.0
2023-12-27 15:00:00,subway,394,110 St (6),Manhattan,46.0
2023-12-27 15:00:00,subway,396,96 St (6),Manhattan,28.0
2023-12-27 15:00:00,subway,398,77 St (6),Manhattan,167.0
2023-12-27 15:00:00,subway,409,Spring St (6),Manhattan,11.0
2023-12-27 15:00:00,subway,416,Wakefield-241 St (2),Bronx,17.0
2023-12-27 15:00:00,subway,373,E 149 St (6),Bronx,10.0
2023-12-27 15:00:00,subway,417,"Nereid Av (2,5)",Bronx,5.0
2023-12-27 15:00:00,subway,344,Kingston Av (3),Brooklyn,11.0
2023-12-27 15:00:00,subway,34,53 St (R),Brooklyn,41.0
2023-12-27 15:00:00,subway,248,Avenue N (F),Brooklyn,40.0
2023-12-27 15:00:00,subway,26,"DeKalb Av (B,Q,R)",Brooklyn,42.0
2023-12-27 15:00:00,subway,261,"Forest Hills-71 Av (E,F,M,R)",Queens,65.0
2023-12-27 15:00:00,subway,266,"Elmhurst Av (M,R)",Queens,1.0
2023-12-27 15:00:00,subway,268,"65 St (M,R)",Queens,51.0
2023-12-27 15:00:00,subway,284,Nassau Av (G),Brooklyn,2.0
2023-12-27 15:00:00,subway,341,"Eastern Pkwy-Brooklyn Museum (2,3)",Brooklyn,30.0
2023-12-27 15:00:00,subway,290,Classon Av (G),Brooklyn,5.0
2023-12-27 15:00:00,subway,304,145 St (1),Manhattan,45.0
2023-12-27 15:00:00,subway,305,137 St-City College (1),Manhattan,30.0
2023-12-27 15:00:00,subway,306,125 St (1),Manhattan,26.0
2023-12-27 15:00:00,subway,320,23 St (1),Manhattan,20.0
2023-12-27 15:00:00,subway,328,WTC Cortlandt (1),Manhattan,399.0
2023-12-27 15:00:00,subway,336,"Hoyt St (2,3)",Brooklyn,33.0
2023-12-27 15:00:00,subway,297,215 St (1),Manhattan,13.0
2023-12-27 15:00:00,subway,238,"Smith-9 Sts (F,G)",Brooklyn,94.0
2023-12-27 15:00:00,subway,42,"Prospect Park (B,Q,S)",Brooklyn,16.0
2023-12-27 15:00:00,subway,427,"West Farms Sq-E Tremont Av (2,5)",Bronx,14.0
2023-12-27 15:00:00,subway,608,"4 Av (F,G)/9 St (R)",Brooklyn,45.0
2023-12-27 15:00:00,subway,61,50 St (D),Brooklyn,20.0
2023-12-27 15:00:00,subway,612,"Lexington Av-53 St (E,M)/51 St (6)",Manhattan,203.0
2023-12-27 15:00:00,subway,613,"Lexington Av (N,R,W)/59 St (4,5,6)",Manhattan,18.0
2023-12-27 15:00:00,subway,614,"59 St-Columbus Circle (A,B,C,D,1)",Manhattan,181.0
2023-12-27 15:00:00,subway,614,"59 St-Columbus Circle (A,B,C,D,1)",Manhattan,1967.0
2023-12-27 15:00:00,subway,606,"Court Sq (E,G,M,7)",Queens,560.0
2023-12-27 15:00:00,subway,617,"Atlantic Av-Barclays Ctr (B,D,N,Q,R,2,3,4,5)",Brooklyn,865.0
2023-12-27 15:00:00,subway,628,"Fulton St (A,C,J,Z,2,3,4,5)",Manhattan,87.0
2023-12-27 15:00:00,subway,65,79 St (D),Brooklyn,23.0
2023-12-27 15:00:00,subway,66,18 Av (D),Brooklyn,14.0
2023-12-27 15:00:00,subway,76,Bay Pkwy (N),Brooklyn,12.0
2023-12-27 15:00:00,subway,77,Kings Hwy (N),Brooklyn,12.0
2023-12-27 15:00:00,subway,399,68 St-Hunter College (6),Manhattan,622.0
2023-12-27 15:00:00,subway,624,"Chambers St (A,C)/WTC (E)/Park Pl (2,3)/Cortlandt (R,W)",Manhattan,476.0
2023-12-27 15:00:00,subway,426,"E 180 St (2,5)",Bronx,1.0
2023-12-27 15:00:00,subway,605,"168 St (A,C,1)",Manhattan,50.0
2023-12-27 15:00:00,subway,60,Fort Hamilton Pkwy (D),Brooklyn,3.0
2023-12-27 15:00:00,subway,431,"Intervale Av (2,5)",Bronx,4.0
2023-12-27 15:00:00,subway,444,Gun Hill Rd (5),Bronx,14.0
2023-12-27 15:00:00,subway,453,82 St-Jackson Hts (7),Queens,30.0
2023-12-27 15:00:00,subway,455,69 St (7),Queens,28.0
2023-12-27 15:00:00,subway,46,Cortelyou Rd (Q),Brooklyn,7.0
2023-12-27 15:00:00,subway,46,Cortelyou Rd (Q),Brooklyn,14.0
2023-12-27 15:00:00,subway,602,"14 St-Union Sq (L,N,Q,R,W,4,5,6)",Manhattan,330.0
2023-12-27 15:00:00,subway,460,33 St-Rawson St (7),Queens,11.0
2023-12-27 15:00:00,subway,461,"Queensboro Plaza (7,N,W)",Queens,400.0
2023-12-27 15:00:00,subway,5,"36 Av (N,W)",Queens,4.0
2023-12-27 15:00:00,subway,53,Neck Rd (Q),Brooklyn,1.0
2023-12-27 15:00:00,subway,55,"Brighton Beach (B,Q)",Brooklyn,29.0
2023-12-27 15:00:00,subway,56,Ocean Pkwy (Q),Brooklyn,8.0
2023-12-27 15:00:00,subway,6,"39 Av-Dutch Kills (N,W)",Queens,16.0
2023-12-27 15:00:00,subway,461,"Queensboro Plaza (7,N,W)",Queens,75.0
2023-12-27 15:00:00,subway,238,"Smith-9 Sts (F,G)",Brooklyn,4.0
2023-12-27 15:00:00,subway,426,"E 180 St (2,5)",Bronx,49.0
2023-12-27 15:00:00,subway,221,21 St-Queensbridge (F),Queens,7.0
2023-12-27 15:00:00,subway,459,40 St-Lowery St (7),Queens,13.0
2023-12-27 15:00:00,subway,471,34 St-Hudson Yards (7),Manhattan,35.0
2023-12-27 15:00:00,subway,471,34 St-Hudson Yards (7),Manhattan,89.0
2023-12-27 15:00:00,subway,477,72 St (Q),Manhattan,40.0
2023-12-27 15:00:00,subway,604,"161 St-Yankee Stadium (B,D,4)",Bronx,275.0
2023-12-27 15:00:00,subway,611,"Times Sq-42 St (N,Q,R,W,S,1,2,3,7)/42 St (A,C,E)",Manhattan,194.0
2023-12-27 15:00:00,subway,459,40 St-Lowery St (7),Queens,7.0
2023-12-27 15:00:00,subway,613,"Lexington Av (N,R,W)/59 St (4,5,6)",Manhattan,1591.0
2023-12-27 15:00:00,subway,630,"Myrtle-Wyckoff Avs (L,M)",Brooklyn,347.0
2023-12-27 15:00:00,subway,635,"South Ferry (1)/Whitehall St (R,W)",Manhattan,2.0
2023-12-27 15:00:00,subway,68,Bay Pkwy (D),Brooklyn,34.0
2023-12-27 15:00:00,subway,68,Bay Pkwy (D),Brooklyn,90.0
2023-12-27 15:00:00,subway,76,Bay Pkwy (N),Brooklyn,43.0
2023-12-27 15:00:00,subway,78,Avenue U (N),Brooklyn,14.0
2023-12-27 15:00:00,subway,619,"Broadway-Lafayette St (B,D,F,M)/Bleecker St (6)",Manhattan,44.0
2023-12-27 15:00:00,subway,83,"Woodhaven Blvd (J,Z)",Queens,7.0
2023-12-27 15:00:00,subway,453,82 St-Jackson Hts (7),Queens,40.0
2023-12-27 15:00:00,subway,449,111 St (7),Queens,35.0
2023-12-27 15:00:00,subway,407,Astor Pl (6),Manhattan,47.0
2023-12-27 15:00:00,subway,224,57 St (F),Manhattan,14.0
2023-12-27 15:00:00,subway,413,"Wall St (4,5)",Manhattan,147.0
2023-12-27 15:00:00,subway,413,"Wall St (4,5)",Manhattan,403.0
2023-12-27 15:00:00,subway,419,"225 St (2,5)",Bronx,5.0
2023-12-27 15:00:00,subway,420,"219 St (2,5)",Bronx,1.0
2023-12-27 15:00:00,subway,45,Beverley Rd (Q),Brooklyn,1.0
2023-12-27 15:00:00,subway,420,"219 St (2,5)",Bronx,2.0
2023-12-27 15:00:00,subway,427,"West Farms Sq-E Tremont Av (2,5)",Bronx,13.0
2023-12-27 15:00:00,subway,430,"Simpson St (2,5)",Bronx,75.0
2023-12-27 15:00:00,subway,431,"Intervale Av (2,5)",Bronx,8.0
2023-12-27 15:00:00,subway,433,"Jackson Av (2,5)",Bronx,4.0
2023-12-27 15:00:00,subway,436,Harlem-148 St (3),Manhattan,5.0
2023-12-27 15:00:00,subway,445,Pelham Pkwy (5),Bronx,3.0
2023-12-27 15:00:00,subway,426,"E 180 St (2,5)",Bronx,9.0
2023-12-27 15:00:00,subway,84,85 St-Forest Pkwy (J),Queens,4.0
2023-12-27 15:00:00,subway,47,"Newkirk Plaza (B,Q)",Brooklyn,28.0
2023-12-27 15:00:00,subway,183,Rockaway Av (C),Brooklyn,82.0
2023-12-27 15:00:00,subway,218,"167 St (B,D)",Bronx,13.0
2023-12-27 15:00:00,subway,165,"23 St (C,E)",Manhattan,75.0
2023-12-27 15:00:00,subway,169,"Canal St (A,C,E)",Manhattan,25.0
2023-12-27 15:00:00,subway,176,Lafayette Av (C),Brooklyn,1.0
2023-12-27 15:00:00,subway,183,Rockaway Av (C),Brooklyn,3.0
2023-12-27 15:00:00,subway,195,Ozone Park-Lefferts Blvd (A),Queens,20.0
2023-12-27 15:00:00,subway,196,Aqueduct Racetrack (A),Queens,1.0
2023-12-27 15:00:00,subway,197,Aqueduct-N Conduit Av (A),Queens,3.0
2023-12-27 15:00:00,subway,2,"Astoria Blvd (N,W)",Queens,13.0
2023-12-27 15:00:00,subway,201,"Beach 98 St (A,S)",Queens,1.0
2023-12-27 15:00:00,subway,201,"Beach 98 St (A,S)",Queens,2.0
2023-12-27 15:00:00,subway,201,"Beach 98 St (A,S)",Queens,1.0
2023-12-27 15:00:00,subway,212,"Kingsbridge Rd (B,D)",Bronx,6.0
2023-12-27 15:00:00,subway,86,Cypress Hills (J),Brooklyn,8.0
2023-12-27 15:00:00,subway,213,"Fordham Rd (B,D)",Bronx,34.0
2023-12-27 15:00:00,subway,159,"81 St-Museum of Natural History (C,B)",Manhattan,1301.0
2023-12-27 15:00:00,subway,153,"125 St (A,C,B,D)",Manhattan,428.0
2023-12-27 15:00:00,subway,162,"50 St (C,E)",Manhattan,84.0
2023-12-27 15:00:00,subway,113,Knickerbocker Av (M),Brooklyn,23.0
2023-12-27 15:00:00,tram,TRAM1,RI Tramway (Manhattan),Manhattan,164.0
2023-12-27 15:00:00,staten_island_railway,501,St George (SIR),Staten Island,91.0
2023-12-27 15:00:00,staten_island_railway,502,Tompkinsville (SIR),Staten Island,1.0
2023-12-27 15:00:00,subway,107,"Broad St (J,Z)",Manhattan,22.0
2023-12-27 15:00:00,subway,109,Fresh Pond Rd (M),Queens,10.0
2023-12-27 15:00:00,subway,152,"135 St (C,B)",Manhattan,4.0
2023-12-27 15:00:00,subway,118,3 Av (L),Manhattan,9.0
2023-12-27 15:00:00,subway,120,Bedford Av (L),Brooklyn,54.0
2023-12-27 15:00:00,subway,129,Halsey St (L),Queens,5.0
2023-12-27 15:00:00,subway,137,East 105 St (L),Brooklyn,20.0
2023-12-27 15:00:00,subway,14,"23 St (R,W)",Manhattan,27.0
2023-12-27 15:00:00,subway,143,Inwood-207 St (A),Manhattan,11.0
2023-12-27 15:00:00,subway,145,190 St (A),Manhattan,14.0
2023-12-27 15:00:00,subway,149,163 St-Amsterdam Av (C),Manhattan,4.0
2023-12-27 15:00:00,subway,88,"Norwood Av (J,Z)",Brooklyn,3.0
2023-12-27 16:00:00,tram,TRAM1,RI Tramway (Manhattan),Manhattan,6.0
2023-12-27 16:00:00,subway,99,"Lorimer St (M,J)",Brooklyn,78.0
2023-12-27 16:00:00,subway,96,Kosciuszko St (J),Brooklyn,9.0
2023-12-27 16:00:00,subway,97,"Myrtle Av (M,J,Z)",Brooklyn,41.0
2023-12-27 16:00:00,subway,98,"Flushing Av (M,J)",Brooklyn,94.0
2023-12-27 16:00:00,subway,91,Alabama Av (J),Brooklyn,3.0
2023-12-27 16:00:00,subway,437,145 St (3),Manhattan,3.0
2023-12-27 16:00:00,subway,87,"Crescent St (J,Z)",Brooklyn,5.0
2023-12-27 16:00:00,subway,83,"Woodhaven Blvd (J,Z)",Queens,12.0
2023-12-27 16:00:00,subway,82,"104 St (J,Z)",Queens,3.0
2023-12-27 16:00:00,subway,81,111 St (J),Queens,16.0
2023-12-27 16:00:00,subway,75,20 Av (N),Brooklyn,10.0
2023-12-27 16:00:00,subway,90,"Van Siclen Av (J,Z)",Brooklyn,20.0
2023-12-27 16:00:00,subway,74,18 Av (N),Brooklyn,81.0
2023-12-27 16:00:00,subway,9,"57 St-7 Av (N,Q,R,W)",Manhattan,88.0
2023-12-27 16:00:00,subway,86,Cypress Hills (J),Brooklyn,1.0
2023-12-27 16:00:00,subway,450,103 St-Corona Plaza (7),Queens,61.0
2023-12-27 16:00:00,subway,65,79 St (D),Brooklyn,12.0
2023-12-27 16:00:00,subway,64,71 St (D),Brooklyn,20.0
2023-12-27 16:00:00,subway,453,82 St-Jackson Hts (7),Queens,150.0
2023-12-27 16:00:00,subway,456,61 St-Woodside (7),Queens,45.0
2023-12-27 16:00:00,subway,456,61 St-Woodside (7),Queens,242.0
2023-12-27 16:00:00,subway,457,52 St (7),Queens,87.0
2023-12-27 16:00:00,subway,458,46 St-Bliss St (7),Queens,12.0
2023-12-27 16:00:00,subway,461,"Queensboro Plaza (7,N,W)",Queens,1.0
2023-12-27 16:00:00,subway,463,Hunters Point Av (7),Queens,18.0
2023-12-27 16:00:00,subway,59,9 Av (D),Brooklyn,18.0
2023-12-27 16:00:00,subway,604,"161 St-Yankee Stadium (B,D,4)",Bronx,113.0
2023-12-27 16:00:00,subway,617,"Atlantic Av-Barclays Ctr (B,D,N,Q,R,2,3,4,5)",Brooklyn,215.0
2023-12-27 16:00:00,subway,618,"14 St (A,C,E)/8 Av (L)",Manhattan,60.0
2023-12-27 16:00:00,subway,62,55 St (D),Brooklyn,2.0
2023-12-27 16:00:00,subway,622,"Brooklyn Bridge-City Hall (4,5,6)/Chambers St (J,Z)",Manhattan,36.0
2023-12-27 16:00:00,subway,629,Lorimer St (L)/Metropolitan Av (G),Brooklyn,107.0
2023-12-27 16:00:00,subway,76,Bay Pkwy (N),Brooklyn,9.0
2023-12-27 16:00:00,subway,636,"Jay St-MetroTech (A,C,F,R)",Brooklyn,1.0
2023-12-27 16:00:00,subway,386,Mt Eden Av (4),Bronx,7.0
2023-12-27 16:00:00,subway,628,"Fulton St (A,C,J,Z,2,3,4,5)",Manhattan,18.0
2023-12-27 16:00:00,subway,421,"Gun Hill Rd (2,5)",Bronx,12.0
2023-12-27 16:00:00,subway,418,"233 St (2,5)",Bronx,12.0
2023-12-27 16:00:00,subway,41,"7 Av (B,Q)",Brooklyn,70.0
2023-12-27 16:00:00,subway,409,Spring St (6),Manhattan,15.0
2023-12-27 16:00:00,subway,405,23 St (6),Manhattan,225.0
2023-12-27 16:00:00,subway,399,68 St-Hunter College (6),Manhattan,5.0
2023-12-27 16:00:00,subway,399,68 St-Hunter College (6),Manhattan,131.0
2023-12-27 16:00:00,subway,397,"86 St (4,5,6)",Manhattan,86.0
2023-12-27 16:00:00,subway,396,96 St (6),Manhattan,5.0
2023-12-27 16:00:00,subway,396,96 St (6),Manhattan,192.0
2023-12-27 16:00:00,subway,395,103 St (6),Manhattan,278.0
2023-12-27 16:00:00,subway,388,167 St (4),Bronx,30.0
2023-12-27 16:00:00,subway,386,Mt Eden Av (4),Bronx,2.0
2023-12-27 16:00:00,subway,381,Kingsbridge Rd (4),Bronx,30.0
2023-12-27 16:00:00,subway,43,Parkside Av (Q),Brooklyn,15.0
2023-12-27 16:00:00,subway,424,"Pelham Pkwy (2,5)",Bronx,28.0
2023-12-27 16:00:00,subway,427,"West Farms Sq-E Tremont Av (2,5)",Bronx,11.0
2023-12-27 16:00:00,subway,429,"Freeman St (2,5)",Bronx,6.0
2023-12-27 16:00:00,subway,436,Harlem-148 St (3),Manhattan,29.0
2023-12-27 16:00:00,subway,626,"Franklin Av (2,3,4,5)/Botanic Garden (S)",Brooklyn,29.0
2023-12-27 16:00:00,subway,623,"Canal St (J,N,Q,R,W,Z,6)",Manhattan,176.0
2023-12-27 16:00:00,subway,619,"Broadway-Lafayette St (B,D,F,M)/Bleecker St (6)",Manhattan,1841.0
2023-12-27 16:00:00,subway,619,"Broadway-Lafayette St (B,D,F,M)/Bleecker St (6)",Manhattan,42.0
2023-12-27 16:00:00,subway,616,"74-Broadway (7)/Jackson Hts-Roosevelt Av (E,F,M,R)",Queens,93.0
2023-12-27 16:00:00,subway,607,"34 St-Herald Sq (B,D,F,M,N,Q,R,W)",Manhattan,20.0
2023-12-27 16:00:00,subway,602,"14 St-Union Sq (L,N,Q,R,W,4,5,6)",Manhattan,164.0
2023-12-27 16:00:00,subway,629,Lorimer St (L)/Metropolitan Av (G),Brooklyn,19.0
2023-12-27 16:00:00,subway,601,"14 St (F,M,1,2,3)/6 Av (L)",Manhattan,53.0
2023-12-27 16:00:00,subway,455,69 St (7),Queens,69.0
2023-12-27 16:00:00,subway,452,90 St-Elmhurst Av (7),Queens,263.0
2023-12-27 16:00:00,subway,444,Gun Hill Rd (5),Bronx,9.0
2023-12-27 16:00:00,subway,443,Baychester Av (5),Bronx,17.0
2023-12-27 16:00:00,subway,442,Eastchester-Dyre Av (5),Bronx,22.0
2023-12-27 16:00:00,subway,440,"116 St (2,3)",Manhattan,136.0
2023-12-27 16:00:00,subway,44,"Church Av (B,Q)",Brooklyn,24.0
2023-12-27 16:00:00,subway,54,"Sheepshead Bay (B,Q)",Brooklyn,5.0
2023-12-27 16:00:00,subway,424,"Pelham Pkwy (2,5)",Bronx,27.0
2023-12-27 16:00:00,subway,136,New Lots Av (L),Brooklyn,7.0
2023-12-27 16:00:00,subway,422,"Burke Av (2,5)",Bronx,8.0
2023-12-27 16:00:00,subway,199,"Broad Channel (A,S)",Queens,1.0
2023-12-27 16:00:00,subway,205,Beach 60 St (A),Queens,6.0
2023-12-27 16:00:00,subway,206,Beach 44 St (A),Queens,2.0
2023-12-27 16:00:00,subway,209,Far Rockaway-Mott Av (A),Queens,22.0
2023-12-27 16:00:00,subway,211,"Bedford Park Blvd (B,D)",Bronx,32.0
2023-12-27 16:00:00,subway,215,"Tremont Av (B,D)",Bronx,76.0
2023-12-27 16:00:00,subway,22,"Rector St (R,W)",Manhattan,1.0
2023-12-27 16:00:00,subway,220,"155 St (B,D)",Manhattan,7.0
2023-12-27 16:00:00,subway,231,"Grand St (B,D)",Manhattan,162.0
2023-12-27 16:00:00,subway,241,"15 St-Prospect Park (F,G)",Brooklyn,2.0
2023-12-27 16:00:00,subway,246,Avenue I (F),Brooklyn,31.0
2023-12-27 16:00:00,subway,248,Avenue N (F),Brooklyn,8.0
2023-12-27 16:00:00,subway,256,Parsons Blvd (F),Queens,20.0
2023-12-27 16:00:00,subway,26,"DeKalb Av (B,Q,R)",Brooklyn,38.0
2023-12-27 16:00:00,subway,266,"Elmhurst Av (M,R)",Queens,20.0
2023-12-27 16:00:00,subway,195,Ozone Park-Lefferts Blvd (A),Queens,45.0
2023-12-27 16:00:00,subway,190,80 St (A),Queens,9.0
2023-12-27 16:00:00,subway,188,"Euclid Av (A,C)",Brooklyn,23.0
2023-12-27 16:00:00,subway,182,Ralph Av (C),Brooklyn,6.0
2023-12-27 16:00:00,staten_island_railway,501,St George (SIR),Staten Island,202.0
2023-12-27 16:00:00,subway,103,"Bowery (J,Z)",Manhattan,5.0
2023-12-27 16:00:00,subway,108,Middle Village-Metropolitan Av (M),Queens,29.0
2023-12-27 16:00:00,subway,118,3 Av (L),Manhattan,54.0
2023-12-27 16:00:00,subway,125,Morgan Av (L),Brooklyn,56.0
2023-12-27 16:00:00,subway,378,Woodlawn (4),Bronx,4.0
2023-12-27 16:00:00,subway,14,"23 St (R,W)",Manhattan,245.0
2023-12-27 16:00:00,subway,280,Jamaica-Van Wyck (E),Queens,9.0
2023-12-27 16:00:00,subway,149,163 St-Amsterdam Av (C),Manhattan,4.0
2023-12-27 16:00:00,subway,157,"96 St (C,B)",Manhattan,13.0
2023-12-27 16:00:00,subway,158,"86 St (C,B)",Manhattan,26.0
2023-12-27 16:00:00,subway,164,"34 St-Penn Station (A,C,E)",Manhattan,59.0
2023-12-27 16:00:00,subway,165,"23 St (C,E)",Manhattan,27.0
2023-12-27 16:00:00,subway,169,"Canal St (A,C,E)",Manhattan,38.0
2023-12-27 16:00:00,subway,176,Lafayette Av (C),Brooklyn,135.0
2023-12-27 16:00:00,subway,182,Ralph Av (C),Brooklyn,30.0
2023-12-27 16:00:00,subway,152,"135 St (C,B)",Manhattan,23.0
2023-12-27 16:00:00,subway,423,"Allerton Av (2,5)",Bronx,6.0
2023-12-27 16:00:00,subway,282,21 St (G),Queens,10.0
2023-12-27 16:00:00,subway,289,Bedford-Nostrand Avs (G),Brooklyn,42.0
2023-12-27 16:00:00,subway,366,Parkchester (6),Bronx,24.0
2023-12-27 16:00:00,subway,368,Morrison Av-Soundview (6),Bronx,4.0
2023-12-27 16:00:00,subway,369,Elder Av (6),Bronx,1.0
2023-12-27 16:00:00,subway,379,Mosholu Pkwy (4),Bronx,19.0
2023-12-27 16:00:00,subway,383,183 St (4),Bronx,14.0
2023-12-27 16:00:00,subway,384,Burnside Av (4),Bronx,155.0
2023-12-27 16:00:00,subway,387,170 St (4),Bronx,17.0
2023-12-27 16:00:00,subway,396,96 St (6),Manhattan,110.0
2023-12-27 16:00:00,subway,399,68 St-Hunter College (6),Manhattan,51.0
2023-12-27 16:00:00,subway,399,68 St-Hunter College (6),Manhattan,344.0
2023-12-27 16:00:00,subway,4,"Broadway (N,W)",Queens,8.0
2023-12-27 16:00:00,subway,41,"7 Av (B,Q)",Brooklyn,3.0
2023-12-27 16:00:00,subway,413,"Wall St (4,5)",Manhattan,227.0
2023-12-27 16:00:00,subway,418,"233 St (2,5)",Bronx,4.0
2023-12-27 16:00:00,subway,421,"Gun Hill Rd (2,5)",Bronx,4.0
2023-12-27 16:00:00,subway,362,Middletown Rd (6),Bronx,9.0
2023-12-27 16:00:00,subway,360,Pelham Bay Park (6),Bronx,1.0
2023-12-27 16:00:00,subway,360,Pelham Bay Park (6),Bronx,35.0
2023-12-27 16:00:00,subway,359,"Flatbush Av-Brooklyn College (2,5)",Brooklyn,29.0
2023-12-27 16:00:00,subway,297,215 St (1),Manhattan,13.0
2023-12-27 16:00:00,subway,298,207 St (1),Manhattan,10.0
2023-12-27 16:00:00,subway,30,Prospect Av (R),Brooklyn,24.0
2023-12-27 16:00:00,subway,309,103 St (1),Manhattan,16.0
2023-12-27 16:00:00,subway,311,86 St (1),Manhattan,20.0
2023-12-27 16:00:00,subway,319,28 St (1),Manhattan,62.0
2023-12-27 16:00:00,subway,323,Christopher St-Sheridan Sq (1),Manhattan,8.0
2023-12-27 16:00:00,subway,284,Nassau Av (G),Brooklyn,39.0
2023-12-27 16:00:00,subway,323,Christopher St-Sheridan Sq (1),Manhattan,14.0
2023-12-27 16:00:00,subway,329,Rector St (1),Manhattan,4.0
2023-12-27 16:00:00,subway,336,"Hoyt St (2,3)",Brooklyn,27.0
2023-12-27 16:00:00,subway,339,"Bergen St (2,3)",Brooklyn,26.0
2023-12-27 16:00:00,subway,341,"Eastern Pkwy-Brooklyn Museum (2,3)",Brooklyn,29.0
2023-12-27 16:00:00,subway,341,"Eastern Pkwy-Brooklyn Museum (2,3)",Brooklyn,3.0
2023-12-27 16:00:00,subway,352,New Lots Av (3),Brooklyn,41.0
2023-12-27 16:00:00,subway,356,"Church Av (2,5)",Brooklyn,125.0
2023-12-27 16:00:00,subway,326,Franklin St (1),Manhattan,1.0
2023-12-27 16:00:00,subway,377,3 Av-138 St (6),Bronx,21.0
2023-12-27 16:00:00,subway,255,169 St (F),Queens,68.0
2023-12-27 16:00:00,subway,475,96 St (Q),Manhattan,2.0
2023-12-27 16:00:00,subway,96,Kosciuszko St (J),Brooklyn,14.0
2023-12-27 16:00:00,subway,618,"14 St (A,C,E)/8 Av (L)",Manhattan,446.0
2023-12-27 16:00:00,subway,615,New Utrecht Av (N)/62 St (D),Brooklyn,67.0
2023-12-27 16:00:00,subway,613,"Lexington Av (N,R,W)/59 St (4,5,6)",Manhattan,131.0
2023-12-27 16:00:00,subway,62,55 St (D),Brooklyn,41.0
2023-12-27 16:00:00,subway,606,"Court Sq (E,G,M,7)",Queens,39.0
2023-12-27 16:00:00,subway,375,Cypress Av (6),Bronx,64.0
2023-12-27 16:00:00,subway,375,Cypress Av (6),Bronx,9.0
2023-12-27 16:00:00,subway,371,Hunts Point Av (6),Bronx,15.0
2023-12-27 16:00:00,subway,79,86 St (N),Brooklyn,1.0
2023-12-27 16:00:00,subway,349,Junius St (3),Brooklyn,16.0
2023-12-27 16:00:00,subway,333,"Wall St (2,3)",Manhattan,13.0
2023-12-27 16:00:00,subway,33,45 St (R),Brooklyn,9.0
2023-12-27 16:00:00,subway,324,Houston St (1),Manhattan,17.0
2023-12-27 16:00:00,subway,321,18 St (1),Manhattan,8.0
2023-12-27 16:00:00,subway,316,50 St (1),Manhattan,8.0
2023-12-27 16:00:00,subway,312,79 St (1),Manhattan,87.0
2023-12-27 16:00:00,subway,307,116 St-Columbia University (1),Manhattan,15.0
2023-12-27 16:00:00,subway,30,Prospect Av (R),Brooklyn,1.0
2023-12-27 16:00:00,subway,297,215 St (1),Manhattan,2.0
2023-12-27 16:00:00,subway,333,"Wall St (2,3)",Manhattan,74.0
2023-12-27 16:00:00,subway,458,46 St-Bliss St (7),Queens,66.0
2023-12-27 16:00:00,subway,64,71 St (D),Brooklyn,1.0
2023-12-27 16:00:00,subway,624,"Chambers St (A,C)/WTC (E)/Park Pl (2,3)/Cortlandt (R,W)",Manhattan,1052.0
2023-12-27 16:00:00,subway,242,"Fort Hamilton Pkwy (F,G)",Brooklyn,16.0
2023-12-27 16:00:00,subway,246,Avenue I (F),Brooklyn,6.0
2023-12-27 16:00:00,subway,250,Kings Hwy (F),Brooklyn,11.0
2023-12-27 16:00:00,subway,255,169 St (F),Queens,13.0
2023-12-27 16:00:00,subway,268,"65 St (M,R)",Queens,11.0
2023-12-27 16:00:00,subway,283,Greenpoint Av (G),Brooklyn,19.0
2023-12-27 16:00:00,subway,292,Fulton St (G),Brooklyn,11.0
2023-12-27 16:00:00,subway,346,Sutter Av-Rutland Rd (3),Brooklyn,22.0
2023-12-27 16:00:00,subway,349,Junius St (3),Brooklyn,4.0
2023-12-27 16:00:00,subway,64,71 St (D),Brooklyn,5.0
2023-12-27 16:00:00,subway,353,"President St-Medgar Evers College (2,5)",Brooklyn,7.0
2023-12-27 16:00:00,subway,371,Hunts Point Av (6),Bronx,27.0
2023-12-27 16:00:00,subway,372,Longwood Av (6),Bronx,61.0
2023-12-27 16:00:00,subway,379,Mosholu Pkwy (4),Bronx,127.0
2023-12-27 16:00:00,subway,398,77 St (6),Manhattan,459.0
2023-12-27 16:00:00,subway,416,Wakefield-241 St (2),Bronx,11.0
2023-12-27 16:00:00,subway,444,Gun Hill Rd (5),Bronx,6.0
2023-12-27 16:00:00,subway,57,"W 8 St-NY Aquarium (F,Q)",Brooklyn,32.0
2023-12-27 16:00:00,subway,610,"Grand Central-42 St (S,4,5,6,7)",Manhattan,336.0
2023-12-27 16:00:00,subway,621,"Broadway Junction (A,C,J,L,Z)",Brooklyn,35.0
2023-12-27 16:00:00,subway,362,Middletown Rd (6),Bronx,9.0
2023-12-27 16:00:00,subway,200,"Beach 90 St (A,S)",Queens,4.0
2023-12-27 16:00:00,subway,464,Vernon Blvd-Jackson Av (7),Queens,22.0
2023-12-27 16:00:00,subway,58,"Coney Island-Stillwell Av (D,F,N,Q)",Brooklyn,119.0
2023-12-27 16:00:00,subway,2,"Astoria Blvd (N,W)",Queens,186.0
2023-12-27 16:00:00,subway,203,"Rockaway Park-Beach 116 St (A,S)",Queens,6.0
2023-12-27 16:00:00,subway,203,"Rockaway Park-Beach 116 St (A,S)",Queens,1.0
2023-12-27 16:00:00,subway,213,"Fordham Rd (B,D)",Bronx,20.0
2023-12-27 16:00:00,subway,222,Roosevelt Island (F),Manhattan,5.0
2023-12-27 16:00:00,subway,231,"Grand St (B,D)",Manhattan,729.0
2023-12-27 16:00:00,subway,236,"Bergen St (F,G)",Brooklyn,297.0
2023-12-27 16:00:00,subway,242,"Fort Hamilton Pkwy (F,G)",Brooklyn,5.0
2023-12-27 16:00:00,subway,245,18 Av (F),Brooklyn,15.0
2023-12-27 16:00:00,subway,192,Rockaway Blvd (A),Queens,12.0
2023-12-27 16:00:00,subway,247,Bay Pkwy (F),Brooklyn,14.0
2023-12-27 16:00:00,subway,6,"39 Av-Dutch Kills (N,W)",Queens,17.0
2023-12-27 16:00:00,subway,257,Sutphin Blvd (F),Queens,14.0
2023-12-27 16:00:00,subway,258,"Briarwood (E,F)",Queens,6.0
2023-12-27 16:00:00,subway,259,"Kew Gardens-Union Tpke (E,F)",Queens,202.0
2023-12-27 16:00:00,subway,264,"Woodhaven Blvd (M,R)",Queens,95.0
2023-12-27 16:00:00,subway,272,"36 St (M,R)",Queens,57.0
2023-12-27 16:00:00,subway,276,"5 Av/53 St (E,M)",Manhattan,7.0
2023-12-27 16:00:00,subway,280,Jamaica-Van Wyck (E),Queens,18.0
2023-12-27 16:00:00,subway,280,Jamaica-Van Wyck (E),Queens,88.0
2023-12-27 16:00:00,subway,251,Avenue U (F),Brooklyn,32.0
2023-12-27 16:00:00,subway,52,Avenue U (Q),Brooklyn,52.0
2023-12-27 16:00:00,subway,186,Van Siclen Av (C),Brooklyn,2.0
2023-12-27 16:00:00,subway,169,"Canal St (A,C,E)",Manhattan,220.0
2023-12-27 16:00:00,subway,6,"39 Av-Dutch Kills (N,W)",Queens,9.0
2023-12-27 16:00:00,subway,1,"Astoria-Ditmars Blvd (N,W)",Queens,58.0
2023-12-27 16:00:00,subway,10,"49 St (N,R,W)",Manhattan,1100.0
2023-12-27 16:00:00,subway,10,"49 St (N,R,W)",Manhattan,5.0
2023-12-27 16:00:00,subway,110,Forest Av (M),Queens,8.0
2023-12-27 16:00:00,subway,111,Seneca Av (M),Queens,6.0
2023-12-27 16:00:00,subway,118,3 Av (L),Manhattan,12.0
2023-12-27 16:00:00,subway,119,1 Av (L),Manhattan,34.0
2023-12-27 16:00:00,subway,120,Bedford Av (L),Brooklyn,128.0
2023-12-27 16:00:00,subway,176,Lafayette Av (C),Brooklyn,14.0
2023-12-27 16:00:00,subway,126,Jefferson St (L),Brooklyn,20.0
2023-12-27 16:00:00,subway,138,Canarsie-Rockaway Pkwy (L),Brooklyn,12.0
2023-12-27 16:00:00,subway,141,Park Pl (S),Brooklyn,3.0
2023-12-27 16:00:00,subway,146,181 St (A),Manhattan,17.0
2023-12-27 16:00:00,subway,146,181 St (A),Manhattan,22.0
2023-12-27 16:00:00,subway,147,175 St (A),Manhattan,42.0
2023-12-27 16:00:00,subway,147,175 St (A),Manhattan,1.0
2023-12-27 16:00:00,subway,150,155 St (C),Manhattan,8.0
2023-12-27 16:00:00,subway,154,"116 St (C,B)",Manhattan,2.0
2023-12-27 16:00:00,subway,162,"50 St (C,E)",Manhattan,190.0
2023-12-27 16:00:00,subway,13,"28 St (R,W)",Manhattan,391.0
2023-12-27 16:00:00,subway,181,"Utica Av (A,C)",Brooklyn,40.0
2023-12-27 16:00:00,subway,278,"Jamaica Center-Parsons/Archer (E,J,Z)",Queens,57.0
2023-12-27 16:00:00,subway,103,"Bowery (J,Z)",Manhattan,37.0
2023-12-27 16:00:00,subway,263,"63 Dr-Rego Park (M,R)",Queens,46.0
2023-12-27 16:00:00,subway,268,"65 St (M,R)",Queens,4.0
2023-12-27 16:00:00,subway,276,"5 Av/53 St (E,M)",Manhattan,555.0
2023-12-27 16:00:00,subway,282,21 St (G),Queens,26.0
2023-12-27 16:00:00,subway,286,Broadway (G),Brooklyn,9.0
2023-12-27 16:00:00,subway,292,Fulton St (G),Brooklyn,57.0
2023-12-27 16:00:00,subway,294,238 St (1),Bronx,10.0
2023-12-27 16:00:00,subway,300,191 St (1),Manhattan,13.0
2023-12-27 16:00:00,subway,301,181 St (1),Manhattan,24.0
2023-12-27 16:00:00,subway,306,125 St (1),Manhattan,10.0
2023-12-27 16:00:00,subway,307,116 St-Columbia University (1),Manhattan,6.0
2023-12-27 16:00:00,subway,308,Cathedral Pkwy (110 St) (1),Manhattan,30.0
2023-12-27 16:00:00,subway,31,25 St (R),Brooklyn,6.0
2023-12-27 16:00:00,subway,31,25 St (R),Brooklyn,76.0
2023-12-27 16:00:00,subway,319,28 St (1),Manhattan,32.0
2023-12-27 16:00:00,subway,323,Christopher St-Sheridan Sq (1),Manhattan,14.0
2023-12-27 16:00:00,subway,328,WTC Cortlandt (1),Manhattan,2.0
2023-12-27 16:00:00,subway,336,"Hoyt St (2,3)",Brooklyn,17.0
2023-12-27 16:00:00,subway,336,"Hoyt St (2,3)",Brooklyn,240.0
2023-12-27 16:00:00,subway,339,"Bergen St (2,3)",Brooklyn,7.0
2023-12-27 16:00:00,subway,339,"Bergen St (2,3)",Brooklyn,8.0
2023-12-27 16:00:00,subway,339,"Bergen St (2,3)",Brooklyn,14.0
2023-12-27 16:00:00,subway,347,Saratoga Av (3),Brooklyn,15.0
2023-12-27 16:00:00,subway,253,Neptune Av (F),Brooklyn,2.0
2023-12-27 16:00:00,subway,252,Avenue X (F),Brooklyn,26.0
2023-12-27 16:00:00,subway,244,Ditmas Av (F),Brooklyn,18.0
2023-12-27 16:00:00,subway,240,"7 Av (F,G)",Brooklyn,34.0
2023-12-27 16:00:00,subway,101,"Marcy Av (M,J,Z)",Brooklyn,270.0
2023-12-27 16:00:00,subway,110,Forest Av (M),Queens,3.0
2023-12-27 16:00:00,subway,118,3 Av (L),Manhattan,29.0
2023-12-27 16:00:00,subway,122,Graham Av (L),Brooklyn,203.0
2023-12-27 16:00:00,subway,14,"23 St (R,W)",Manhattan,22.0
2023-12-27 16:00:00,subway,143,Inwood-207 St (A),Manhattan,93.0
2023-12-27 16:00:00,subway,145,190 St (A),Manhattan,3.0
2023-12-27 16:00:00,subway,150,155 St (C),Manhattan,54.0
2023-12-27 16:00:00,subway,157,"96 St (C,B)",Manhattan,99.0
2023-12-27 16:00:00,subway,17,"Prince St (R,W)",Manhattan,189.0
2023-12-27 16:00:00,subway,17,"Prince St (R,W)",Manhattan,53.0
2023-12-27 16:00:00,subway,347,Saratoga Av (3),Brooklyn,2.0
2023-12-27 16:00:00,subway,175,"Hoyt-Schermerhorn Sts (A,C,G)",Brooklyn,65.0
2023-12-27 16:00:00,subway,185,Liberty Av (C),Brooklyn,16.0
2023-12-27 16:00:00,subway,194,111 St (A),Queens,7.0
2023-12-27 16:00:00,subway,205,Beach 60 St (A),Queens,31.0
2023-12-27 16:00:00,subway,210,Norwood-205 St (D),Bronx,39.0
2023-12-27 16:00:00,subway,216,"174-175 Sts (B,D)",Bronx,9.0
2023-12-27 16:00:00,subway,218,"167 St (B,D)",Bronx,25.0
2023-12-27 16:00:00,subway,220,"155 St (B,D)",Manhattan,6.0
2023-12-27 16:00:00,subway,223,"Lexington Av/63 St (F,Q)",Manhattan,24.0
2023-12-27 16:00:00,subway,232,2 Av (F),Manhattan,146.0
2023-12-27 16:00:00,subway,237,"Carroll St (F,G)",Brooklyn,36.0
2023-12-27 16:00:00,subway,238,"Smith-9 Sts (F,G)",Brooklyn,91.0
2023-12-27 16:00:00,subway,182,Ralph Av (C),Brooklyn,1.0
2023-12-27 16:00:00,subway,351,Van Siclen Av (3),Brooklyn,17.0
2023-12-27 16:00:00,subway,352,New Lots Av (3),Brooklyn,3.0
2023-12-27 16:00:00,subway,357,"Beverly Rd (2,5)",Brooklyn,7.0
2023-12-27 16:00:00,subway,425,"Bronx Park East (2,5)",Bronx,10.0
2023-12-27 16:00:00,subway,168,"Spring St (C,E)",Manhattan,16.0
2023-12-27 16:00:00,subway,437,145 St (3),Manhattan,8.0
2023-12-27 16:00:00,subway,438,"135 St (2,3)",Manhattan,42.0
2023-12-27 16:00:00,subway,444,Gun Hill Rd (5),Bronx,2.0
2023-12-27 16:00:00,subway,444,Gun Hill Rd (5),Bronx,46.0
2023-12-27 16:00:00,subway,449,111 St (7),Queens,61.0
2023-12-27 16:00:00,subway,96,Kosciuszko St (J),Brooklyn,28.0
2023-12-27 16:00:00,subway,93,"Chauncey St (J,Z)",Brooklyn,2.0
2023-12-27 16:00:00,subway,420,"219 St (2,5)",Bronx,4.0
2023-12-27 16:00:00,subway,84,85 St-Forest Pkwy (J),Queens,2.0
2023-12-27 16:00:00,subway,80,"121 St (J,Z)",Queens,13.0
2023-12-27 16:00:00,subway,72,Fort Hamilton Pkwy (N),Brooklyn,39.0
2023-12-27 16:00:00,subway,630,"Myrtle-Wyckoff Avs (L,M)",Brooklyn,49.0
2023-12-27 16:00:00,subway,629,Lorimer St (L)/Metropolitan Av (G),Brooklyn,9.0
2023-12-27 16:00:00,subway,620,"Court St (R)/Borough Hall (2,3,4,5)",Brooklyn,83.0
2023-12-27 16:00:00,subway,451,Junction Blvd (7),Queens,147.0
2023-12-27 16:00:00,subway,456,61 St-Woodside (7),Queens,18.0
2023-12-27 16:00:00,subway,456,61 St-Woodside (7),Queens,26.0
2023-12-27 16:00:00,subway,456,61 St-Woodside (7),Queens,68.0
2023-12-27 16:00:00,subway,82,"104 St (J,Z)",Queens,6.0
2023-12-27 16:00:00,subway,419,"225 St (2,5)",Bronx,2.0
2023-12-27 16:00:00,subway,432,"Prospect Av (2,5)",Bronx,22.0
2023-12-27 16:00:00,subway,416,Wakefield-241 St (2),Bronx,6.0
2023-12-27 16:00:00,subway,358,"Newkirk Av-Little Haiti (2,5)",Brooklyn,11.0
2023-12-27 16:00:00,subway,359,"Flatbush Av-Brooklyn College (2,5)",Brooklyn,114.0
2023-12-27 16:00:00,subway,365,Castle Hill Av (6),Bronx,4.0
2023-12-27 16:00:00,subway,377,3 Av-138 St (6),Bronx,10.0
2023-12-27 16:00:00,subway,379,Mosholu Pkwy (4),Bronx,14.0
2023-12-27 16:00:00,subway,379,Mosholu Pkwy (4),Bronx,55.0
2023-12-27 16:00:00,subway,383,183 St (4),Bronx,6.0
2023-12-27 16:00:00,subway,386,Mt Eden Av (4),Bronx,7.0
2023-12-27 16:00:00,subway,397,"86 St (4,5,6)",Manhattan,109.0
2023-12-27 16:00:00,subway,397,"86 St (4,5,6)",Manhattan,219.0
2023-12-27 16:00:00,subway,397,"86 St (4,5,6)",Manhattan,415.0
2023-12-27 16:00:00,subway,407,Astor Pl (6),Manhattan,14.0
2023-12-27 16:00:00,subway,416,Wakefield-241 St (2),Bronx,45.0
2023-12-27 16:00:00,subway,283,Greenpoint Av (G),Brooklyn,253.0
2023-12-27 16:00:00,subway,41,"7 Av (B,Q)",Brooklyn,20.0
2023-12-27 17:00:00,subway,319,28 St (1),Manhattan,21.0
2023-12-27 17:00:00,subway,355,"Winthrop St (2,5)",Brooklyn,11.0
2023-12-27 17:00:00,subway,312,79 St (1),Manhattan,9.0
2023-12-27 17:00:00,subway,246,Avenue I (F),Brooklyn,27.0
2023-12-27 17:00:00,subway,247,Bay Pkwy (F),Brooklyn,17.0
2023-12-27 17:00:00,subway,249,Avenue P (F),Brooklyn,4.0
2023-12-27 17:00:00,subway,259,"Kew Gardens-Union Tpke (E,F)",Queens,121.0
2023-12-27 17:00:00,subway,26,"DeKalb Av (B,Q,R)",Brooklyn,46.0
2023-12-27 17:00:00,subway,263,"63 Dr-Rego Park (M,R)",Queens,19.0
2023-12-27 17:00:00,subway,286,Broadway (G),Brooklyn,5.0
2023-12-27 17:00:00,subway,311,86 St (1),Manhattan,25.0
2023-12-27 17:00:00,subway,295,231 St (1),Bronx,63.0
2023-12-27 17:00:00,subway,291,Clinton-Washington Avs (G),Brooklyn,107.0
2023-12-27 17:00:00,subway,33,45 St (R),Brooklyn,19.0
2023-12-27 17:00:00,subway,343,Nostrand Av (3),Brooklyn,19.0
2023-12-27 17:00:00,subway,325,Canal St (1),Manhattan,6.0
2023-12-27 17:00:00,subway,366,Parkchester (6),Bronx,6.0
2023-12-27 17:00:00,subway,618,"14 St (A,C,E)/8 Av (L)",Manhattan,47.0
2023-12-27 17:00:00,subway,610,"Grand Central-42 St (S,4,5,6,7)",Manhattan,750.0
2023-12-27 17:00:00,subway,607,"34 St-Herald Sq (B,D,F,M,N,Q,R,W)",Manhattan,15.0
2023-12-27 17:00:00,subway,602,"14 St-Union Sq (L,N,Q,R,W,4,5,6)",Manhattan,492.0
2023-12-27 17:00:00,subway,601,"14 St (F,M,1,2,3)/6 Av (L)",Manhattan,71.0
2023-12-27 17:00:00,subway,58,"Coney Island-Stillwell Av (D,F,N,Q)",Brooklyn,32.0
2023-12-27 17:00:00,subway,244,Ditmas Av (F),Brooklyn,9.0
2023-12-27 17:00:00,subway,54,"Sheepshead Bay (B,Q)",Brooklyn,19.0
2023-12-27 17:00:00,subway,49,Avenue J (Q),Brooklyn,43.0
2023-12-27 17:00:00,subway,460,33 St-Rawson St (7),Queens,55.0
2023-12-27 17:00:00,subway,460,33 St-Rawson St (7),Queens,32.0
2023-12-27 17:00:00,subway,457,52 St (7),Queens,111.0
2023-12-27 17:00:00,subway,449,111 St (7),Queens,21.0
2023-12-27 17:00:00,subway,444,Gun Hill Rd (5),Bronx,44.0
2023-12-27 17:00:00,subway,443,Baychester Av (5),Bronx,23.0
2023-12-27 17:00:00,subway,443,Baychester Av (5),Bronx,10.0
2023-12-27 17:00:00,subway,424,"Pelham Pkwy (2,5)",Bronx,89.0
2023-12-27 17:00:00,subway,368,Morrison Av-Soundview (6),Bronx,3.0
2023-12-27 17:00:00,subway,37,77 St (R),Brooklyn,7.0
2023-12-27 17:00:00,subway,377,3 Av-138 St (6),Bronx,12.0
2023-12-27 17:00:00,subway,386,Mt Eden Av (4),Bronx,66.0
2023-12-27 17:00:00,subway,387,170 St (4),Bronx,50.0
2023-12-27 17:00:00,subway,388,167 St (4),Bronx,14.0
2023-12-27 17:00:00,subway,358,"Newkirk Av-Little Haiti (2,5)",Brooklyn,9.0
2023-12-27 17:00:00,subway,391,"138 St-Grand Concourse (4,5)",Bronx,4.0
2023-12-27 17:00:00,subway,404,28 St (6),Manhattan,586.0
2023-12-27 17:00:00,subway,409,Spring St (6),Manhattan,51.0
2023-12-27 17:00:00,subway,41,"7 Av (B,Q)",Brooklyn,72.0
2023-12-27 17:00:00,subway,413,"Wall St (4,5)",Manhattan,32.0
2023-12-27 17:00:00,subway,414,"Bowling Green (4,5)",Manhattan,1.0
2023-12-27 17:00:00,subway,421,"Gun Hill Rd (2,5)",Bronx,8.0
2023-12-27 17:00:00,subway,403,33 St (6),Manhattan,52.0
2023-12-27 17:00:00,subway,240,"7 Av (F,G)",Brooklyn,31.0
2023-12-27 17:00:00,subway,37,77 St (R),Brooklyn,24.0
2023-12-27 17:00:00,subway,192,Rockaway Blvd (A),Queens,7.0
2023-12-27 17:00:00,subway,358,"Newkirk Av-Little Haiti (2,5)",Brooklyn,9.0
2023-12-27 17:00:00,subway,306,125 St (1),Manhattan,27.0
2023-12-27 17:00:00,subway,305,137 St-City College (1),Manhattan,37.0
2023-12-27 17:00:00,subway,3,"30 Av (N,W)",Queens,8.0
2023-12-27 17:00:00,subway,28,Union St (R),Brooklyn,8.0
2023-12-27 17:00:00,subway,266,"Elmhurst Av (M,R)",Queens,1.0
2023-12-27 17:00:00,subway,251,Avenue U (F),Brooklyn,5.0
2023-12-27 17:00:00,subway,235,York St (F),Brooklyn,1.0
2023-12-27 17:00:00,subway,214,"182-183 Sts (B,D)",Bronx,9.0
2023-12-27 17:00:00,subway,211,"Bedford Park Blvd (B,D)",Bronx,31.0
2023-12-27 17:00:00,subway,619,"Broadway-Lafayette St (B,D,F,M)/Bleecker St (6)",Manhattan,51.0
2023-12-27 17:00:00,subway,190,80 St (A),Queens,7.0
2023-12-27 17:00:00,subway,136,New Lots Av (L),Brooklyn,6.0
2023-12-27 17:00:00,subway,129,Halsey St (L),Queens,6.0
2023-12-27 17:00:00,subway,103,"Bowery (J,Z)",Manhattan,22.0
2023-12-27 17:00:00,subway,1,"Astoria-Ditmars Blvd (N,W)",Queens,42.0
2023-12-27 17:00:00,subway,75,20 Av (N),Brooklyn,5.0
2023-12-27 17:00:00,subway,75,20 Av (N),Brooklyn,14.0
2023-12-27 17:00:00,subway,83,"Woodhaven Blvd (J,Z)",Queens,3.0
2023-12-27 17:00:00,subway,91,Alabama Av (J),Brooklyn,3.0
2023-12-27 17:00:00,subway,93,"Chauncey St (J,Z)",Brooklyn,9.0
2023-12-27 17:00:00,subway,95,"Gates Av (J,Z)",Brooklyn,6.0
2023-12-27 17:00:00,subway,179,"Nostrand Av (A,C)",Brooklyn,30.0
2023-12-27 17:00:00,subway,220,"155 St (B,D)",Manhattan,18.0
2023-12-27 17:00:00,subway,376,Brook Av (6),Bronx,7.0
2023-12-27 17:00:00,subway,387,170 St (4),Bronx,6.0
2023-12-27 17:00:00,subway,167,"W 4 St-Wash Sq (A,C,E,B,D,F,M)",Manhattan,309.0
2023-12-27 17:00:00,subway,159,"81 St-Museum of Natural History (C,B)",Manhattan,32.0
2023-12-27 17:00:00,subway,155,"Cathedral Pkwy (110 St) (C,B)",Manhattan,145.0
2023-12-27 17:00:00,subway,154,"116 St (C,B)",Manhattan,36.0
2023-12-27 17:00:00,subway,151,"145 St (A,C,B,D)",Manhattan,57.0
2023-12-27 17:00:00,subway,149,163 St-Amsterdam Av (C),Manhattan,7.0
2023-12-27 17:00:00,subway,143,Inwood-207 St (A),Manhattan,36.0
2023-12-27 17:00:00,subway,14,"23 St (R,W)",Manhattan,200.0
2023-12-27 17:00:00,subway,138,Canarsie-Rockaway Pkwy (L),Brooklyn,29.0
2023-12-27 17:00:00,subway,135,Livonia Av (L),Brooklyn,6.0
2023-12-27 17:00:00,subway,38,86 St (R),Brooklyn,92.0
2023-12-27 17:00:00,subway,134,Sutter Av (L),Brooklyn,10.0
2023-12-27 17:00:00,subway,13,"28 St (R,W)",Manhattan,3.0
2023-12-27 17:00:00,subway,122,Graham Av (L),Brooklyn,11.0
2023-12-27 17:00:00,subway,120,Bedford Av (L),Brooklyn,20.0
2023-12-27 17:00:00,subway,101,"Marcy Av (M,J,Z)",Brooklyn,81.0
2023-12-27 17:00:00,subway,624,"Chambers St (A,C)/WTC (E)/Park Pl (2,3)/Cortlandt (R,W)",Manhattan,359.0
2023-12-27 17:00:00,subway,621,"Broadway Junction (A,C,J,L,Z)",Brooklyn,86.0
2023-12-27 17:00:00,subway,611,"Times Sq-42 St (N,Q,R,W,S,1,2,3,7)/42 St (A,C,E)",Manhattan,16.0
2023-12-27 17:00:00,subway,609,"Bryant Pk (B,D,F,M)/5 Av (7)",Manhattan,872.0
2023-12-27 17:00:00,subway,427,"West Farms Sq-E Tremont Av (2,5)",Bronx,22.0
2023-12-27 17:00:00,subway,409,Spring St (6),Manhattan,133.0
2023-12-27 17:00:00,subway,130,Wilson Av (L),Brooklyn,3.0
2023-12-27 17:00:00,subway,65,79 St (D),Brooklyn,58.0
2023-12-27 17:00:00,tram,TRAM2,RI Tramway (Roosevelt),Manhattan,180.0
2023-12-27 17:00:00,subway,81,111 St (J),Queens,18.0
2023-12-27 17:00:00,subway,222,Roosevelt Island (F),Manhattan,10.0
2023-12-27 17:00:00,subway,22,"Rector St (R,W)",Manhattan,75.0
2023-12-27 17:00:00,subway,214,"182-183 Sts (B,D)",Bronx,4.0
2023-12-27 17:00:00,subway,211,"Bedford Park Blvd (B,D)",Bronx,15.0
2023-12-27 17:00:00,subway,209,Far Rockaway-Mott Av (A),Queens,18.0
2023-12-27 17:00:00,subway,205,Beach 60 St (A),Queens,12.0
2023-12-27 17:00:00,subway,205,Beach 60 St (A),Queens,5.0
2023-12-27 17:00:00,subway,197,Aqueduct-N Conduit Av (A),Queens,1.0
2023-12-27 17:00:00,subway,195,Ozone Park-Lefferts Blvd (A),Queens,5.0
2023-12-27 17:00:00,subway,194,111 St (A),Queens,14.0
2023-12-27 17:00:00,subway,186,Van Siclen Av (C),Brooklyn,2.0
2023-12-27 17:00:00,subway,186,Van Siclen Av (C),Brooklyn,1.0
2023-12-27 17:00:00,subway,185,Liberty Av (C),Brooklyn,10.0
2023-12-27 17:00:00,subway,17,"Prince St (R,W)",Manhattan,19.0
2023-12-27 17:00:00,subway,162,"50 St (C,E)",Manhattan,24.0
2023-12-27 17:00:00,subway,147,175 St (A),Manhattan,11.0
2023-12-27 17:00:00,subway,146,181 St (A),Manhattan,59.0
2023-12-27 17:00:00,subway,144,Dyckman St (A),Manhattan,23.0
2023-12-27 17:00:00,subway,136,New Lots Av (L),Brooklyn,15.0
2023-12-27 17:00:00,subway,135,Livonia Av (L),Brooklyn,5.0
2023-12-27 17:00:00,subway,123,Grand St (L),Brooklyn,6.0
2023-12-27 17:00:00,subway,123,Grand St (L),Brooklyn,6.0
2023-12-27 17:00:00,subway,113,Knickerbocker Av (M),Brooklyn,57.0
2023-12-27 17:00:00,subway,232,2 Av (F),Manhattan,58.0
2023-12-27 17:00:00,subway,108,Middle Village-Metropolitan Av (M),Queens,10.0
2023-12-27 17:00:00,subway,103,"Bowery (J,Z)",Manhattan,12.0
2023-12-27 17:00:00,subway,114,Central Av (M),Brooklyn,14.0
2023-12-27 17:00:00,subway,119,1 Av (L),Manhattan,22.0
2023-12-27 17:00:00,subway,122,Graham Av (L),Brooklyn,214.0
2023-12-27 17:00:00,subway,14,"23 St (R,W)",Manhattan,184.0
2023-12-27 17:00:00,subway,141,Park Pl (S),Brooklyn,3.0
2023-12-27 17:00:00,subway,1,"Astoria-Ditmars Blvd (N,W)",Queens,4.0
2023-12-27 17:00:00,subway,234,East Broadway (F),Manhattan,2.0
2023-12-27 17:00:00,subway,236,"Bergen St (F,G)",Brooklyn,44.0
2023-12-27 17:00:00,subway,252,Avenue X (F),Brooklyn,3.0
2023-12-27 17:00:00,subway,340,"Grand Army Plaza (2,3)",Brooklyn,4.0
2023-12-27 17:00:00,subway,352,New Lots Av (3),Brooklyn,36.0
2023-12-27 17:00:00,subway,353,"President St-Medgar Evers College (2,5)",Brooklyn,3.0
2023-12-27 17:00:00,subway,354,"Sterling St (2,5)",Brooklyn,1.0
2023-12-27 17:00:00,subway,358,"Newkirk Av-Little Haiti (2,5)",Brooklyn,13.0
2023-12-27 17:00:00,subway,36,Bay Ridge Av (R),Brooklyn,10.0
2023-12-27 17:00:00,subway,329,Rector St (1),Manhattan,25.0
2023-12-27 17:00:00,subway,361,Buhre Av (6),Bronx,5.0
2023-12-27 17:00:00,subway,373,E 149 St (6),Bronx,2.0
2023-12-27 17:00:00,subway,375,Cypress Av (6),Bronx,2.0
2023-12-27 17:00:00,subway,375,Cypress Av (6),Bronx,12.0
2023-12-27 17:00:00,subway,376,Brook Av (6),Bronx,15.0
2023-12-27 17:00:00,subway,377,3 Av-138 St (6),Bronx,9.0
2023-12-27 17:00:00,subway,384,Burnside Av (4),Bronx,11.0
2023-12-27 17:00:00,subway,372,Longwood Av (6),Bronx,5.0
2023-12-27 17:00:00,subway,144,Dyckman St (A),Manhattan,15.0
2023-12-27 17:00:00,subway,321,18 St (1),Manhattan,224.0
2023-12-27 17:00:00,subway,313,"72 St (1,2,3)",Manhattan,57.0
2023-12-27 17:00:00,subway,260,"75 Av (E,F)",Queens,6.0
2023-12-27 17:00:00,subway,261,"Forest Hills-71 Av (E,F,M,R)",Queens,54.0
2023-12-27 17:00:00,subway,266,"Elmhurst Av (M,R)",Queens,17.0
2023-12-27 17:00:00,subway,272,"36 St (M,R)",Queens,22.0
2023-12-27 17:00:00,subway,272,"36 St (M,R)",Queens,1.0
2023-12-27 17:00:00,subway,273,"Queens Plaza (E,M,R)",Queens,204.0
2023-12-27 17:00:00,subway,320,23 St (1),Manhattan,16.0
2023-12-27 17:00:00,subway,278,"Jamaica Center-Parsons/Archer (E,J,Z)",Queens,139.0
2023-12-27 17:00:00,subway,283,Greenpoint Av (G),Brooklyn,4.0
2023-12-27 17:00:00,subway,291,Clinton-Washington Avs (G),Brooklyn,9.0
2023-12-27 17:00:00,subway,295,231 St (1),Bronx,26.0
2023-12-27 17:00:00,subway,295,231 St (1),Bronx,2.0
2023-12-27 17:00:00,subway,298,207 St (1),Manhattan,22.0
2023-12-27 17:00:00,subway,30,Prospect Av (R),Brooklyn,52.0
2023-12-27 17:00:00,subway,279,"Sutphin Blvd-Archer Av-JFK Airport (E,J,Z)",Queens,28.0
2023-12-27 17:00:00,subway,393,116 St (6),Manhattan,17.0
2023-12-27 17:00:00,subway,152,"135 St (C,B)",Manhattan,34.0
2023-12-27 17:00:00,subway,17,"Prince St (R,W)",Manhattan,49.0
2023-12-27 17:00:00,subway,60,Fort Hamilton Pkwy (D),Brooklyn,24.0
2023-12-27 17:00:00,subway,6,"39 Av-Dutch Kills (N,W)",Queens,6.0
2023-12-27 17:00:00,subway,6,"39 Av-Dutch Kills (N,W)",Queens,17.0
2023-12-27 17:00:00,subway,55,"Brighton Beach (B,Q)",Brooklyn,39.0
2023-12-27 17:00:00,subway,53,Neck Rd (Q),Brooklyn,11.0
2023-12-27 17:00:00,subway,51,"Kings Hwy (B,Q)",Brooklyn,20.0
2023-12-27 17:00:00,subway,50,Avenue M (Q),Brooklyn,37.0
2023-12-27 17:00:00,subway,477,72 St (Q),Manhattan,39.0
2023-12-27 17:00:00,subway,47,"Newkirk Plaza (B,Q)",Brooklyn,53.0
2023-12-27 17:00:00,subway,46,Cortelyou Rd (Q),Brooklyn,18.0
2023-12-27 17:00:00,subway,455,69 St (7),Queens,9.0
2023-12-27 17:00:00,subway,452,90 St-Elmhurst Av (7),Queens,19.0
2023-12-27 17:00:00,subway,450,103 St-Corona Plaza (7),Queens,59.0
2023-12-27 17:00:00,subway,447,Flushing-Main St (7),Queens,56.0
2023-12-27 17:00:00,subway,440,"116 St (2,3)",Manhattan,2.0
2023-12-27 17:00:00,subway,440,"116 St (2,3)",Manhattan,45.0
2023-12-27 17:00:00,subway,438,"135 St (2,3)",Manhattan,63.0
2023-12-27 17:00:00,subway,327,"Chambers St (1,2,3)",Manhattan,1.0
2023-12-27 17:00:00,subway,333,"Wall St (2,3)",Manhattan,19.0
2023-12-27 17:00:00,subway,341,"Eastern Pkwy-Brooklyn Museum (2,3)",Brooklyn,10.0
2023-12-27 17:00:00,subway,355,"Winthrop St (2,5)",Brooklyn,80.0
2023-12-27 17:00:00,subway,357,"Beverly Rd (2,5)",Brooklyn,3.0
2023-12-27 17:00:00,subway,357,"Beverly Rd (2,5)",Brooklyn,6.0
2023-12-27 17:00:00,subway,604,"161 St-Yankee Stadium (B,D,4)",Bronx,34.0
2023-12-27 17:00:00,subway,361,Buhre Av (6),Bronx,21.0
2023-12-27 17:00:00,subway,380,Bedford Park Blvd-Lehman College (4),Bronx,12.0
2023-12-27 17:00:00,subway,384,Burnside Av (4),Bronx,70.0
2023-12-27 17:00:00,subway,395,103 St (6),Manhattan,20.0
2023-12-27 17:00:00,subway,413,"Wall St (4,5)",Manhattan,107.0
2023-12-27 17:00:00,subway,426,"E 180 St (2,5)",Bronx,63.0
2023-12-27 17:00:00,subway,436,Harlem-148 St (3),Manhattan,1.0
2023-12-27 17:00:00,subway,369,Elder Av (6),Bronx,32.0
2023-12-27 17:00:00,subway,608,"4 Av (F,G)/9 St (R)",Brooklyn,52.0
2023-12-27 17:00:00,subway,611,"Times Sq-42 St (N,Q,R,W,S,1,2,3,7)/42 St (A,C,E)",Manhattan,5603.0
2023-12-27 17:00:00,subway,613,"Lexington Av (N,R,W)/59 St (4,5,6)",Manhattan,66.0
2023-12-27 17:00:00,subway,234,East Broadway (F),Manhattan,493.0
2023-12-27 17:00:00,subway,231,"Grand St (B,D)",Manhattan,43.0
2023-12-27 17:00:00,subway,225,"47-50 Sts-Rockefeller Ctr (B,D,F,M)",Manhattan,221.0
2023-12-27 17:00:00,subway,22,"Rector St (R,W)",Manhattan,7.0
2023-12-27 17:00:00,subway,200,"Beach 90 St (A,S)",Queens,1.0
2023-12-27 17:00:00,subway,199,"Broad Channel (A,S)",Queens,1.0
2023-12-27 17:00:00,subway,235,York St (F),Brooklyn,17.0
2023-12-27 17:00:00,subway,196,Aqueduct Racetrack (A),Queens,7.0
2023-12-27 17:00:00,subway,189,Grant Av (A),Brooklyn,4.0
2023-12-27 17:00:00,subway,183,Rockaway Av (C),Brooklyn,20.0
2023-12-27 17:00:00,subway,182,Ralph Av (C),Brooklyn,18.0
2023-12-27 17:00:00,subway,181,"Utica Av (A,C)",Brooklyn,89.0
2023-12-27 17:00:00,subway,176,Lafayette Av (C),Brooklyn,8.0
2023-12-27 17:00:00,subway,176,Lafayette Av (C),Brooklyn,4.0
2023-12-27 17:00:00,subway,194,111 St (A),Queens,3.0
2023-12-27 17:00:00,subway,160,"72 St (C,B)",Manhattan,122.0
2023-12-27 17:00:00,subway,241,"15 St-Prospect Park (F,G)",Brooklyn,131.0
2023-12-27 17:00:00,subway,245,18 Av (F),Brooklyn,1.0
2023-12-27 17:00:00,subway,614,"59 St-Columbus Circle (A,B,C,D,1)",Manhattan,384.0
2023-12-27 17:00:00,subway,615,New Utrecht Av (N)/62 St (D),Brooklyn,34.0
2023-12-27 17:00:00,subway,617,"Atlantic Av-Barclays Ctr (B,D,N,Q,R,2,3,4,5)",Brooklyn,114.0
2023-12-27 17:00:00,subway,619,"Broadway-Lafayette St (B,D,F,M)/Bleecker St (6)",Manhattan,61.0
2023-12-27 17:00:00,subway,319,28 St (1),Manhattan,25.0
2023-12-27 17:00:00,subway,313,"72 St (1,2,3)",Manhattan,166.0
2023-12-27 17:00:00,subway,242,"Fort Hamilton Pkwy (F,G)",Brooklyn,10.0
2023-12-27 17:00:00,subway,294,238 St (1),Bronx,8.0
2023-12-27 17:00:00,subway,280,Jamaica-Van Wyck (E),Queens,96.0
2023-12-27 17:00:00,subway,279,"Sutphin Blvd-Archer Av-JFK Airport (E,J,Z)",Queens,2.0
2023-12-27 17:00:00,subway,261,"Forest Hills-71 Av (E,F,M,R)",Queens,456.0
2023-12-27 17:00:00,subway,260,"75 Av (E,F)",Queens,18.0
2023-12-27 17:00:00,subway,258,"Briarwood (E,F)",Queens,35.0
2023-12-27 17:00:00,subway,256,Parsons Blvd (F),Queens,18.0
2023-12-27 17:00:00,subway,290,Classon Av (G),Brooklyn,14.0
2023-12-27 17:00:00,subway,74,18 Av (N),Brooklyn,15.0
2023-12-27 17:00:00,subway,396,96 St (6),Manhattan,194.0
2023-12-27 17:00:00,subway,399,68 St-Hunter College (6),Manhattan,280.0
2023-12-27 17:00:00,subway,608,"4 Av (F,G)/9 St (R)",Brooklyn,93.0
2023-12-27 17:00:00,subway,613,"Lexington Av (N,R,W)/59 St (4,5,6)",Manhattan,383.0
2023-12-27 17:00:00,subway,625,"Delancey St (F)/Essex St (J,M,Z)",Manhattan,172.0
2023-12-27 17:00:00,subway,625,"Delancey St (F)/Essex St (J,M,Z)",Manhattan,41.0
2023-12-27 17:00:00,subway,64,71 St (D),Brooklyn,4.0
2023-12-27 17:00:00,subway,8,"5 Av/59 St (N,R,W)",Manhattan,810.0
2023-12-27 17:00:00,subway,80,"121 St (J,Z)",Queens,13.0
2023-12-27 17:00:00,subway,87,"Crescent St (J,Z)",Brooklyn,2.0
2023-12-27 17:00:00,tram,TRAM1,RI Tramway (Manhattan),Manhattan,12.0
2023-12-27 17:00:00,subway,397,"86 St (4,5,6)",Manhattan,87.0
2023-12-27 17:00:00,subway,625,"Delancey St (F)/Essex St (J,M,Z)",Manhattan,58.0
2023-12-27 17:00:00,subway,628,"Fulton St (A,C,J,Z,2,3,4,5)",Manhattan,525.0
2023-12-27 17:00:00,subway,68,Bay Pkwy (D),Brooklyn,5.0
2023-12-27 17:00:00,subway,68,Bay Pkwy (D),Brooklyn,20.0
2023-12-27 17:00:00,subway,323,Christopher St-Sheridan Sq (1),Manhattan,19.0
2023-12-27 17:00:00,tram,TRAM2,RI Tramway (Roosevelt),Manhattan,38.0
2023-12-27 17:00:00,subway,83,"Woodhaven Blvd (J,Z)",Queens,17.0
2023-12-27 17:00:00,subway,604,"161 St-Yankee Stadium (B,D,4)",Bronx,2.0
2023-12-27 17:00:00,subway,602,"14 St-Union Sq (L,N,Q,R,W,4,5,6)",Manhattan,171.0
2023-12-27 17:00:00,subway,360,Pelham Bay Park (6),Bronx,15.0
2023-12-27 17:00:00,subway,6,"39 Av-Dutch Kills (N,W)",Queens,14.0
2023-12-27 17:00:00,subway,443,Baychester Av (5),Bronx,4.0
2023-12-27 17:00:00,subway,60,Fort Hamilton Pkwy (D),Brooklyn,9.0
2023-12-27 17:00:00,subway,437,145 St (3),Manhattan,25.0
2023-12-27 17:00:00,subway,436,Harlem-148 St (3),Manhattan,7.0
2023-12-27 17:00:00,subway,432,"Prospect Av (2,5)",Bronx,15.0
2023-12-27 17:00:00,subway,425,"Bronx Park East (2,5)",Bronx,4.0
2023-12-27 17:00:00,subway,421,"Gun Hill Rd (2,5)",Bronx,14.0
2023-12-27 17:00:00,subway,42,"Prospect Park (B,Q,S)",Brooklyn,26.0
2023-12-27 17:00:00,subway,43,Parkside Av (Q),Brooklyn,38.0
2023-12-27 17:00:00,subway,447,Flushing-Main St (7),Queens,7.0
2023-12-27 17:00:00,subway,453,82 St-Jackson Hts (7),Queens,13.0
2023-12-27 17:00:00,subway,47,"Newkirk Plaza (B,Q)",Brooklyn,157.0
2023-12-27 17:00:00,subway,59,9 Av (D),Brooklyn,7.0
2023-12-27 17:00:00,subway,48,Avenue H (Q),Brooklyn,9.0
2023-12-27 17:00:00,subway,50,Avenue M (Q),Brooklyn,56.0
2023-12-27 17:00:00,subway,55,"Brighton Beach (B,Q)",Brooklyn,9.0
2023-12-27 17:00:00,subway,445,Pelham Pkwy (5),Bronx,1.0
2023-12-27 17:00:00,subway,56,Ocean Pkwy (Q),Brooklyn,5.0
2023-12-27 18:00:00,subway,421,"Gun Hill Rd (2,5)",Bronx,6.0
2023-12-27 18:00:00,subway,425,"Bronx Park East (2,5)",Bronx,3.0
2023-12-27 18:00:00,subway,434,"3 Av-149 St (2,5)",Bronx,46.0
2023-12-27 18:00:00,subway,445,Pelham Pkwy (5),Bronx,10.0
2023-12-27 18:00:00,subway,442,Eastchester-Dyre Av (5),Bronx,3.0
2023-12-27 18:00:00,subway,455,69 St (7),Queens,7.0
2023-12-27 18:00:00,subway,414,"Bowling Green (4,5)",Manhattan,99.0
2023-12-27 18:00:00,subway,439,"125 St (2,3)",Manhattan,74.0
2023-12-27 18:00:00,subway,395,103 St (6),Manhattan,18.0
2023-12-27 18:00:00,subway,367,St Lawrence Av (6),Bronx,10.0
2023-12-27 18:00:00,subway,386,Mt Eden Av (4),Bronx,9.0
2023-12-27 18:00:00,subway,38,86 St (R),Brooklyn,11.0
2023-12-27 18:00:00,subway,378,Woodlawn (4),Bronx,6.0
2023-12-27 18:00:00,subway,373,E 149 St (6),Bronx,6.0
2023-12-27 18:00:00,subway,370,Whitlock Av (6),Bronx,4.0
2023-12-27 18:00:00,subway,37,77 St (R),Brooklyn,5.0
2023-12-27 18:00:00,subway,457,52 St (7),Queens,84.0
2023-12-27 18:00:00,subway,366,Parkchester (6),Bronx,21.0
2023-12-27 18:00:00,subway,356,"Church Av (2,5)",Brooklyn,32.0
2023-12-27 18:00:00,subway,388,167 St (4),Bronx,13.0
2023-12-27 18:00:00,subway,464,Vernon Blvd-Jackson Av (7),Queens,24.0
2023-12-27 18:00:00,subway,615,New Utrecht Av (N)/62 St (D),Brooklyn,10.0
2023-12-27 18:00:00,subway,477,72 St (Q),Manhattan,69.0
2023-12-27 18:00:00,subway,97,"Myrtle Av (M,J,Z)",Brooklyn,18.0
2023-12-27 18:00:00,subway,91,Alabama Av (J),Brooklyn,3.0
2023-12-27 18:00:00,subway,9,"57 St-7 Av (N,Q,R,W)",Manhattan,47.0
2023-12-27 18:00:00,subway,78,Avenue U (N),Brooklyn,6.0
2023-12-27 18:00:00,subway,74,18 Av (N),Brooklyn,17.0
2023-12-27 18:00:00,subway,70,Bay 50 St (D),Brooklyn,10.0
2023-12-27 18:00:00,subway,68,Bay Pkwy (D),Brooklyn,32.0
2023-12-27 18:00:00,subway,67,20 Av (D),Brooklyn,18.0
2023-12-27 18:00:00,subway,64,71 St (D),Brooklyn,30.0
2023-12-27 18:00:00,subway,64,71 St (D),Brooklyn,16.0
2023-12-27 18:00:00,subway,635,"South Ferry (1)/Whitehall St (R,W)",Manhattan,65.0
2023-12-27 18:00:00,subway,626,"Franklin Av (2,3,4,5)/Botanic Garden (S)",Brooklyn,12.0
2023-12-27 18:00:00,subway,620,"Court St (R)/Borough Hall (2,3,4,5)",Brooklyn,183.0
2023-12-27 18:00:00,subway,619,"Broadway-Lafayette St (B,D,F,M)/Bleecker St (6)",Manhattan,7.0
2023-12-27 18:00:00,subway,616,"74-Broadway (7)/Jackson Hts-Roosevelt Av (E,F,M,R)",Queens,74.0
2023-12-27 18:00:00,subway,354,"Sterling St (2,5)",Brooklyn,1.0
2023-12-27 18:00:00,subway,612,"Lexington Av-53 St (E,M)/51 St (6)",Manhattan,63.0
2023-12-27 18:00:00,subway,611,"Times Sq-42 St (N,Q,R,W,S,1,2,3,7)/42 St (A,C,E)",Manhattan,1312.0
2023-12-27 18:00:00,subway,6,"39 Av-Dutch Kills (N,W)",Queens,7.0
2023-12-27 18:00:00,subway,55,"Brighton Beach (B,Q)",Brooklyn,52.0
2023-12-27 18:00:00,subway,53,Neck Rd (Q),Brooklyn,11.0
2023-12-27 18:00:00,subway,475,96 St (Q),Manhattan,48.0
2023-12-27 18:00:00,subway,349,Junius St (3),Brooklyn,39.0
2023-12-27 18:00:00,subway,321,18 St (1),Manhattan,11.0
2023-12-27 18:00:00,subway,345,"Crown Hts-Utica Av (3,4)",Brooklyn,43.0
2023-12-27 18:00:00,subway,218,"167 St (B,D)",Bronx,20.0
2023-12-27 18:00:00,subway,217,"170 St (B,D)",Bronx,5.0
2023-12-27 18:00:00,subway,214,"182-183 Sts (B,D)",Bronx,7.0
2023-12-27 18:00:00,subway,213,"Fordham Rd (B,D)",Bronx,10.0
2023-12-27 18:00:00,subway,206,Beach 44 St (A),Queens,1.0
2023-12-27 18:00:00,subway,198,Howard Beach-JFK Airport (A),Queens,20.0
2023-12-27 18:00:00,subway,196,Aqueduct Racetrack (A),Queens,10.0
2023-12-27 18:00:00,subway,195,Ozone Park-Lefferts Blvd (A),Queens,4.0
2023-12-27 18:00:00,subway,193,104 St (A),Queens,3.0
2023-12-27 18:00:00,subway,192,Rockaway Blvd (A),Queens,39.0
2023-12-27 18:00:00,subway,189,Grant Av (A),Brooklyn,9.0
2023-12-27 18:00:00,subway,188,"Euclid Av (A,C)",Brooklyn,44.0
2023-12-27 18:00:00,subway,177,Clinton-Washington Avs (C),Brooklyn,3.0
2023-12-27 18:00:00,subway,17,"Prince St (R,W)",Manhattan,175.0
2023-12-27 18:00:00,subway,16,"8 St-NYU (R,W)",Manhattan,5.0
2023-12-27 18:00:00,subway,159,"81 St-Museum of Natural History (C,B)",Manhattan,306.0
2023-12-27 18:00:00,subway,156,"103 St (C,B)",Manhattan,21.0
2023-12-27 18:00:00,subway,155,"Cathedral Pkwy (110 St) (C,B)",Manhattan,25.0
2023-12-27 18:00:00,subway,155,"Cathedral Pkwy (110 St) (C,B)",Manhattan,4.0
2023-12-27 18:00:00,subway,130,Wilson Av (L),Brooklyn,4.0
2023-12-27 18:00:00,subway,127,DeKalb Av (L),Brooklyn,7.0
2023-12-27 18:00:00,subway,126,Jefferson St (L),Brooklyn,25.0
2023-12-27 18:00:00,subway,109,Fresh Pond Rd (M),Queens,6.0
2023-12-27 18:00:00,subway,224,57 St (F),Manhattan,274.0
2023-12-27 18:00:00,subway,232,2 Av (F),Manhattan,22.0
2023-12-27 18:00:00,subway,243,"Church Av (F,G)",Brooklyn,47.0
2023-12-27 18:00:00,subway,246,Avenue I (F),Brooklyn,19.0
2023-12-27 18:00:00,subway,345,"Crown Hts-Utica Av (3,4)",Brooklyn,108.0
2023-12-27 18:00:00,subway,341,"Eastern Pkwy-Brooklyn Museum (2,3)",Brooklyn,19.0
2023-12-27 18:00:00,subway,325,Canal St (1),Manhattan,1.0
2023-12-27 18:00:00,subway,32,"36 St (D,N,R)",Brooklyn,97.0
2023-12-27 18:00:00,subway,314,66 St-Lincoln Center (1),Manhattan,70.0
2023-12-27 18:00:00,subway,314,66 St-Lincoln Center (1),Manhattan,14.0
2023-12-27 18:00:00,subway,311,86 St (1),Manhattan,9.0
2023-12-27 18:00:00,subway,311,86 St (1),Manhattan,63.0
2023-12-27 18:00:00,subway,306,125 St (1),Manhattan,7.0
2023-12-27 18:00:00,subway,30,Prospect Av (R),Brooklyn,9.0
2023-12-27 18:00:00,subway,299,Dyckman St (1),Manhattan,19.0
2023-12-27 18:00:00,subway,347,Saratoga Av (3),Brooklyn,8.0
2023-12-27 18:00:00,subway,296,Marble Hill-225 St (1),Manhattan,7.0
2023-12-27 18:00:00,subway,287,Flushing Av (G),Brooklyn,8.0
2023-12-27 18:00:00,subway,28,Union St (R),Brooklyn,137.0
2023-12-27 18:00:00,subway,28,Union St (R),Brooklyn,5.0
2023-12-27 18:00:00,subway,270,"46 St (M,R)",Queens,30.0
2023-12-27 18:00:00,subway,262,"67 Av (M,R)",Queens,22.0
2023-12-27 18:00:00,subway,262,"67 Av (M,R)",Queens,10.0
2023-12-27 18:00:00,subway,260,"75 Av (E,F)",Queens,6.0
2023-12-27 18:00:00,subway,259,"Kew Gardens-Union Tpke (E,F)",Queens,24.0
2023-12-27 18:00:00,subway,256,Parsons Blvd (F),Queens,18.0
2023-12-27 18:00:00,subway,255,169 St (F),Queens,7.0
2023-12-27 18:00:00,subway,254,Jamaica-179 St (F),Queens,46.0
2023-12-27 18:00:00,subway,289,Bedford-Nostrand Avs (G),Brooklyn,5.0
2023-12-27 18:00:00,subway,293,Van Cortlandt Park-242 St (1),Bronx,4.0
2023-12-27 18:00:00,subway,349,Junius St (3),Brooklyn,14.0
2023-12-27 18:00:00,subway,118,3 Av (L),Manhattan,19.0
2023-12-27 18:00:00,subway,385,176 St (4),Bronx,16.0
2023-12-27 18:00:00,subway,387,170 St (4),Bronx,1.0
2023-12-27 18:00:00,subway,393,116 St (6),Manhattan,31.0
2023-12-27 18:00:00,subway,4,"Broadway (N,W)",Queens,4.0
2023-12-27 18:00:00,subway,404,28 St (6),Manhattan,12.0
2023-12-27 18:00:00,subway,405,23 St (6),Manhattan,118.0
2023-12-27 18:00:00,subway,407,Astor Pl (6),Manhattan,455.0
2023-12-27 18:00:00,subway,384,Burnside Av (4),Bronx,13.0
2023-12-27 18:00:00,subway,41,"7 Av (B,Q)",Brooklyn,10.0
2023-12-27 18:00:00,subway,425,"Bronx Park East (2,5)",Bronx,1.0
2023-12-27 18:00:00,subway,430,"Simpson St (2,5)",Bronx,23.0
2023-12-27 18:00:00,subway,440,"116 St (2,3)",Manhattan,137.0
2023-12-27 18:00:00,subway,449,111 St (7),Queens,3.0
2023-12-27 18:00:00,subway,449,111 St (7),Queens,22.0
2023-12-27 18:00:00,subway,46,Cortelyou Rd (Q),Brooklyn,5.0
2023-12-27 18:00:00,subway,46,Cortelyou Rd (Q),Brooklyn,1.0
2023-12-27 18:00:00,subway,422,"Burke Av (2,5)",Bronx,7.0
2023-12-27 18:00:00,subway,382,Fordham Rd (4),Bronx,25.0
2023-12-27 18:00:00,subway,381,Kingsbridge Rd (4),Bronx,68.0
2023-12-27 18:00:00,subway,373,E 149 St (6),Bronx,21.0
2023-12-27 18:00:00,subway,312,79 St (1),Manhattan,462.0
2023-12-27 18:00:00,subway,320,23 St (1),Manhattan,20.0
2023-12-27 18:00:00,subway,324,Houston St (1),Manhattan,84.0
2023-12-27 18:00:00,subway,328,WTC Cortlandt (1),Manhattan,314.0
2023-12-27 18:00:00,subway,329,Rector St (1),Manhattan,9.0
2023-12-27 18:00:00,subway,337,"Nevins St (2,3,4,5)",Brooklyn,71.0
2023-12-27 18:00:00,subway,34,53 St (R),Brooklyn,19.0
2023-12-27 18:00:00,subway,340,"Grand Army Plaza (2,3)",Brooklyn,6.0
2023-12-27 18:00:00,subway,35,"59 St (N,R)",Brooklyn,113.0
2023-12-27 18:00:00,subway,35,"59 St (N,R)",Brooklyn,20.0
2023-12-27 18:00:00,subway,352,New Lots Av (3),Brooklyn,4.0
2023-12-27 18:00:00,subway,354,"Sterling St (2,5)",Brooklyn,4.0
2023-12-27 18:00:00,subway,355,"Winthrop St (2,5)",Brooklyn,31.0
2023-12-27 18:00:00,subway,359,"Flatbush Av-Brooklyn College (2,5)",Brooklyn,22.0
2023-12-27 18:00:00,subway,364,Zerega Av (6),Bronx,9.0
2023-12-27 18:00:00,subway,370,Whitlock Av (6),Bronx,1.0
2023-12-27 18:00:00,subway,371,Hunts Point Av (6),Bronx,11.0
2023-12-27 18:00:00,subway,476,86 St (Q),Manhattan,23.0
2023-12-27 18:00:00,subway,312,79 St (1),Manhattan,7.0
2023-12-27 18:00:00,subway,99,"Lorimer St (M,J)",Brooklyn,5.0
2023-12-27 18:00:00,subway,98,"Flushing Av (M,J)",Brooklyn,16.0
2023-12-27 18:00:00,subway,457,52 St (7),Queens,5.0
2023-12-27 18:00:00,subway,452,90 St-Elmhurst Av (7),Queens,11.0
2023-12-27 18:00:00,subway,442,Eastchester-Dyre Av (5),Bronx,19.0
2023-12-27 18:00:00,subway,437,145 St (3),Manhattan,6.0
2023-12-27 18:00:00,subway,431,"Intervale Av (2,5)",Bronx,2.0
2023-12-27 18:00:00,subway,418,"233 St (2,5)",Bronx,16.0
2023-12-27 18:00:00,subway,414,"Bowling Green (4,5)",Manhattan,145.0
2023-12-27 18:00:00,subway,471,34 St-Hudson Yards (7),Manhattan,24.0
2023-12-27 18:00:00,subway,385,176 St (4),Bronx,17.0
2023-12-27 18:00:00,subway,376,Brook Av (6),Bronx,6.0
2023-12-27 18:00:00,subway,376,Brook Av (6),Bronx,10.0
2023-12-27 18:00:00,subway,375,Cypress Av (6),Bronx,8.0
2023-12-27 18:00:00,subway,37,77 St (R),Brooklyn,1.0
2023-12-27 18:00:00,subway,368,Morrison Av-Soundview (6),Bronx,24.0
2023-12-27 18:00:00,subway,363,Westchester Sq-E Tremont Av (6),Bronx,4.0
2023-12-27 18:00:00,subway,359,"Flatbush Av-Brooklyn College (2,5)",Brooklyn,19.0
2023-12-27 18:00:00,subway,385,176 St (4),Bronx,2.0
2023-12-27 18:00:00,subway,476,86 St (Q),Manhattan,11.0
2023-12-27 18:00:00,subway,51,"Kings Hwy (B,Q)",Brooklyn,82.0
2023-12-27 18:00:00,subway,52,Avenue U (Q),Brooklyn,1.0
2023-12-27 18:00:00,subway,97,"Myrtle Av (M,J,Z)",Brooklyn,48.0
2023-12-27 18:00:00,subway,93,"Chauncey St (J,Z)",Brooklyn,4.0
2023-12-27 18:00:00,subway,90,"Van Siclen Av (J,Z)",Brooklyn,27.0
2023-12-27 18:00:00,subway,84,85 St-Forest Pkwy (J),Queens,10.0
2023-12-27 18:00:00,subway,84,85 St-Forest Pkwy (J),Queens,6.0
2023-12-27 18:00:00,subway,77,Kings Hwy (N),Brooklyn,2.0
2023-12-27 18:00:00,subway,69,25 Av (D),Brooklyn,4.0
2023-12-27 18:00:00,subway,65,79 St (D),Brooklyn,2.0
2023-12-27 18:00:00,subway,64,71 St (D),Brooklyn,1.0
2023-12-27 18:00:00,subway,635,"South Ferry (1)/Whitehall St (R,W)",Manhattan,45.0
2023-12-27 18:00:00,subway,629,Lorimer St (L)/Metropolitan Av (G),Brooklyn,14.0
2023-12-27 18:00:00,subway,610,"Grand Central-42 St (S,4,5,6,7)",Manhattan,677.0
2023-12-27 18:00:00,subway,605,"168 St (A,C,1)",Manhattan,50.0
2023-12-27 18:00:00,subway,602,"14 St-Union Sq (L,N,Q,R,W,4,5,6)",Manhattan,426.0
2023-12-27 18:00:00,subway,602,"14 St-Union Sq (L,N,Q,R,W,4,5,6)",Manhattan,130.0
2023-12-27 18:00:00,subway,57,"W 8 St-NY Aquarium (F,Q)",Brooklyn,13.0
2023-12-27 18:00:00,subway,55,"Brighton Beach (B,Q)",Brooklyn,20.0
2023-12-27 18:00:00,subway,98,"Flushing Av (M,J)",Brooklyn,30.0
2023-12-27 18:00:00,subway,355,"Winthrop St (2,5)",Brooklyn,4.0
2023-12-27 18:00:00,subway,311,86 St (1),Manhattan,62.0
2023-12-27 18:00:00,subway,307,116 St-Columbia University (1),Manhattan,8.0
2023-12-27 18:00:00,subway,308,Cathedral Pkwy (110 St) (1),Manhattan,14.0
2023-12-27 18:00:00,subway,283,Greenpoint Av (G),Brooklyn,235.0
2023-12-27 18:00:00,subway,278,"Jamaica Center-Parsons/Archer (E,J,Z)",Queens,42.0
2023-12-27 18:00:00,subway,277,"7 Av (E,B,D)",Manhattan,33.0
2023-12-27 18:00:00,subway,241,"15 St-Prospect Park (F,G)",Brooklyn,3.0
2023-12-27 18:00:00,subway,240,"7 Av (F,G)",Brooklyn,29.0
2023-12-27 18:00:00,subway,198,Howard Beach-JFK Airport (A),Queens,1.0
2023-12-27 18:00:00,subway,325,Canal St (1),Manhattan,38.0
2023-12-27 18:00:00,subway,175,"Hoyt-Schermerhorn Sts (A,C,G)",Brooklyn,25.0
2023-12-27 18:00:00,subway,10,"49 St (N,R,W)",Manhattan,2.0
2023-12-27 18:00:00,subway,101,"Marcy Av (M,J,Z)",Brooklyn,22.0
2023-12-27 18:00:00,subway,108,Middle Village-Metropolitan Av (M),Queens,9.0
2023-12-27 18:00:00,subway,108,Middle Village-Metropolitan Av (M),Queens,27.0
2023-12-27 18:00:00,subway,110,Forest Av (M),Queens,8.0
2023-12-27 18:00:00,subway,114,Central Av (M),Brooklyn,1.0
2023-12-27 18:00:00,subway,118,3 Av (L),Manhattan,33.0
2023-12-27 18:00:00,subway,165,"23 St (C,E)",Manhattan,43.0
2023-12-27 18:00:00,subway,363,Westchester Sq-E Tremont Av (6),Bronx,12.0
2023-12-27 18:00:00,subway,396,96 St (6),Manhattan,15.0
2023-12-27 18:00:00,subway,404,28 St (6),Manhattan,79.0
2023-12-27 18:00:00,subway,98,"Flushing Av (M,J)",Brooklyn,114.0
2023-12-27 18:00:00,subway,96,Kosciuszko St (J),Brooklyn,25.0
2023-12-27 18:00:00,subway,64,71 St (D),Brooklyn,18.0
2023-12-27 18:00:00,subway,635,"South Ferry (1)/Whitehall St (R,W)",Manhattan,2.0
2023-12-27 18:00:00,subway,627,"Franklin Av (C,S)",Brooklyn,8.0
2023-12-27 18:00:00,subway,62,55 St (D),Brooklyn,16.0
2023-12-27 18:00:00,subway,618,"14 St (A,C,E)/8 Av (L)",Manhattan,346.0
2023-12-27 18:00:00,subway,617,"Atlantic Av-Barclays Ctr (B,D,N,Q,R,2,3,4,5)",Brooklyn,958.0
2023-12-27 18:00:00,subway,610,"Grand Central-42 St (S,4,5,6,7)",Manhattan,3819.0
2023-12-27 18:00:00,subway,601,"14 St (F,M,1,2,3)/6 Av (L)",Manhattan,166.0
2023-12-27 18:00:00,subway,55,"Brighton Beach (B,Q)",Brooklyn,6.0
2023-12-27 18:00:00,subway,100,"Hewes St (M,J)",Brooklyn,5.0
2023-12-27 18:00:00,subway,453,82 St-Jackson Hts (7),Queens,28.0
2023-12-27 18:00:00,subway,445,Pelham Pkwy (5),Bronx,3.0
2023-12-27 18:00:00,subway,442,Eastchester-Dyre Av (5),Bronx,14.0
2023-12-27 18:00:00,subway,436,Harlem-148 St (3),Manhattan,10.0
2023-12-27 18:00:00,subway,409,Spring St (6),Manhattan,45.0
2023-12-27 18:00:00,subway,126,Jefferson St (L),Brooklyn,6.0
2023-12-27 18:00:00,subway,308,Cathedral Pkwy (110 St) (1),Manhattan,8.0
2023-12-27 18:00:00,subway,127,DeKalb Av (L),Brooklyn,15.0
2023-12-27 18:00:00,subway,141,Park Pl (S),Brooklyn,19.0
2023-12-27 18:00:00,subway,249,Avenue P (F),Brooklyn,5.0
2023-12-27 18:00:00,subway,257,Sutphin Blvd (F),Queens,2.0
2023-12-27 18:00:00,subway,259,"Kew Gardens-Union Tpke (E,F)",Queens,22.0
2023-12-27 18:00:00,subway,259,"Kew Gardens-Union Tpke (E,F)",Queens,123.0
2023-12-27 18:00:00,subway,265,"Grand Av-Newtown (M,R)",Queens,55.0
2023-12-27 18:00:00,subway,271,"Steinway St (M,R)",Queens,24.0
2023-12-27 18:00:00,subway,271,"Steinway St (M,R)",Queens,21.0
2023-12-27 18:00:00,subway,243,"Church Av (F,G)",Brooklyn,28.0
2023-12-27 18:00:00,subway,272,"36 St (M,R)",Queens,70.0
2023-12-27 18:00:00,subway,283,Greenpoint Av (G),Brooklyn,14.0
2023-12-27 18:00:00,subway,288,Myrtle-Willoughby Avs (G),Brooklyn,62.0
2023-12-27 18:00:00,subway,292,Fulton St (G),Brooklyn,1.0
2023-12-27 18:00:00,subway,293,Van Cortlandt Park-242 St (1),Bronx,24.0
2023-12-27 18:00:00,subway,293,Van Cortlandt Park-242 St (1),Bronx,16.0
2023-12-27 18:00:00,subway,297,215 St (1),Manhattan,7.0
2023-12-27 18:00:00,subway,305,137 St-City College (1),Manhattan,33.0
2023-12-27 18:00:00,subway,276,"5 Av/53 St (E,M)",Manhattan,4.0
2023-12-27 18:00:00,subway,237,"Carroll St (F,G)",Brooklyn,9.0
2023-12-27 18:00:00,subway,221,21 St-Queensbridge (F),Queens,7.0
2023-12-27 18:00:00,subway,217,"170 St (B,D)",Bronx,3.0
2023-12-27 18:00:00,subway,150,155 St (C),Manhattan,6.0
2023-12-27 18:00:00,subway,159,"81 St-Museum of Natural History (C,B)",Manhattan,21.0
2023-12-27 18:00:00,subway,160,"72 St (C,B)",Manhattan,4.0
2023-12-27 18:00:00,subway,162,"50 St (C,E)",Manhattan,21.0
2023-12-27 18:00:00,subway,17,"Prince St (R,W)",Manhattan,16.0
2023-12-27 18:00:00,subway,173,"High St (A,C)",Brooklyn,1.0
2023-12-27 18:00:00,subway,176,Lafayette Av (C),Brooklyn,4.0
2023-12-27 18:00:00,subway,185,Liberty Av (C),Brooklyn,7.0
2023-12-27 18:00:00,subway,185,Liberty Av (C),Brooklyn,3.0
2023-12-27 18:00:00,subway,190,80 St (A),Queens,15.0
2023-12-27 18:00:00,subway,191,88 St (A),Queens,1.0
2023-12-27 18:00:00,subway,195,Ozone Park-Lefferts Blvd (A),Queens,28.0
2023-12-27 18:00:00,subway,210,Norwood-205 St (D),Bronx,8.0
2023-12-27 18:00:00,subway,212,"Kingsbridge Rd (B,D)",Bronx,29.0
2023-12-27 18:00:00,subway,213,"Fordham Rd (B,D)",Bronx,34.0
2023-12-27 18:00:00,subway,214,"182-183 Sts (B,D)",Bronx,4.0
2023-12-27 18:00:00,subway,214,"182-183 Sts (B,D)",Bronx,10.0
2023-12-27 18:00:00,subway,13,"28 St (R,W)",Manhattan,447.0
2023-12-27 18:00:00,subway,35,"59 St (N,R)",Brooklyn,1.0
2023-12-27 18:00:00,subway,450,103 St-Corona Plaza (7),Queens,123.0
2023-12-27 18:00:00,subway,348,Rockaway Av (3),Brooklyn,13.0
2023-12-27 18:00:00,subway,175,"Hoyt-Schermerhorn Sts (A,C,G)",Brooklyn,40.0
2023-12-27 18:00:00,subway,17,"Prince St (R,W)",Manhattan,3.0
2023-12-27 18:00:00,subway,168,"Spring St (C,E)",Manhattan,4.0
2023-12-27 18:00:00,subway,164,"34 St-Penn Station (A,C,E)",Manhattan,50.0
2023-12-27 18:00:00,subway,157,"96 St (C,B)",Manhattan,2.0
2023-12-27 18:00:00,subway,152,"135 St (C,B)",Manhattan,3.0
2023-12-27 18:00:00,subway,149,163 St-Amsterdam Av (C),Manhattan,10.0
2023-12-27 18:00:00,subway,147,175 St (A),Manhattan,10.0
2023-12-27 18:00:00,subway,138,Canarsie-Rockaway Pkwy (L),Brooklyn,1.0
2023-12-27 18:00:00,subway,136,New Lots Av (L),Brooklyn,10.0
2023-12-27 18:00:00,subway,134,Sutter Av (L),Brooklyn,19.0
2023-12-27 18:00:00,subway,131,Bushwick Av-Aberdeen St (L),Brooklyn,4.0
2023-12-27 18:00:00,subway,129,Halsey St (L),Queens,14.0
2023-12-27 18:00:00,subway,60,Fort Hamilton Pkwy (D),Brooklyn,13.0
2023-12-27 18:00:00,subway,606,"Court Sq (E,G,M,7)",Queens,19.0
2023-12-27 18:00:00,subway,609,"Bryant Pk (B,D,F,M)/5 Av (7)",Manhattan,81.0
2023-12-27 18:00:00,subway,611,"Times Sq-42 St (N,Q,R,W,S,1,2,3,7)/42 St (A,C,E)",Manhattan,721.0
2023-12-27 18:00:00,subway,629,Lorimer St (L)/Metropolitan Av (G),Brooklyn,2.0
2023-12-27 18:00:00,subway,636,"Jay St-MetroTech (A,C,F,R)",Brooklyn,120.0
2023-12-27 18:00:00,subway,636,"Jay St-MetroTech (A,C,F,R)",Brooklyn,123.0
2023-12-27 18:00:00,subway,636,"Jay St-MetroTech (A,C,F,R)",Brooklyn,2.0
2023-12-27 18:00:00,subway,72,Fort Hamilton Pkwy (N),Brooklyn,28.0
2023-12-27 18:00:00,subway,74,18 Av (N),Brooklyn,45.0
2023-12-27 18:00:00,subway,75,20 Av (N),Brooklyn,20.0
2023-12-27 18:00:00,subway,82,"104 St (J,Z)",Queens,7.0
2023-12-27 18:00:00,subway,93,"Chauncey St (J,Z)",Brooklyn,1.0
2023-12-27 18:00:00,subway,94,Halsey St (J),Brooklyn,63.0
2023-12-27 18:00:00,tram,TRAM1,RI Tramway (Manhattan),Manhattan,53.0
2023-12-27 18:00:00,subway,56,Ocean Pkwy (Q),Brooklyn,39.0
2023-12-27 18:00:00,subway,188,"Euclid Av (A,C)",Brooklyn,21.0
2023-12-27 18:00:00,subway,194,111 St (A),Queens,1.0
2023-12-27 18:00:00,subway,6,"39 Av-Dutch Kills (N,W)",Queens,30.0
2023-12-27 18:00:00,subway,197,Aqueduct-N Conduit Av (A),Queens,3.0
2023-12-27 18:00:00,subway,34,53 St (R),Brooklyn,36.0
2023-12-27 18:00:00,subway,195,Ozone Park-Lefferts Blvd (A),Queens,26.0
2023-12-27 18:00:00,subway,339,"Bergen St (2,3)",Brooklyn,2.0
2023-12-27 18:00:00,subway,337,"Nevins St (2,3,4,5)",Brooklyn,14.0
2023-12-27 18:00:00,subway,329,Rector St (1),Manhattan,164.0
2023-12-27 18:00:00,subway,326,Franklin St (1),Manhattan,8.0
2023-12-27 18:00:00,subway,319,28 St (1),Manhattan,7.0
2023-12-27 18:00:00,subway,310,"96 St (1,2,3)",Manhattan,43.0
2023-12-27 18:00:00,subway,306,125 St (1),Manhattan,121.0
2023-12-27 18:00:00,subway,304,145 St (1),Manhattan,120.0
2023-12-27 18:00:00,subway,304,145 St (1),Manhattan,56.0
2023-12-27 18:00:00,subway,296,Marble Hill-225 St (1),Manhattan,4.0
2023-12-27 18:00:00,subway,294,238 St (1),Bronx,10.0
2023-12-27 18:00:00,subway,282,21 St (G),Queens,9.0
2023-12-27 18:00:00,subway,271,"Steinway St (M,R)",Queens,14.0
2023-12-27 18:00:00,subway,120,Bedford Av (L),Brooklyn,7.0
2023-12-27 18:00:00,subway,213,"Fordham Rd (B,D)",Bronx,2.0
2023-12-27 18:00:00,subway,210,Norwood-205 St (D),Bronx,1.0
2023-12-27 18:00:00,subway,211,"Bedford Park Blvd (B,D)",Bronx,1.0
2023-12-27 18:00:00,subway,211,"Bedford Park Blvd (B,D)",Bronx,8.0
2023-12-27 18:00:00,subway,258,"Briarwood (E,F)",Queens,2.0
2023-12-27 18:00:00,subway,213,"Fordham Rd (B,D)",Bronx,15.0
2023-12-27 18:00:00,subway,217,"170 St (B,D)",Bronx,19.0
2023-12-27 18:00:00,subway,215,"Tremont Av (B,D)",Bronx,4.0
2023-12-27 18:00:00,subway,232,2 Av (F),Manhattan,18.0
2023-12-27 18:00:00,subway,238,"Smith-9 Sts (F,G)",Brooklyn,23.0
2023-12-27 18:00:00,subway,245,18 Av (F),Brooklyn,8.0
2023-12-27 18:00:00,subway,245,18 Av (F),Brooklyn,7.0
2023-12-27 18:00:00,subway,251,Avenue U (F),Brooklyn,22.0
2023-12-27 18:00:00,subway,225,"47-50 Sts-Rockefeller Ctr (B,D,F,M)",Manhattan,113.0
2023-12-27 18:00:00,subway,2,"Astoria Blvd (N,W)",Queens,14.0
2023-12-27 19:00:00,subway,623,"Canal St (J,N,Q,R,W,Z,6)",Manhattan,35.0
2023-12-27 19:00:00,subway,627,"Franklin Av (C,S)",Brooklyn,7.0
2023-12-27 19:00:00,subway,451,Junction Blvd (7),Queens,5.0
2023-12-27 19:00:00,subway,611,"Times Sq-42 St (N,Q,R,W,S,1,2,3,7)/42 St (A,C,E)",Manhattan,183.0
2023-12-27 19:00:00,subway,611,"Times Sq-42 St (N,Q,R,W,S,1,2,3,7)/42 St (A,C,E)",Manhattan,493.0
2023-12-27 19:00:00,subway,629,Lorimer St (L)/Metropolitan Av (G),Brooklyn,29.0
2023-12-27 19:00:00,subway,96,Kosciuszko St (J),Brooklyn,4.0
2023-12-27 19:00:00,subway,636,"Jay St-MetroTech (A,C,F,R)",Brooklyn,1.0
2023-12-27 19:00:00,subway,82,"104 St (J,Z)",Queens,1.0
2023-12-27 19:00:00,subway,88,"Norwood Av (J,Z)",Brooklyn,2.0
2023-12-27 19:00:00,subway,93,"Chauncey St (J,Z)",Brooklyn,1.0
2023-12-27 19:00:00,subway,609,"Bryant Pk (B,D,F,M)/5 Av (7)",Manhattan,39.0
2023-12-27 19:00:00,subway,635,"South Ferry (1)/Whitehall St (R,W)",Manhattan,15.0
2023-12-27 19:00:00,subway,607,"34 St-Herald Sq (B,D,F,M,N,Q,R,W)",Manhattan,4.0
2023-12-27 19:00:00,subway,50,Avenue M (Q),Brooklyn,3.0
2023-12-27 19:00:00,subway,606,"Court Sq (E,G,M,7)",Queens,63.0
2023-12-27 19:00:00,subway,604,"161 St-Yankee Stadium (B,D,4)",Bronx,101.0
2023-12-27 19:00:00,subway,604,"161 St-Yankee Stadium (B,D,4)",Bronx,55.0
2023-12-27 19:00:00,subway,603,"149 St-Grand Concourse (2,4,5)",Bronx,4.0
2023-12-27 19:00:00,subway,56,Ocean Pkwy (Q),Brooklyn,3.0
2023-12-27 19:00:00,subway,5,"36 Av (N,W)",Queens,76.0
2023-12-27 19:00:00,subway,475,96 St (Q),Manhattan,32.0
2023-12-27 19:00:00,subway,471,34 St-Hudson Yards (7),Manhattan,53.0
2023-12-27 19:00:00,subway,471,34 St-Hudson Yards (7),Manhattan,17.0
2023-12-27 19:00:00,subway,464,Vernon Blvd-Jackson Av (7),Queens,31.0
2023-12-27 19:00:00,subway,463,Hunters Point Av (7),Queens,11.0
2023-12-27 19:00:00,subway,455,69 St (7),Queens,31.0
2023-12-27 19:00:00,subway,453,82 St-Jackson Hts (7),Queens,107.0
2023-12-27 19:00:00,subway,607,"34 St-Herald Sq (B,D,F,M,N,Q,R,W)",Manhattan,2665.0
2023-12-27 19:00:00,subway,453,82 St-Jackson Hts (7),Queens,7.0
2023-12-27 19:00:00,subway,58,"Coney Island-Stillwell Av (D,F,N,Q)",Brooklyn,37.0
2023-12-27 19:00:00,subway,120,Bedford Av (L),Brooklyn,18.0
2023-12-27 19:00:00,subway,72,Fort Hamilton Pkwy (N),Brooklyn,42.0
2023-12-27 19:00:00,subway,624,"Chambers St (A,C)/WTC (E)/Park Pl (2,3)/Cortlandt (R,W)",Manhattan,18.0
2023-12-27 19:00:00,subway,447,Flushing-Main St (7),Queens,51.0
2023-12-27 19:00:00,subway,476,86 St (Q),Manhattan,11.0
2023-12-27 19:00:00,subway,457,52 St (7),Queens,1.0
2023-12-27 19:00:00,subway,431,"Intervale Av (2,5)",Bronx,3.0
2023-12-27 19:00:00,subway,420,"219 St (2,5)",Bronx,4.0
2023-12-27 19:00:00,subway,413,"Wall St (4,5)",Manhattan,36.0
2023-12-27 19:00:00,subway,41,"7 Av (B,Q)",Brooklyn,2.0
2023-12-27 19:00:00,subway,399,68 St-Hunter College (6),Manhattan,95.0
2023-12-27 19:00:00,subway,393,116 St (6),Manhattan,86.0
2023-12-27 19:00:00,subway,392,"125 St (4,5,6)",Manhattan,40.0
2023-12-27 19:00:00,subway,358,"Newkirk Av-Little Haiti (2,5)",Brooklyn,2.0
2023-12-27 19:00:00,subway,355,"Winthrop St (2,5)",Brooklyn,1.0
2023-12-27 19:00:00,subway,1,"Astoria-Ditmars Blvd (N,W)",Queens,19.0
2023-12-27 19:00:00,subway,339,"Bergen St (2,3)",Brooklyn,3.0
2023-12-27 19:00:00,subway,320,23 St (1),Manhattan,47.0
2023-12-27 19:00:00,subway,318,"34 St-Penn Station (1,2,3)",Manhattan,1354.0
2023-12-27 19:00:00,subway,306,125 St (1),Manhattan,4.0
2023-12-27 19:00:00,subway,30,Prospect Av (R),Brooklyn,12.0
2023-12-27 19:00:00,subway,299,Dyckman St (1),Manhattan,17.0
2023-12-27 19:00:00,subway,264,"Woodhaven Blvd (M,R)",Queens,16.0
2023-12-27 19:00:00,subway,259,"Kew Gardens-Union Tpke (E,F)",Queens,14.0
2023-12-27 19:00:00,subway,250,Kings Hwy (F),Brooklyn,2.0
2023-12-27 19:00:00,subway,221,21 St-Queensbridge (F),Queens,4.0
2023-12-27 19:00:00,subway,197,Aqueduct-N Conduit Av (A),Queens,3.0
2023-12-27 19:00:00,subway,183,Rockaway Av (C),Brooklyn,3.0
2023-12-27 19:00:00,subway,169,"Canal St (A,C,E)",Manhattan,324.0
2023-12-27 19:00:00,subway,159,"81 St-Museum of Natural History (C,B)",Manhattan,47.0
2023-12-27 19:00:00,subway,124,Montrose Av (L),Brooklyn,8.0
2023-12-27 19:00:00,subway,336,"Hoyt St (2,3)",Brooklyn,2.0
2023-12-27 19:00:00,subway,443,Baychester Av (5),Bronx,7.0
2023-12-27 19:00:00,subway,334,"Clark St (2,3)",Brooklyn,2.0
2023-12-27 19:00:00,subway,433,"Jackson Av (2,5)",Bronx,5.0
2023-12-27 19:00:00,subway,313,"72 St (1,2,3)",Manhattan,56.0
2023-12-27 19:00:00,subway,293,Van Cortlandt Park-242 St (1),Bronx,2.0
2023-12-27 19:00:00,subway,288,Myrtle-Willoughby Avs (G),Brooklyn,3.0
2023-12-27 19:00:00,subway,280,Jamaica-Van Wyck (E),Queens,24.0
2023-12-27 19:00:00,subway,273,"Queens Plaza (E,M,R)",Queens,45.0
2023-12-27 19:00:00,subway,273,"Queens Plaza (E,M,R)",Queens,17.0
2023-12-27 19:00:00,subway,272,"36 St (M,R)",Queens,8.0
2023-12-27 19:00:00,subway,249,Avenue P (F),Brooklyn,6.0
2023-12-27 19:00:00,subway,231,"Grand St (B,D)",Manhattan,536.0
2023-12-27 19:00:00,subway,231,"Grand St (B,D)",Manhattan,27.0
2023-12-27 19:00:00,subway,212,"Kingsbridge Rd (B,D)",Bronx,3.0
2023-12-27 19:00:00,subway,208,Beach 25 St (A),Queens,2.0
2023-12-27 19:00:00,subway,193,104 St (A),Queens,1.0
2023-12-27 19:00:00,subway,183,Rockaway Av (C),Brooklyn,6.0
2023-12-27 19:00:00,subway,313,"72 St (1,2,3)",Manhattan,148.0
2023-12-27 19:00:00,subway,17,"Prince St (R,W)",Manhattan,11.0
2023-12-27 19:00:00,subway,152,"135 St (C,B)",Manhattan,3.0
2023-12-27 19:00:00,subway,146,181 St (A),Manhattan,16.0
2023-12-27 19:00:00,subway,143,Inwood-207 St (A),Manhattan,28.0
2023-12-27 19:00:00,subway,13,"28 St (R,W)",Manhattan,55.0
2023-12-27 19:00:00,subway,129,Halsey St (L),Queens,4.0
2023-12-27 19:00:00,subway,129,Halsey St (L),Queens,2.0
2023-12-27 19:00:00,subway,123,Grand St (L),Brooklyn,22.0
2023-12-27 19:00:00,subway,119,1 Av (L),Manhattan,63.0
2023-12-27 19:00:00,subway,119,1 Av (L),Manhattan,13.0
2023-12-27 19:00:00,subway,109,Fresh Pond Rd (M),Queens,16.0
2023-12-27 19:00:00,subway,107,"Broad St (J,Z)",Manhattan,18.0
2023-12-27 19:00:00,subway,103,"Bowery (J,Z)",Manhattan,12.0
2023-12-27 19:00:00,subway,100,"Hewes St (M,J)",Brooklyn,6.0
2023-12-27 19:00:00,subway,9,"57 St-7 Av (N,Q,R,W)",Manhattan,36.0
2023-12-27 19:00:00,subway,162,"50 St (C,E)",Manhattan,103.0
2023-12-27 19:00:00,subway,434,"3 Av-149 St (2,5)",Bronx,14.0
2023-12-27 19:00:00,subway,314,66 St-Lincoln Center (1),Manhattan,15.0
2023-12-27 19:00:00,subway,325,Canal St (1),Manhattan,25.0
2023-12-27 19:00:00,subway,431,"Intervale Av (2,5)",Bronx,1.0
2023-12-27 19:00:00,subway,428,"174 St (2,5)",Bronx,5.0
2023-12-27 19:00:00,subway,427,"West Farms Sq-E Tremont Av (2,5)",Bronx,21.0
2023-12-27 19:00:00,subway,427,"West Farms Sq-E Tremont Av (2,5)",Bronx,10.0
2023-12-27 19:00:00,subway,421,"Gun Hill Rd (2,5)",Bronx,10.0
2023-12-27 19:00:00,subway,420,"219 St (2,5)",Bronx,2.0
2023-12-27 19:00:00,subway,418,"233 St (2,5)",Bronx,4.0
2023-12-27 19:00:00,subway,413,"Wall St (4,5)",Manhattan,4.0
2023-12-27 19:00:00,subway,407,Astor Pl (6),Manhattan,356.0
2023-12-27 19:00:00,subway,4,"Broadway (N,W)",Queens,6.0
2023-12-27 19:00:00,subway,399,68 St-Hunter College (6),Manhattan,39.0
2023-12-27 19:00:00,subway,398,77 St (6),Manhattan,345.0
2023-12-27 19:00:00,subway,395,103 St (6),Manhattan,10.0
2023-12-27 19:00:00,subway,392,"125 St (4,5,6)",Manhattan,61.0
2023-12-27 19:00:00,subway,324,Houston St (1),Manhattan,40.0
2023-12-27 19:00:00,subway,383,183 St (4),Bronx,15.0
2023-12-27 19:00:00,subway,379,Mosholu Pkwy (4),Bronx,7.0
2023-12-27 19:00:00,subway,376,Brook Av (6),Bronx,7.0
2023-12-27 19:00:00,subway,373,E 149 St (6),Bronx,8.0
2023-12-27 19:00:00,subway,355,"Winthrop St (2,5)",Brooklyn,8.0
2023-12-27 19:00:00,subway,355,"Winthrop St (2,5)",Brooklyn,16.0
2023-12-27 19:00:00,subway,350,Pennsylvania Av (3),Brooklyn,4.0
2023-12-27 19:00:00,subway,350,Pennsylvania Av (3),Brooklyn,5.0
2023-12-27 19:00:00,subway,35,"59 St (N,R)",Brooklyn,37.0
2023-12-27 19:00:00,subway,348,Rockaway Av (3),Brooklyn,2.0
2023-12-27 19:00:00,subway,344,Kingston Av (3),Brooklyn,4.0
2023-12-27 19:00:00,subway,341,"Eastern Pkwy-Brooklyn Museum (2,3)",Brooklyn,88.0
2023-12-27 19:00:00,subway,340,"Grand Army Plaza (2,3)",Brooklyn,68.0
2023-12-27 19:00:00,subway,334,"Clark St (2,3)",Brooklyn,78.0
2023-12-27 19:00:00,subway,328,WTC Cortlandt (1),Manhattan,6.0
2023-12-27 19:00:00,subway,38,86 St (R),Brooklyn,17.0
2023-12-27 19:00:00,subway,95,"Gates Av (J,Z)",Brooklyn,3.0
2023-12-27 19:00:00,subway,99,"Lorimer St (M,J)",Brooklyn,7.0
2023-12-27 19:00:00,subway,220,"155 St (B,D)",Manhattan,2.0
2023-12-27 19:00:00,subway,208,Beach 25 St (A),Queens,3.0
2023-12-27 19:00:00,subway,20,"City Hall (R,W)",Manhattan,5.0
2023-12-27 19:00:00,subway,2,"Astoria Blvd (N,W)",Queens,31.0
2023-12-27 19:00:00,subway,195,Ozone Park-Lefferts Blvd (A),Queens,2.0
2023-12-27 19:00:00,subway,193,104 St (A),Queens,1.0
2023-12-27 19:00:00,subway,188,"Euclid Av (A,C)",Brooklyn,12.0
2023-12-27 19:00:00,subway,179,"Nostrand Av (A,C)",Brooklyn,166.0
2023-12-27 19:00:00,subway,177,Clinton-Washington Avs (C),Brooklyn,2.0
2023-12-27 19:00:00,subway,168,"Spring St (C,E)",Manhattan,12.0
2023-12-27 19:00:00,subway,164,"34 St-Penn Station (A,C,E)",Manhattan,222.0
2023-12-27 19:00:00,subway,164,"34 St-Penn Station (A,C,E)",Manhattan,140.0
2023-12-27 19:00:00,subway,156,"103 St (C,B)",Manhattan,2.0
2023-12-27 19:00:00,subway,123,Grand St (L),Brooklyn,8.0
2023-12-27 19:00:00,subway,120,Bedford Av (L),Brooklyn,5.0
2023-12-27 19:00:00,subway,109,Fresh Pond Rd (M),Queens,10.0
2023-12-27 19:00:00,subway,109,Fresh Pond Rd (M),Queens,4.0
2023-12-27 19:00:00,tram,TRAM2,RI Tramway (Roosevelt),Manhattan,3.0
2023-12-27 19:00:00,subway,103,"Bowery (J,Z)",Manhattan,2.0
2023-12-27 19:00:00,subway,107,"Broad St (J,Z)",Manhattan,8.0
2023-12-27 19:00:00,subway,107,"Broad St (J,Z)",Manhattan,150.0
2023-12-27 19:00:00,subway,108,Middle Village-Metropolitan Av (M),Queens,7.0
2023-12-27 19:00:00,subway,110,Forest Av (M),Queens,3.0
2023-12-27 19:00:00,subway,113,Knickerbocker Av (M),Brooklyn,7.0
2023-12-27 19:00:00,subway,216,"174-175 Sts (B,D)",Bronx,6.0
2023-12-27 19:00:00,subway,118,3 Av (L),Manhattan,6.0
2023-12-27 19:00:00,subway,216,"174-175 Sts (B,D)",Bronx,5.0
2023-12-27 19:00:00,subway,232,2 Av (F),Manhattan,11.0
2023-12-27 19:00:00,subway,311,86 St (1),Manhattan,58.0
2023-12-27 19:00:00,subway,309,103 St (1),Manhattan,5.0
2023-12-27 19:00:00,subway,308,Cathedral Pkwy (110 St) (1),Manhattan,5.0
2023-12-27 19:00:00,subway,306,125 St (1),Manhattan,11.0
2023-12-27 19:00:00,subway,298,207 St (1),Manhattan,12.0
2023-12-27 19:00:00,subway,291,Clinton-Washington Avs (G),Brooklyn,7.0
2023-12-27 19:00:00,subway,290,Classon Av (G),Brooklyn,65.0
2023-12-27 19:00:00,subway,290,Classon Av (G),Brooklyn,3.0
2023-12-27 19:00:00,subway,283,Greenpoint Av (G),Brooklyn,5.0
2023-12-27 19:00:00,subway,282,21 St (G),Queens,2.0
2023-12-27 19:00:00,subway,28,Union St (R),Brooklyn,3.0
2023-12-27 19:00:00,subway,276,"5 Av/53 St (E,M)",Manhattan,28.0
2023-12-27 19:00:00,subway,273,"Queens Plaza (E,M,R)",Queens,25.0
2023-12-27 19:00:00,subway,271,"Steinway St (M,R)",Queens,26.0
2023-12-27 19:00:00,subway,266,"Elmhurst Av (M,R)",Queens,5.0
2023-12-27 19:00:00,subway,265,"Grand Av-Newtown (M,R)",Queens,39.0
2023-12-27 19:00:00,subway,264,"Woodhaven Blvd (M,R)",Queens,179.0
2023-12-27 19:00:00,subway,262,"67 Av (M,R)",Queens,9.0
2023-12-27 19:00:00,subway,26,"DeKalb Av (B,Q,R)",Brooklyn,1.0
2023-12-27 19:00:00,subway,259,"Kew Gardens-Union Tpke (E,F)",Queens,10.0
2023-12-27 19:00:00,subway,255,169 St (F),Queens,48.0
2023-12-27 19:00:00,subway,255,169 St (F),Queens,5.0
2023-12-27 19:00:00,subway,251,Avenue U (F),Brooklyn,8.0
2023-12-27 19:00:00,subway,95,"Gates Av (J,Z)",Brooklyn,13.0
2023-12-27 19:00:00,subway,123,Grand St (L),Brooklyn,5.0
2023-12-27 19:00:00,subway,123,Grand St (L),Brooklyn,78.0
2023-12-27 19:00:00,subway,131,Bushwick Av-Aberdeen St (L),Brooklyn,1.0
2023-12-27 19:00:00,subway,258,"Briarwood (E,F)",Queens,12.0
2023-12-27 19:00:00,subway,26,"DeKalb Av (B,Q,R)",Brooklyn,64.0
2023-12-27 19:00:00,subway,26,"DeKalb Av (B,Q,R)",Brooklyn,245.0
2023-12-27 19:00:00,subway,262,"67 Av (M,R)",Queens,53.0
2023-12-27 19:00:00,subway,271,"Steinway St (M,R)",Queens,35.0
2023-12-27 19:00:00,subway,277,"7 Av (E,B,D)",Manhattan,9.0
2023-12-27 19:00:00,subway,279,"Sutphin Blvd-Archer Av-JFK Airport (E,J,Z)",Queens,22.0
2023-12-27 19:00:00,subway,28,Union St (R),Brooklyn,17.0
2023-12-27 19:00:00,subway,280,Jamaica-Van Wyck (E),Queens,4.0
2023-12-27 19:00:00,subway,280,Jamaica-Van Wyck (E),Queens,12.0
2023-12-27 19:00:00,subway,290,Classon Av (G),Brooklyn,12.0
2023-12-27 19:00:00,subway,291,Clinton-Washington Avs (G),Brooklyn,1.0
2023-12-27 19:00:00,subway,298,207 St (1),Manhattan,4.0
2023-12-27 19:00:00,subway,305,137 St-City College (1),Manhattan,9.0
2023-12-27 19:00:00,subway,307,116 St-Columbia University (1),Manhattan,2.0
2023-12-27 19:00:00,subway,308,Cathedral Pkwy (110 St) (1),Manhattan,20.0
2023-12-27 19:00:00,subway,312,79 St (1),Manhattan,11.0
2023-12-27 19:00:00,subway,316,50 St (1),Manhattan,212.0
2023-12-27 19:00:00,subway,320,23 St (1),Manhattan,16.0
2023-12-27 19:00:00,subway,323,Christopher St-Sheridan Sq (1),Manhattan,4.0
2023-12-27 19:00:00,subway,327,"Chambers St (1,2,3)",Manhattan,60.0
2023-12-27 19:00:00,subway,334,"Clark St (2,3)",Brooklyn,8.0
2023-12-27 19:00:00,subway,339,"Bergen St (2,3)",Brooklyn,14.0
2023-12-27 19:00:00,subway,256,Parsons Blvd (F),Queens,23.0
2023-12-27 19:00:00,subway,252,Avenue X (F),Brooklyn,5.0
2023-12-27 19:00:00,subway,248,Avenue N (F),Brooklyn,1.0
2023-12-27 19:00:00,subway,241,"15 St-Prospect Park (F,G)",Brooklyn,9.0
2023-12-27 19:00:00,subway,14,"23 St (R,W)",Manhattan,100.0
2023-12-27 19:00:00,subway,143,Inwood-207 St (A),Manhattan,5.0
2023-12-27 19:00:00,subway,144,Dyckman St (A),Manhattan,6.0
2023-12-27 19:00:00,subway,149,163 St-Amsterdam Av (C),Manhattan,4.0
2023-12-27 19:00:00,subway,157,"96 St (C,B)",Manhattan,16.0
2023-12-27 19:00:00,subway,162,"50 St (C,E)",Manhattan,36.0
2023-12-27 19:00:00,subway,165,"23 St (C,E)",Manhattan,18.0
2023-12-27 19:00:00,subway,165,"23 St (C,E)",Manhattan,10.0
2023-12-27 19:00:00,subway,169,"Canal St (A,C,E)",Manhattan,11.0
2023-12-27 19:00:00,subway,182,Ralph Av (C),Brooklyn,2.0
2023-12-27 19:00:00,subway,187,Shepherd Av (C),Brooklyn,1.0
2023-12-27 19:00:00,subway,311,86 St (1),Manhattan,42.0
2023-12-27 19:00:00,subway,188,"Euclid Av (A,C)",Brooklyn,44.0
2023-12-27 19:00:00,subway,195,Ozone Park-Lefferts Blvd (A),Queens,2.0
2023-12-27 19:00:00,subway,2,"Astoria Blvd (N,W)",Queens,5.0
2023-12-27 19:00:00,subway,205,Beach 60 St (A),Queens,5.0
2023-12-27 19:00:00,subway,211,"Bedford Park Blvd (B,D)",Bronx,3.0
2023-12-27 19:00:00,subway,216,"174-175 Sts (B,D)",Bronx,6.0
2023-12-27 19:00:00,subway,218,"167 St (B,D)",Bronx,33.0
2023-12-27 19:00:00,subway,218,"167 St (B,D)",Bronx,41.0
2023-12-27 19:00:00,subway,222,Roosevelt Island (F),Manhattan,2.0
2023-12-27 19:00:00,subway,231,"Grand St (B,D)",Manhattan,4.0
2023-12-27 19:00:00,subway,234,East Broadway (F),Manhattan,13.0
2023-12-27 19:00:00,subway,238,"Smith-9 Sts (F,G)",Brooklyn,16.0
2023-12-27 19:00:00,subway,189,Grant Av (A),Brooklyn,3.0
2023-12-27 19:00:00,subway,34,53 St (R),Brooklyn,15.0
2023-12-27 19:00:00,subway,337,"Nevins St (2,3,4,5)",Brooklyn,53.0
2023-12-27 19:00:00,subway,349,Junius St (3),Brooklyn,12.0
2023-12-27 19:00:00,subway,460,33 St-Rawson St (7),Queens,3.0
2023-12-27 19:00:00,subway,459,40 St-Lowery St (7),Queens,84.0
2023-12-27 19:00:00,subway,457,52 St (7),Queens,6.0
2023-12-27 19:00:00,subway,453,82 St-Jackson Hts (7),Queens,35.0
2023-12-27 19:00:00,subway,451,Junction Blvd (7),Queens,15.0
2023-12-27 19:00:00,subway,450,103 St-Corona Plaza (7),Queens,21.0
2023-12-27 19:00:00,subway,442,Eastchester-Dyre Av (5),Bronx,17.0
2023-12-27 19:00:00,subway,44,"Church Av (B,Q)",Brooklyn,25.0
2023-12-27 19:00:00,subway,439,"125 St (2,3)",Manhattan,16.0
2023-12-27 19:00:00,subway,424,"Pelham Pkwy (2,5)",Bronx,32.0
2023-12-27 19:00:00,subway,420,"219 St (2,5)",Bronx,3.0
2023-12-27 19:00:00,subway,416,Wakefield-241 St (2),Bronx,2.0
2023-12-27 19:00:00,subway,4,"Broadway (N,W)",Queens,25.0
2023-12-27 19:00:00,subway,397,"86 St (4,5,6)",Manhattan,50.0
2023-12-27 19:00:00,subway,385,176 St (4),Bronx,22.0
2023-12-27 19:00:00,subway,384,Burnside Av (4),Bronx,9.0
2023-12-27 19:00:00,subway,382,Fordham Rd (4),Bronx,61.0
2023-12-27 19:00:00,subway,375,Cypress Av (6),Bronx,3.0
2023-12-27 19:00:00,subway,375,Cypress Av (6),Bronx,14.0
2023-12-27 19:00:00,subway,37,77 St (R),Brooklyn,6.0
2023-12-27 19:00:00,subway,365,Castle Hill Av (6),Bronx,3.0
2023-12-27 19:00:00,subway,359,"Flatbush Av-Brooklyn College (2,5)",Brooklyn,21.0
2023-12-27 19:00:00,subway,351,Van Siclen Av (3),Brooklyn,4.0
2023-12-27 19:00:00,subway,47,"Newkirk Plaza (B,Q)",Brooklyn,5.0
2023-12-27 19:00:00,subway,349,Junius St (3),Brooklyn,1.0
2023-12-27 19:00:00,subway,476,86 St (Q),Manhattan,80.0
2023-12-27 19:00:00,subway,6,"39 Av-Dutch Kills (N,W)",Queens,12.0
2023-12-27 19:00:00,tram,TRAM1,RI Tramway (Manhattan),Manhattan,6.0
2023-12-27 19:00:00,subway,93,"Chauncey St (J,Z)",Brooklyn,25.0
2023-12-27 19:00:00,subway,93,"Chauncey St (J,Z)",Brooklyn,1.0
2023-12-27 19:00:00,subway,91,Alabama Av (J),Brooklyn,1.0
2023-12-27 19:00:00,subway,87,"Crescent St (J,Z)",Brooklyn,5.0
2023-12-27 19:00:00,subway,85,"75 St-Elderts Ln (J,Z)",Queens,1.0
2023-12-27 19:00:00,subway,84,85 St-Forest Pkwy (J),Queens,10.0
2023-12-27 19:00:00,subway,67,20 Av (D),Brooklyn,2.0
2023-12-27 19:00:00,subway,64,71 St (D),Brooklyn,2.0
2023-12-27 19:00:00,subway,624,"Chambers St (A,C)/WTC (E)/Park Pl (2,3)/Cortlandt (R,W)",Manhattan,32.0
2023-12-27 19:00:00,subway,622,"Brooklyn Bridge-City Hall (4,5,6)/Chambers St (J,Z)",Manhattan,101.0
2023-12-27 19:00:00,subway,62,55 St (D),Brooklyn,9.0
2023-12-27 19:00:00,subway,616,"74-Broadway (7)/Jackson Hts-Roosevelt Av (E,F,M,R)",Queens,2.0
2023-12-27 19:00:00,subway,616,"74-Broadway (7)/Jackson Hts-Roosevelt Av (E,F,M,R)",Queens,191.0
2023-12-27 19:00:00,subway,613,"Lexington Av (N,R,W)/59 St (4,5,6)",Manhattan,1027.0
2023-12-27 19:00:00,subway,613,"Lexington Av (N,R,W)/59 St (4,5,6)",Manhattan,64.0
2023-12-27 19:00:00,subway,611,"Times Sq-42 St (N,Q,R,W,S,1,2,3,7)/42 St (A,C,E)",Manhattan,3596.0
2023-12-27 19:00:00,subway,610,"Grand Central-42 St (S,4,5,6,7)",Manhattan,7.0
2023-12-27 19:00:00,subway,608,"4 Av (F,G)/9 St (R)",Brooklyn,31.0
2023-12-27 19:00:00,subway,606,"Court Sq (E,G,M,7)",Queens,1.0
2023-12-27 19:00:00,subway,606,"Court Sq (E,G,M,7)",Queens,56.0
2023-12-27 19:00:00,subway,602,"14 St-Union Sq (L,N,Q,R,W,4,5,6)",Manhattan,74.0
2023-12-27 19:00:00,subway,601,"14 St (F,M,1,2,3)/6 Av (L)",Manhattan,111.0
2023-12-27 19:00:00,subway,56,Ocean Pkwy (Q),Brooklyn,6.0
2023-12-27 19:00:00,tram,TRAM2,RI Tramway (Roosevelt),Manhattan,2.0
2023-12-27 19:00:00,subway,91,Alabama Av (J),Brooklyn,4.0
2023-12-27 19:00:00,subway,90,"Van Siclen Av (J,Z)",Brooklyn,12.0
2023-12-27 19:00:00,subway,437,145 St (3),Manhattan,2.0
2023-12-27 19:00:00,subway,434,"3 Av-149 St (2,5)",Bronx,67.0
2023-12-27 19:00:00,subway,432,"Prospect Av (2,5)",Bronx,20.0
2023-12-27 19:00:00,subway,424,"Pelham Pkwy (2,5)",Bronx,5.0
2023-12-27 19:00:00,subway,413,"Wall St (4,5)",Manhattan,15.0
2023-12-27 19:00:00,subway,405,23 St (6),Manhattan,81.0
2023-12-27 19:00:00,subway,392,"125 St (4,5,6)",Manhattan,1.0
2023-12-27 19:00:00,subway,387,170 St (4),Bronx,9.0
2023-12-27 19:00:00,subway,386,Mt Eden Av (4),Bronx,5.0
2023-12-27 19:00:00,subway,384,Burnside Av (4),Bronx,67.0
2023-12-27 19:00:00,subway,384,Burnside Av (4),Bronx,31.0
2023-12-27 19:00:00,subway,381,Kingsbridge Rd (4),Bronx,18.0
2023-12-27 19:00:00,subway,378,Woodlawn (4),Bronx,10.0
2023-12-27 19:00:00,subway,377,3 Av-138 St (6),Bronx,10.0
2023-12-27 19:00:00,subway,374,E 143 St-St Mary's St (6),Bronx,2.0
2023-12-27 19:00:00,subway,37,77 St (R),Brooklyn,10.0
2023-12-27 19:00:00,subway,364,Zerega Av (6),Bronx,1.0
2023-12-27 19:00:00,subway,361,Buhre Av (6),Bronx,4.0
2023-12-27 19:00:00,subway,361,Buhre Av (6),Bronx,7.0
2023-12-27 19:00:00,subway,360,Pelham Bay Park (6),Bronx,24.0
2023-12-27 19:00:00,subway,359,"Flatbush Av-Brooklyn College (2,5)",Brooklyn,100.0
2023-12-27 19:00:00,subway,358,"Newkirk Av-Little Haiti (2,5)",Brooklyn,8.0
2023-12-27 19:00:00,subway,352,New Lots Av (3),Brooklyn,15.0
2023-12-27 19:00:00,subway,44,"Church Av (B,Q)",Brooklyn,2.0
2023-12-27 19:00:00,subway,455,69 St (7),Queens,55.0
2023-12-27 19:00:00,subway,457,52 St (7),Queens,28.0
2023-12-27 19:00:00,subway,46,Cortelyou Rd (Q),Brooklyn,4.0
2023-12-27 19:00:00,subway,85,"75 St-Elderts Ln (J,Z)",Queens,7.0
2023-12-27 19:00:00,subway,78,Avenue U (N),Brooklyn,2.0
2023-12-27 19:00:00,subway,67,20 Av (D),Brooklyn,17.0
2023-12-27 19:00:00,subway,66,18 Av (D),Brooklyn,2.0
2023-12-27 19:00:00,subway,635,"South Ferry (1)/Whitehall St (R,W)",Manhattan,10.0
2023-12-27 19:00:00,subway,629,Lorimer St (L)/Metropolitan Av (G),Brooklyn,1.0
2023-12-27 19:00:00,subway,629,Lorimer St (L)/Metropolitan Av (G),Brooklyn,31.0
2023-12-27 19:00:00,subway,627,"Franklin Av (C,S)",Brooklyn,58.0
2023-12-27 19:00:00,subway,625,"Delancey St (F)/Essex St (J,M,Z)",Manhattan,626.0
2023-12-27 19:00:00,subway,624,"Chambers St (A,C)/WTC (E)/Park Pl (2,3)/Cortlandt (R,W)",Manhattan,3.0
2023-12-27 19:00:00,subway,624,"Chambers St (A,C)/WTC (E)/Park Pl (2,3)/Cortlandt (R,W)",Manhattan,313.0
2023-12-27 19:00:00,subway,344,Kingston Av (3),Brooklyn,14.0
2023-12-27 19:00:00,subway,622,"Brooklyn Bridge-City Hall (4,5,6)/Chambers St (J,Z)",Manhattan,100.0
2023-12-27 19:00:00,subway,618,"14 St (A,C,E)/8 Av (L)",Manhattan,23.0
2023-12-27 19:00:00,subway,617,"Atlantic Av-Barclays Ctr (B,D,N,Q,R,2,3,4,5)",Brooklyn,200.0
2023-12-27 19:00:00,subway,615,New Utrecht Av (N)/62 St (D),Brooklyn,5.0
2023-12-27 19:00:00,subway,602,"14 St-Union Sq (L,N,Q,R,W,4,5,6)",Manhattan,1929.0
2023-12-27 19:00:00,subway,601,"14 St (F,M,1,2,3)/6 Av (L)",Manhattan,39.0
2023-12-27 19:00:00,subway,58,"Coney Island-Stillwell Av (D,F,N,Q)",Brooklyn,15.0
2023-12-27 19:00:00,subway,58,"Coney Island-Stillwell Av (D,F,N,Q)",Brooklyn,23.0
2023-12-27 19:00:00,subway,52,Avenue U (Q),Brooklyn,24.0
2023-12-27 19:00:00,subway,477,72 St (Q),Manhattan,18.0
2023-12-27 19:00:00,subway,460,33 St-Rawson St (7),Queens,8.0
2023-12-27 19:00:00,subway,460,33 St-Rawson St (7),Queens,14.0
2023-12-27 19:00:00,subway,621,"Broadway Junction (A,C,J,L,Z)",Brooklyn,31.0
2023-12-27 19:00:00,subway,349,Junius St (3),Brooklyn,6.0
2023-12-27 20:00:00,subway,98,"Flushing Av (M,J)",Brooklyn,58.0
2023-12-27 20:00:00,subway,294,238 St (1),Bronx,3.0
2023-12-27 20:00:00,subway,419,"225 St (2,5)",Bronx,4.0
2023-12-27 20:00:00,subway,420,"219 St (2,5)",Bronx,2.0
2023-12-27 20:00:00,subway,422,"Burke Av (2,5)",Bronx,3.0
2023-12-27 20:00:00,subway,429,"Freeman St (2,5)",Bronx,1.0
2023-12-27 20:00:00,subway,430,"Simpson St (2,5)",Bronx,13.0
2023-12-27 20:00:00,subway,441,"Central Park North (110 St) (2,3)",Manhattan,45.0
2023-12-27 20:00:00,subway,444,Gun Hill Rd (5),Bronx,15.0
2023-12-27 20:00:00,subway,456,61 St-Woodside (7),Queens,8.0
2023-12-27 20:00:00,subway,460,33 St-Rawson St (7),Queens,6.0
2023-12-27 20:00:00,subway,463,Hunters Point Av (7),Queens,16.0
2023-12-27 20:00:00,subway,407,Astor Pl (6),Manhattan,12.0
2023-12-27 20:00:00,subway,52,Avenue U (Q),Brooklyn,1.0
2023-12-27 20:00:00,subway,56,Ocean Pkwy (Q),Brooklyn,2.0
2023-12-27 20:00:00,subway,58,"Coney Island-Stillwell Av (D,F,N,Q)",Brooklyn,41.0
2023-12-27 20:00:00,subway,601,"14 St (F,M,1,2,3)/6 Av (L)",Manhattan,42.0
2023-12-27 20:00:00,subway,608,"4 Av (F,G)/9 St (R)",Brooklyn,9.0
2023-12-27 20:00:00,subway,615,New Utrecht Av (N)/62 St (D),Brooklyn,10.0
2023-12-27 20:00:00,subway,62,55 St (D),Brooklyn,16.0
2023-12-27 20:00:00,subway,628,"Fulton St (A,C,J,Z,2,3,4,5)",Manhattan,238.0
2023-12-27 20:00:00,subway,70,Bay 50 St (D),Brooklyn,2.0
2023-12-27 20:00:00,subway,81,111 St (J),Queens,1.0
2023-12-27 20:00:00,subway,93,"Chauncey St (J,Z)",Brooklyn,1.0
2023-12-27 20:00:00,subway,52,Avenue U (Q),Brooklyn,8.0
2023-12-27 20:00:00,subway,394,110 St (6),Manhattan,61.0
2023-12-27 20:00:00,subway,386,Mt Eden Av (4),Bronx,3.0
2023-12-27 20:00:00,subway,384,Burnside Av (4),Bronx,5.0
2023-12-27 20:00:00,subway,295,231 St (1),Bronx,6.0
2023-12-27 20:00:00,subway,307,116 St-Columbia University (1),Manhattan,7.0
2023-12-27 20:00:00,subway,309,103 St (1),Manhattan,10.0
2023-12-27 20:00:00,subway,312,79 St (1),Manhattan,2.0
2023-12-27 20:00:00,subway,314,66 St-Lincoln Center (1),Manhattan,4.0
2023-12-27 20:00:00,subway,32,"36 St (D,N,R)",Brooklyn,2.0
2023-12-27 20:00:00,subway,321,18 St (1),Manhattan,8.0
2023-12-27 20:00:00,subway,325,Canal St (1),Manhattan,24.0
2023-12-27 20:00:00,subway,325,Canal St (1),Manhattan,3.0
2023-12-27 20:00:00,subway,333,"Wall St (2,3)",Manhattan,5.0
2023-12-27 20:00:00,subway,334,"Clark St (2,3)",Brooklyn,6.0
2023-12-27 20:00:00,subway,343,Nostrand Av (3),Brooklyn,3.0
2023-12-27 20:00:00,subway,347,Saratoga Av (3),Brooklyn,3.0
2023-12-27 20:00:00,subway,349,Junius St (3),Brooklyn,3.0
2023-12-27 20:00:00,subway,355,"Winthrop St (2,5)",Brooklyn,2.0
2023-12-27 20:00:00,subway,356,"Church Av (2,5)",Brooklyn,5.0
2023-12-27 20:00:00,subway,361,Buhre Av (6),Bronx,6.0
2023-12-27 20:00:00,subway,364,Zerega Av (6),Bronx,2.0
2023-12-27 20:00:00,subway,364,Zerega Av (6),Bronx,1.0
2023-12-27 20:00:00,subway,365,Castle Hill Av (6),Bronx,8.0
2023-12-27 20:00:00,subway,368,Morrison Av-Soundview (6),Bronx,4.0
2023-12-27 20:00:00,subway,374,E 143 St-St Mary's St (6),Bronx,2.0
2023-12-27 20:00:00,subway,378,Woodlawn (4),Bronx,16.0
2023-12-27 20:00:00,subway,292,Fulton St (G),Brooklyn,2.0
2023-12-27 20:00:00,subway,318,"34 St-Penn Station (1,2,3)",Manhattan,67.0
2023-12-27 20:00:00,subway,279,"Sutphin Blvd-Archer Av-JFK Airport (E,J,Z)",Queens,37.0
2023-12-27 20:00:00,staten_island_railway,501,St George (SIR),Staten Island,2.0
2023-12-27 20:00:00,subway,614,"59 St-Columbus Circle (A,B,C,D,1)",Manhattan,1.0
2023-12-27 20:00:00,subway,621,"Broadway Junction (A,C,J,L,Z)",Brooklyn,10.0
2023-12-27 20:00:00,subway,626,"Franklin Av (2,3,4,5)/Botanic Garden (S)",Brooklyn,24.0
2023-12-27 20:00:00,subway,635,"South Ferry (1)/Whitehall St (R,W)",Manhattan,8.0
2023-12-27 20:00:00,subway,77,Kings Hwy (N),Brooklyn,15.0
2023-12-27 20:00:00,subway,89,Cleveland St (J),Brooklyn,1.0
2023-12-27 20:00:00,subway,9,"57 St-7 Av (N,Q,R,W)",Manhattan,84.0
2023-12-27 20:00:00,subway,97,"Myrtle Av (M,J,Z)",Brooklyn,26.0
2023-12-27 20:00:00,subway,98,"Flushing Av (M,J)",Brooklyn,14.0
2023-12-27 20:00:00,subway,99,"Lorimer St (M,J)",Brooklyn,12.0
2023-12-27 20:00:00,staten_island_railway,501,St George (SIR),Staten Island,4.0
2023-12-27 20:00:00,tram,TRAM1,RI Tramway (Manhattan),Manhattan,30.0
2023-12-27 20:00:00,subway,98,"Flushing Av (M,J)",Brooklyn,26.0
2023-12-27 20:00:00,subway,90,"Van Siclen Av (J,Z)",Brooklyn,5.0
2023-12-27 20:00:00,subway,9,"57 St-7 Av (N,Q,R,W)",Manhattan,487.0
2023-12-27 20:00:00,subway,606,"Court Sq (E,G,M,7)",Queens,5.0
2023-12-27 20:00:00,subway,601,"14 St (F,M,1,2,3)/6 Av (L)",Manhattan,38.0
2023-12-27 20:00:00,subway,46,Cortelyou Rd (Q),Brooklyn,25.0
2023-12-27 20:00:00,subway,458,46 St-Bliss St (7),Queens,70.0
2023-12-27 20:00:00,subway,248,Avenue N (F),Brooklyn,4.0
2023-12-27 20:00:00,subway,224,57 St (F),Manhattan,1.0
2023-12-27 20:00:00,subway,218,"167 St (B,D)",Bronx,10.0
2023-12-27 20:00:00,subway,176,Lafayette Av (C),Brooklyn,13.0
2023-12-27 20:00:00,subway,144,Dyckman St (A),Manhattan,3.0
2023-12-27 20:00:00,subway,124,Montrose Av (L),Brooklyn,1.0
2023-12-27 20:00:00,subway,107,"Broad St (J,Z)",Manhattan,53.0
2023-12-27 20:00:00,subway,88,"Norwood Av (J,Z)",Brooklyn,2.0
2023-12-27 20:00:00,subway,101,"Marcy Av (M,J,Z)",Brooklyn,27.0
2023-12-27 20:00:00,subway,418,"233 St (2,5)",Bronx,3.0
2023-12-27 20:00:00,subway,418,"233 St (2,5)",Bronx,14.0
2023-12-27 20:00:00,subway,421,"Gun Hill Rd (2,5)",Bronx,2.0
2023-12-27 20:00:00,subway,436,Harlem-148 St (3),Manhattan,3.0
2023-12-27 20:00:00,subway,44,"Church Av (B,Q)",Brooklyn,23.0
2023-12-27 20:00:00,subway,450,103 St-Corona Plaza (7),Queens,2.0
2023-12-27 20:00:00,subway,457,52 St (7),Queens,14.0
2023-12-27 20:00:00,subway,399,68 St-Hunter College (6),Manhattan,35.0
2023-12-27 20:00:00,subway,87,"Crescent St (J,Z)",Brooklyn,8.0
2023-12-27 20:00:00,subway,87,"Crescent St (J,Z)",Brooklyn,2.0
2023-12-27 20:00:00,subway,80,"121 St (J,Z)",Queens,2.0
2023-12-27 20:00:00,subway,56,Ocean Pkwy (Q),Brooklyn,13.0
2023-12-27 20:00:00,subway,55,"Brighton Beach (B,Q)",Brooklyn,34.0
2023-12-27 20:00:00,subway,476,86 St (Q),Manhattan,16.0
2023-12-27 20:00:00,subway,47,"Newkirk Plaza (B,Q)",Brooklyn,46.0
2023-12-27 20:00:00,subway,459,40 St-Lowery St (7),Queens,4.0
2023-12-27 20:00:00,subway,456,61 St-Woodside (7),Queens,12.0
2023-12-27 20:00:00,subway,450,103 St-Corona Plaza (7),Queens,88.0
2023-12-27 20:00:00,subway,58,"Coney Island-Stillwell Av (D,F,N,Q)",Brooklyn,33.0
2023-12-27 20:00:00,subway,45,Beverley Rd (Q),Brooklyn,2.0
2023-12-27 20:00:00,subway,444,Gun Hill Rd (5),Bronx,4.0
2023-12-27 20:00:00,subway,440,"116 St (2,3)",Manhattan,2.0
2023-12-27 20:00:00,subway,428,"174 St (2,5)",Bronx,1.0
2023-12-27 20:00:00,subway,427,"West Farms Sq-E Tremont Av (2,5)",Bronx,6.0
2023-12-27 20:00:00,subway,421,"Gun Hill Rd (2,5)",Bronx,9.0
2023-12-27 20:00:00,subway,392,"125 St (4,5,6)",Manhattan,46.0
2023-12-27 20:00:00,subway,385,176 St (4),Bronx,4.0
2023-12-27 20:00:00,subway,447,Flushing-Main St (7),Queens,41.0
2023-12-27 20:00:00,subway,254,Jamaica-179 St (F),Queens,38.0
2023-12-27 20:00:00,subway,6,"39 Av-Dutch Kills (N,W)",Queens,9.0
2023-12-27 20:00:00,subway,601,"14 St (F,M,1,2,3)/6 Av (L)",Manhattan,1.0
2023-12-27 20:00:00,subway,80,"121 St (J,Z)",Queens,2.0
2023-12-27 20:00:00,subway,8,"5 Av/59 St (N,R,W)",Manhattan,7.0
2023-12-27 20:00:00,subway,77,Kings Hwy (N),Brooklyn,4.0
2023-12-27 20:00:00,subway,69,25 Av (D),Brooklyn,17.0
2023-12-27 20:00:00,subway,67,20 Av (D),Brooklyn,1.0
2023-12-27 20:00:00,subway,65,79 St (D),Brooklyn,15.0
2023-12-27 20:00:00,subway,630,"Myrtle-Wyckoff Avs (L,M)",Brooklyn,10.0
2023-12-27 20:00:00,subway,60,Fort Hamilton Pkwy (D),Brooklyn,23.0
2023-12-27 20:00:00,subway,624,"Chambers St (A,C)/WTC (E)/Park Pl (2,3)/Cortlandt (R,W)",Manhattan,84.0
2023-12-27 20:00:00,subway,614,"59 St-Columbus Circle (A,B,C,D,1)",Manhattan,25.0
2023-12-27 20:00:00,subway,612,"Lexington Av-53 St (E,M)/51 St (6)",Manhattan,22.0
2023-12-27 20:00:00,subway,611,"Times Sq-42 St (N,Q,R,W,S,1,2,3,7)/42 St (A,C,E)",Manhattan,156.0
2023-12-27 20:00:00,subway,608,"4 Av (F,G)/9 St (R)",Brooklyn,18.0
2023-12-27 20:00:00,subway,608,"4 Av (F,G)/9 St (R)",Brooklyn,4.0
2023-12-27 20:00:00,subway,606,"Court Sq (E,G,M,7)",Queens,203.0
2023-12-27 20:00:00,subway,606,"Court Sq (E,G,M,7)",Queens,22.0
2023-12-27 20:00:00,subway,622,"Brooklyn Bridge-City Hall (4,5,6)/Chambers St (J,Z)",Manhattan,7.0
2023-12-27 20:00:00,subway,384,Burnside Av (4),Bronx,6.0
2023-12-27 20:00:00,subway,263,"63 Dr-Rego Park (M,R)",Queens,35.0
2023-12-27 20:00:00,subway,280,Jamaica-Van Wyck (E),Queens,2.0
2023-12-27 20:00:00,subway,192,Rockaway Blvd (A),Queens,5.0
2023-12-27 20:00:00,subway,165,"23 St (C,E)",Manhattan,13.0
2023-12-27 20:00:00,subway,162,"50 St (C,E)",Manhattan,12.0
2023-12-27 20:00:00,subway,16,"8 St-NYU (R,W)",Manhattan,13.0
2023-12-27 20:00:00,subway,159,"81 St-Museum of Natural History (C,B)",Manhattan,2.0
2023-12-27 20:00:00,subway,141,Park Pl (S),Brooklyn,1.0
2023-12-27 20:00:00,subway,113,Knickerbocker Av (M),Brooklyn,7.0
2023-12-27 20:00:00,subway,110,Forest Av (M),Queens,27.0
2023-12-27 20:00:00,subway,1,"Astoria-Ditmars Blvd (N,W)",Queens,5.0
2023-12-27 20:00:00,subway,305,137 St-City College (1),Manhattan,3.0
2023-12-27 20:00:00,subway,305,137 St-City College (1),Manhattan,3.0
2023-12-27 20:00:00,subway,31,25 St (R),Brooklyn,4.0
2023-12-27 20:00:00,subway,310,"96 St (1,2,3)",Manhattan,19.0
2023-12-27 20:00:00,subway,310,"96 St (1,2,3)",Manhattan,50.0
2023-12-27 20:00:00,subway,319,28 St (1),Manhattan,11.0
2023-12-27 20:00:00,subway,195,Ozone Park-Lefferts Blvd (A),Queens,4.0
2023-12-27 20:00:00,subway,207,Beach 36 St (A),Queens,1.0
2023-12-27 20:00:00,subway,210,Norwood-205 St (D),Bronx,2.0
2023-12-27 20:00:00,subway,216,"174-175 Sts (B,D)",Bronx,6.0
2023-12-27 20:00:00,subway,293,Van Cortlandt Park-242 St (1),Bronx,12.0
2023-12-27 20:00:00,subway,288,Myrtle-Willoughby Avs (G),Brooklyn,7.0
2023-12-27 20:00:00,subway,287,Flushing Av (G),Brooklyn,2.0
2023-12-27 20:00:00,subway,270,"46 St (M,R)",Queens,4.0
2023-12-27 20:00:00,subway,266,"Elmhurst Av (M,R)",Queens,2.0
2023-12-27 20:00:00,subway,263,"63 Dr-Rego Park (M,R)",Queens,79.0
2023-12-27 20:00:00,subway,262,"67 Av (M,R)",Queens,6.0
2023-12-27 20:00:00,subway,320,23 St (1),Manhattan,3.0
2023-12-27 20:00:00,subway,260,"75 Av (E,F)",Queens,17.0
2023-12-27 20:00:00,subway,255,169 St (F),Queens,10.0
2023-12-27 20:00:00,subway,250,Kings Hwy (F),Brooklyn,2.0
2023-12-27 20:00:00,subway,249,Avenue P (F),Brooklyn,6.0
2023-12-27 20:00:00,subway,241,"15 St-Prospect Park (F,G)",Brooklyn,16.0
2023-12-27 20:00:00,subway,238,"Smith-9 Sts (F,G)",Brooklyn,14.0
2023-12-27 20:00:00,subway,231,"Grand St (B,D)",Manhattan,6.0
2023-12-27 20:00:00,subway,222,Roosevelt Island (F),Manhattan,2.0
2023-12-27 20:00:00,subway,26,"DeKalb Av (B,Q,R)",Brooklyn,190.0
2023-12-27 20:00:00,subway,321,18 St (1),Manhattan,24.0
2023-12-27 20:00:00,subway,324,Houston St (1),Manhattan,3.0
2023-12-27 20:00:00,subway,329,Rector St (1),Manhattan,5.0
2023-12-27 20:00:00,subway,608,"4 Av (F,G)/9 St (R)",Brooklyn,112.0
2023-12-27 20:00:00,subway,604,"161 St-Yankee Stadium (B,D,4)",Bronx,19.0
2023-12-27 20:00:00,subway,56,Ocean Pkwy (Q),Brooklyn,6.0
2023-12-27 20:00:00,subway,47,"Newkirk Plaza (B,Q)",Brooklyn,5.0
2023-12-27 20:00:00,subway,463,Hunters Point Av (7),Queens,1.0
2023-12-27 20:00:00,subway,449,111 St (7),Queens,1.0
2023-12-27 20:00:00,subway,448,Mets-Willets Point (7),Queens,11.0
2023-12-27 20:00:00,subway,619,"Broadway-Lafayette St (B,D,F,M)/Bleecker St (6)",Manhattan,170.0
2023-12-27 20:00:00,subway,445,Pelham Pkwy (5),Bronx,3.0
2023-12-27 20:00:00,subway,384,Burnside Av (4),Bronx,19.0
2023-12-27 20:00:00,subway,378,Woodlawn (4),Bronx,4.0
2023-12-27 20:00:00,subway,351,Van Siclen Av (3),Brooklyn,2.0
2023-12-27 20:00:00,subway,327,"Chambers St (1,2,3)",Manhattan,4.0
2023-12-27 20:00:00,subway,320,23 St (1),Manhattan,16.0
2023-12-27 20:00:00,subway,310,"96 St (1,2,3)",Manhattan,292.0
2023-12-27 20:00:00,subway,310,"96 St (1,2,3)",Manhattan,28.0
2023-12-27 20:00:00,subway,409,Spring St (6),Manhattan,3.0
2023-12-27 20:00:00,subway,278,"Jamaica Center-Parsons/Archer (E,J,Z)",Queens,24.0
2023-12-27 20:00:00,subway,64,71 St (D),Brooklyn,1.0
2023-12-27 20:00:00,subway,97,"Myrtle Av (M,J,Z)",Brooklyn,2.0
2023-12-27 20:00:00,subway,33,45 St (R),Brooklyn,9.0
2023-12-27 20:00:00,subway,339,"Bergen St (2,3)",Brooklyn,34.0
2023-12-27 20:00:00,subway,34,53 St (R),Brooklyn,34.0
2023-12-27 20:00:00,subway,349,Junius St (3),Brooklyn,2.0
2023-12-27 20:00:00,subway,360,Pelham Bay Park (6),Bronx,19.0
2023-12-27 20:00:00,subway,368,Morrison Av-Soundview (6),Bronx,1.0
2023-12-27 20:00:00,subway,371,Hunts Point Av (6),Bronx,7.0
2023-12-27 20:00:00,subway,79,86 St (N),Brooklyn,2.0
2023-12-27 20:00:00,subway,374,E 143 St-St Mary's St (6),Bronx,7.0
2023-12-27 20:00:00,subway,382,Fordham Rd (4),Bronx,33.0
2023-12-27 20:00:00,subway,385,176 St (4),Bronx,3.0
2023-12-27 20:00:00,subway,385,176 St (4),Bronx,1.0
2023-12-27 20:00:00,subway,395,103 St (6),Manhattan,33.0
2023-12-27 20:00:00,subway,395,103 St (6),Manhattan,2.0
2023-12-27 20:00:00,subway,396,96 St (6),Manhattan,127.0
2023-12-27 20:00:00,tram,TRAM2,RI Tramway (Roosevelt),Manhattan,60.0
2023-12-27 20:00:00,subway,381,Kingsbridge Rd (4),Bronx,3.0
2023-12-27 20:00:00,subway,3,"30 Av (N,W)",Queens,3.0
2023-12-27 20:00:00,subway,300,191 St (1),Manhattan,5.0
2023-12-27 20:00:00,subway,379,Mosholu Pkwy (4),Bronx,3.0
2023-12-27 20:00:00,subway,265,"Grand Av-Newtown (M,R)",Queens,3.0
2023-12-27 20:00:00,subway,246,Avenue I (F),Brooklyn,12.0
2023-12-27 20:00:00,subway,245,18 Av (F),Brooklyn,7.0
2023-12-27 20:00:00,subway,231,"Grand St (B,D)",Manhattan,156.0
2023-12-27 20:00:00,subway,225,"47-50 Sts-Rockefeller Ctr (B,D,F,M)",Manhattan,341.0
2023-12-27 20:00:00,subway,224,57 St (F),Manhattan,31.0
2023-12-27 20:00:00,subway,266,"Elmhurst Av (M,R)",Queens,13.0
2023-12-27 20:00:00,subway,222,Roosevelt Island (F),Manhattan,3.0
2023-12-27 20:00:00,subway,216,"174-175 Sts (B,D)",Bronx,8.0
2023-12-27 20:00:00,subway,210,Norwood-205 St (D),Bronx,9.0
2023-12-27 20:00:00,subway,208,Beach 25 St (A),Queens,6.0
2023-12-27 20:00:00,subway,205,Beach 60 St (A),Queens,7.0
2023-12-27 20:00:00,subway,204,Beach 67 St (A),Queens,2.0
2023-12-27 20:00:00,subway,198,Howard Beach-JFK Airport (A),Queens,11.0
2023-12-27 20:00:00,subway,220,"155 St (B,D)",Manhattan,2.0
2023-12-27 20:00:00,subway,602,"14 St-Union Sq (L,N,Q,R,W,4,5,6)",Manhattan,54.0
2023-12-27 20:00:00,subway,270,"46 St (M,R)",Queens,11.0
2023-12-27 20:00:00,subway,299,Dyckman St (1),Manhattan,15.0
2023-12-27 20:00:00,subway,361,Buhre Av (6),Bronx,3.0
2023-12-27 20:00:00,subway,34,53 St (R),Brooklyn,2.0
2023-12-27 20:00:00,subway,339,"Bergen St (2,3)",Brooklyn,6.0
2023-12-27 20:00:00,subway,337,"Nevins St (2,3,4,5)",Brooklyn,27.0
2023-12-27 20:00:00,subway,336,"Hoyt St (2,3)",Brooklyn,7.0
2023-12-27 20:00:00,subway,325,Canal St (1),Manhattan,1.0
2023-12-27 20:00:00,subway,273,"Queens Plaza (E,M,R)",Queens,9.0
2023-12-27 20:00:00,subway,32,"36 St (D,N,R)",Brooklyn,13.0
2023-12-27 20:00:00,subway,316,50 St (1),Manhattan,145.0
2023-12-27 20:00:00,subway,310,"96 St (1,2,3)",Manhattan,80.0
2023-12-27 20:00:00,subway,31,25 St (R),Brooklyn,3.0
2023-12-27 20:00:00,subway,308,Cathedral Pkwy (110 St) (1),Manhattan,2.0
2023-12-27 20:00:00,subway,308,Cathedral Pkwy (110 St) (1),Manhattan,24.0
2023-12-27 20:00:00,subway,3,"30 Av (N,W)",Queens,31.0
2023-12-27 20:00:00,subway,319,28 St (1),Manhattan,7.0
2023-12-27 20:00:00,subway,197,Aqueduct-N Conduit Av (A),Queens,2.0
2023-12-27 20:00:00,subway,603,"149 St-Grand Concourse (2,4,5)",Bronx,2.0
2023-12-27 20:00:00,subway,606,"Court Sq (E,G,M,7)",Queens,49.0
2023-12-27 20:00:00,subway,74,18 Av (N),Brooklyn,1.0
2023-12-27 20:00:00,subway,69,25 Av (D),Brooklyn,4.0
2023-12-27 20:00:00,subway,68,Bay Pkwy (D),Brooklyn,8.0
2023-12-27 20:00:00,subway,635,"South Ferry (1)/Whitehall St (R,W)",Manhattan,199.0
2023-12-27 20:00:00,subway,630,"Myrtle-Wyckoff Avs (L,M)",Brooklyn,5.0
2023-12-27 20:00:00,subway,629,Lorimer St (L)/Metropolitan Av (G),Brooklyn,15.0
2023-12-27 20:00:00,subway,74,18 Av (N),Brooklyn,12.0
2023-12-27 20:00:00,subway,626,"Franklin Av (2,3,4,5)/Botanic Garden (S)",Brooklyn,4.0
2023-12-27 20:00:00,subway,623,"Canal St (J,N,Q,R,W,Z,6)",Manhattan,295.0
2023-12-27 20:00:00,subway,623,"Canal St (J,N,Q,R,W,Z,6)",Manhattan,44.0
2023-12-27 20:00:00,subway,620,"Court St (R)/Borough Hall (2,3,4,5)",Brooklyn,184.0
2023-12-27 20:00:00,subway,620,"Court St (R)/Borough Hall (2,3,4,5)",Brooklyn,12.0
2023-12-27 20:00:00,subway,62,55 St (D),Brooklyn,2.0
2023-12-27 20:00:00,subway,619,"Broadway-Lafayette St (B,D,F,M)/Bleecker St (6)",Manhattan,164.0
2023-12-27 20:00:00,subway,625,"Delancey St (F)/Essex St (J,M,Z)",Manhattan,21.0
2023-12-27 20:00:00,tram,TRAM2,RI Tramway (Roosevelt),Manhattan,25.0
2023-12-27 20:00:00,staten_island_railway,502,Tompkinsville (SIR),Staten Island,4.0
2023-12-27 20:00:00,subway,107,"Broad St (J,Z)",Manhattan,2.0
2023-12-27 20:00:00,subway,194,111 St (A),Queens,2.0
2023-12-27 20:00:00,subway,189,Grant Av (A),Brooklyn,3.0
2023-12-27 20:00:00,subway,186,Van Siclen Av (C),Brooklyn,2.0
2023-12-27 20:00:00,subway,185,Liberty Av (C),Brooklyn,10.0
2023-12-27 20:00:00,subway,177,Clinton-Washington Avs (C),Brooklyn,5.0
2023-12-27 20:00:00,subway,175,"Hoyt-Schermerhorn Sts (A,C,G)",Brooklyn,3.0
2023-12-27 20:00:00,subway,17,"Prince St (R,W)",Manhattan,13.0
2023-12-27 20:00:00,subway,162,"50 St (C,E)",Manhattan,121.0
2023-12-27 20:00:00,subway,160,"72 St (C,B)",Manhattan,126.0
2023-12-27 20:00:00,subway,145,190 St (A),Manhattan,2.0
2023-12-27 20:00:00,subway,133,Atlantic Av (L),Brooklyn,4.0
2023-12-27 20:00:00,subway,131,Bushwick Av-Aberdeen St (L),Brooklyn,9.0
2023-12-27 20:00:00,subway,120,Bedford Av (L),Brooklyn,15.0
2023-12-27 20:00:00,subway,109,Fresh Pond Rd (M),Queens,7.0
2023-12-27 20:00:00,subway,108,Middle Village-Metropolitan Av (M),Queens,10.0
2023-12-27 20:00:00,subway,370,Whitlock Av (6),Bronx,2.0
2023-12-27 20:00:00,subway,376,Brook Av (6),Bronx,16.0
2023-12-27 20:00:00,subway,609,"Bryant Pk (B,D,F,M)/5 Av (7)",Manhattan,29.0
2023-12-27 20:00:00,subway,601,"14 St (F,M,1,2,3)/6 Av (L)",Manhattan,135.0
2023-12-27 20:00:00,subway,236,"Bergen St (F,G)",Brooklyn,4.0
2023-12-27 20:00:00,subway,236,"Bergen St (F,G)",Brooklyn,21.0
2023-12-27 20:00:00,subway,241,"15 St-Prospect Park (F,G)",Brooklyn,1.0
2023-12-27 20:00:00,subway,242,"Fort Hamilton Pkwy (F,G)",Brooklyn,15.0
2023-12-27 20:00:00,subway,245,18 Av (F),Brooklyn,18.0
2023-12-27 20:00:00,subway,249,Avenue P (F),Brooklyn,4.0
2023-12-27 20:00:00,subway,236,"Bergen St (F,G)",Brooklyn,13.0
2023-12-27 20:00:00,subway,251,Avenue U (F),Brooklyn,9.0
2023-12-27 20:00:00,subway,259,"Kew Gardens-Union Tpke (E,F)",Queens,19.0
2023-12-27 20:00:00,subway,259,"Kew Gardens-Union Tpke (E,F)",Queens,60.0
2023-12-27 20:00:00,subway,263,"63 Dr-Rego Park (M,R)",Queens,5.0
2023-12-27 20:00:00,subway,266,"Elmhurst Av (M,R)",Queens,9.0
2023-12-27 20:00:00,subway,269,"Northern Blvd (M,R)",Queens,1.0
2023-12-27 20:00:00,subway,270,"46 St (M,R)",Queens,5.0
2023-12-27 20:00:00,subway,258,"Briarwood (E,F)",Queens,21.0
2023-12-27 20:00:00,subway,228,"23 St (F,M)",Manhattan,358.0
2023-12-27 20:00:00,subway,223,"Lexington Av/63 St (F,Q)",Manhattan,5.0
2023-12-27 20:00:00,subway,205,Beach 60 St (A),Queens,3.0
2023-12-27 20:00:00,subway,1,"Astoria-Ditmars Blvd (N,W)",Queens,5.0
2023-12-27 20:00:00,subway,10,"49 St (N,R,W)",Manhattan,16.0
2023-12-27 20:00:00,subway,100,"Hewes St (M,J)",Brooklyn,21.0
2023-12-27 20:00:00,subway,125,Morgan Av (L),Brooklyn,1.0
2023-12-27 20:00:00,subway,126,Jefferson St (L),Brooklyn,2.0
2023-12-27 20:00:00,subway,144,Dyckman St (A),Manhattan,6.0
2023-12-27 20:00:00,subway,146,181 St (A),Manhattan,2.0
2023-12-27 20:00:00,subway,150,155 St (C),Manhattan,3.0
2023-12-27 20:00:00,subway,153,"125 St (A,C,B,D)",Manhattan,44.0
2023-12-27 20:00:00,subway,16,"8 St-NYU (R,W)",Manhattan,54.0
2023-12-27 20:00:00,subway,16,"8 St-NYU (R,W)",Manhattan,38.0
2023-12-27 20:00:00,subway,177,Clinton-Washington Avs (C),Brooklyn,2.0
2023-12-27 20:00:00,subway,191,88 St (A),Queens,5.0
2023-12-27 20:00:00,subway,193,104 St (A),Queens,6.0
2023-12-27 20:00:00,subway,195,Ozone Park-Lefferts Blvd (A),Queens,18.0
2023-12-27 20:00:00,subway,277,"7 Av (E,B,D)",Manhattan,9.0
2023-12-27 20:00:00,subway,618,"14 St (A,C,E)/8 Av (L)",Manhattan,51.0
2023-12-27 20:00:00,subway,277,"7 Av (E,B,D)",Manhattan,37.0
2023-12-27 20:00:00,subway,292,Fulton St (G),Brooklyn,5.0
2023-12-27 20:00:00,subway,43,Parkside Av (Q),Brooklyn,6.0
2023-12-27 20:00:00,subway,430,"Simpson St (2,5)",Bronx,1.0
2023-12-27 20:00:00,subway,432,"Prospect Av (2,5)",Bronx,6.0
2023-12-27 20:00:00,subway,436,Harlem-148 St (3),Manhattan,1.0
2023-12-27 20:00:00,subway,436,Harlem-148 St (3),Manhattan,7.0
2023-12-27 20:00:00,subway,44,"Church Av (B,Q)",Brooklyn,71.0
2023-12-27 20:00:00,subway,387,170 St (4),Bronx,3.0
2023-12-27 20:00:00,subway,449,111 St (7),Queens,15.0
2023-12-27 20:00:00,subway,455,69 St (7),Queens,14.0
2023-12-27 20:00:00,subway,46,Cortelyou Rd (Q),Brooklyn,1.0
2023-12-27 20:00:00,subway,463,Hunters Point Av (7),Queens,8.0
2023-12-27 20:00:00,subway,48,Avenue H (Q),Brooklyn,2.0
2023-12-27 20:00:00,subway,49,Avenue J (Q),Brooklyn,13.0
2023-12-27 20:00:00,subway,56,Ocean Pkwy (Q),Brooklyn,1.0
2023-12-27 20:00:00,subway,451,Junction Blvd (7),Queens,34.0
2023-12-27 20:00:00,subway,374,E 143 St-St Mary's St (6),Bronx,1.0
2023-12-27 20:00:00,subway,372,Longwood Av (6),Bronx,1.0
2023-12-27 20:00:00,subway,369,Elder Av (6),Bronx,4.0
2023-12-27 20:00:00,subway,300,191 St (1),Manhattan,27.0
2023-12-27 20:00:00,subway,312,79 St (1),Manhattan,31.0
2023-12-27 20:00:00,subway,313,"72 St (1,2,3)",Manhattan,493.0
2023-12-27 20:00:00,subway,316,50 St (1),Manhattan,16.0
2023-12-27 20:00:00,subway,320,23 St (1),Manhattan,22.0
2023-12-27 20:00:00,subway,321,18 St (1),Manhattan,8.0
2023-12-27 20:00:00,subway,323,Christopher St-Sheridan Sq (1),Manhattan,7.0
2023-12-27 20:00:00,subway,327,"Chambers St (1,2,3)",Manhattan,38.0
2023-12-27 20:00:00,subway,327,"Chambers St (1,2,3)",Manhattan,20.0
2023-12-27 20:00:00,subway,328,WTC Cortlandt (1),Manhattan,10.0
2023-12-27 20:00:00,subway,333,"Wall St (2,3)",Manhattan,1.0
2023-12-27 20:00:00,subway,341,"Eastern Pkwy-Brooklyn Museum (2,3)",Brooklyn,2.0
2023-12-27 20:00:00,subway,344,Kingston Av (3),Brooklyn,7.0
2023-12-27 20:00:00,subway,363,Westchester Sq-E Tremont Av (6),Bronx,4.0
2023-12-27 20:00:00,subway,366,Parkchester (6),Bronx,30.0
2023-12-27 20:00:00,subway,287,Flushing Av (G),Brooklyn,9.0
2023-12-27 21:00:00,subway,604,"161 St-Yankee Stadium (B,D,4)",Bronx,21.0
2023-12-27 21:00:00,subway,1,"Astoria-Ditmars Blvd (N,W)",Queens,30.0
2023-12-27 21:00:00,subway,109,Fresh Pond Rd (M),Queens,4.0
2023-12-27 21:00:00,subway,372,Longwood Av (6),Bronx,4.0
2023-12-27 21:00:00,subway,364,Zerega Av (6),Bronx,4.0
2023-12-27 21:00:00,subway,363,Westchester Sq-E Tremont Av (6),Bronx,3.0
2023-12-27 21:00:00,subway,360,Pelham Bay Park (6),Bronx,1.0
2023-12-27 21:00:00,subway,36,Bay Ridge Av (R),Brooklyn,17.0
2023-12-27 21:00:00,subway,356,"Church Av (2,5)",Brooklyn,6.0
2023-12-27 21:00:00,subway,350,Pennsylvania Av (3),Brooklyn,4.0
2023-12-27 21:00:00,subway,349,Junius St (3),Brooklyn,4.0
2023-12-27 21:00:00,subway,344,Kingston Av (3),Brooklyn,5.0
2023-12-27 21:00:00,subway,341,"Eastern Pkwy-Brooklyn Museum (2,3)",Brooklyn,5.0
2023-12-27 21:00:00,subway,34,53 St (R),Brooklyn,4.0
2023-12-27 21:00:00,subway,618,"14 St (A,C,E)/8 Av (L)",Manhattan,5.0
2023-12-27 21:00:00,subway,326,Franklin St (1),Manhattan,15.0
2023-12-27 21:00:00,subway,325,Canal St (1),Manhattan,44.0
2023-12-27 21:00:00,subway,325,Canal St (1),Manhattan,1.0
2023-12-27 21:00:00,subway,373,E 149 St (6),Bronx,2.0
2023-12-27 21:00:00,subway,323,Christopher St-Sheridan Sq (1),Manhattan,66.0
2023-12-27 21:00:00,subway,376,Brook Av (6),Bronx,3.0
2023-12-27 21:00:00,subway,381,Kingsbridge Rd (4),Bronx,20.0
2023-12-27 21:00:00,subway,602,"14 St-Union Sq (L,N,Q,R,W,4,5,6)",Manhattan,49.0
2023-12-27 21:00:00,subway,54,"Sheepshead Bay (B,Q)",Brooklyn,12.0
2023-12-27 21:00:00,subway,54,"Sheepshead Bay (B,Q)",Brooklyn,4.0
2023-12-27 21:00:00,subway,53,Neck Rd (Q),Brooklyn,8.0
2023-12-27 21:00:00,subway,5,"36 Av (N,W)",Queens,43.0
2023-12-27 21:00:00,subway,477,72 St (Q),Manhattan,18.0
2023-12-27 21:00:00,subway,461,"Queensboro Plaza (7,N,W)",Queens,25.0
2023-12-27 21:00:00,subway,460,33 St-Rawson St (7),Queens,34.0
2023-12-27 21:00:00,subway,44,"Church Av (B,Q)",Brooklyn,18.0
2023-12-27 21:00:00,subway,431,"Intervale Av (2,5)",Bronx,5.0
2023-12-27 21:00:00,subway,420,"219 St (2,5)",Bronx,2.0
2023-12-27 21:00:00,subway,413,"Wall St (4,5)",Manhattan,2.0
2023-12-27 21:00:00,subway,4,"Broadway (N,W)",Queens,1.0
2023-12-27 21:00:00,subway,392,"125 St (4,5,6)",Manhattan,25.0
2023-12-27 21:00:00,subway,388,167 St (4),Bronx,2.0
2023-12-27 21:00:00,subway,377,3 Av-138 St (6),Bronx,29.0
2023-12-27 21:00:00,subway,609,"Bryant Pk (B,D,F,M)/5 Av (7)",Manhattan,28.0
2023-12-27 21:00:00,subway,300,191 St (1),Manhattan,26.0
2023-12-27 21:00:00,subway,291,Clinton-Washington Avs (G),Brooklyn,3.0
2023-12-27 21:00:00,subway,180,Kingston-Throop Avs (C),Brooklyn,6.0
2023-12-27 21:00:00,subway,164,"34 St-Penn Station (A,C,E)",Manhattan,1.0
2023-12-27 21:00:00,subway,136,New Lots Av (L),Brooklyn,7.0
2023-12-27 21:00:00,subway,131,Bushwick Av-Aberdeen St (L),Brooklyn,15.0
2023-12-27 21:00:00,subway,619,"Broadway-Lafayette St (B,D,F,M)/Bleecker St (6)",Manhattan,20.0
2023-12-27 21:00:00,subway,622,"Brooklyn Bridge-City Hall (4,5,6)/Chambers St (J,Z)",Manhattan,119.0
2023-12-27 21:00:00,subway,625,"Delancey St (F)/Essex St (J,M,Z)",Manhattan,42.0
2023-12-27 21:00:00,subway,625,"Delancey St (F)/Essex St (J,M,Z)",Manhattan,469.0
2023-12-27 21:00:00,subway,69,25 Av (D),Brooklyn,1.0
2023-12-27 21:00:00,subway,77,Kings Hwy (N),Brooklyn,1.0
2023-12-27 21:00:00,subway,82,"104 St (J,Z)",Queens,3.0
2023-12-27 21:00:00,subway,84,85 St-Forest Pkwy (J),Queens,4.0
2023-12-27 21:00:00,subway,84,85 St-Forest Pkwy (J),Queens,3.0
2023-12-27 21:00:00,subway,95,"Gates Av (J,Z)",Brooklyn,23.0
2023-12-27 21:00:00,subway,130,Wilson Av (L),Brooklyn,3.0
2023-12-27 21:00:00,subway,183,Rockaway Av (C),Brooklyn,6.0
2023-12-27 21:00:00,subway,299,Dyckman St (1),Manhattan,2.0
2023-12-27 21:00:00,subway,193,104 St (A),Queens,3.0
2023-12-27 21:00:00,subway,214,"182-183 Sts (B,D)",Bronx,5.0
2023-12-27 21:00:00,subway,286,Broadway (G),Brooklyn,1.0
2023-12-27 21:00:00,subway,273,"Queens Plaza (E,M,R)",Queens,23.0
2023-12-27 21:00:00,subway,265,"Grand Av-Newtown (M,R)",Queens,13.0
2023-12-27 21:00:00,subway,265,"Grand Av-Newtown (M,R)",Queens,6.0
2023-12-27 21:00:00,subway,264,"Woodhaven Blvd (M,R)",Queens,2.0
2023-12-27 21:00:00,subway,264,"Woodhaven Blvd (M,R)",Queens,50.0
2023-12-27 21:00:00,subway,257,Sutphin Blvd (F),Queens,3.0
2023-12-27 21:00:00,subway,253,Neptune Av (F),Brooklyn,1.0
2023-12-27 21:00:00,subway,250,Kings Hwy (F),Brooklyn,1.0
2023-12-27 21:00:00,subway,237,"Carroll St (F,G)",Brooklyn,2.0
2023-12-27 21:00:00,subway,234,East Broadway (F),Manhattan,9.0
2023-12-27 21:00:00,subway,225,"47-50 Sts-Rockefeller Ctr (B,D,F,M)",Manhattan,330.0
2023-12-27 21:00:00,subway,222,Roosevelt Island (F),Manhattan,3.0
2023-12-27 21:00:00,subway,220,"155 St (B,D)",Manhattan,6.0
2023-12-27 21:00:00,subway,220,"155 St (B,D)",Manhattan,6.0
2023-12-27 21:00:00,subway,207,Beach 36 St (A),Queens,2.0
2023-12-27 21:00:00,subway,334,"Clark St (2,3)",Brooklyn,69.0
2023-12-27 21:00:00,subway,108,Middle Village-Metropolitan Av (M),Queens,6.0
2023-12-27 21:00:00,subway,97,"Myrtle Av (M,J,Z)",Brooklyn,11.0
2023-12-27 21:00:00,subway,604,"161 St-Yankee Stadium (B,D,4)",Bronx,24.0
2023-12-27 21:00:00,subway,55,"Brighton Beach (B,Q)",Brooklyn,23.0
2023-12-27 21:00:00,subway,52,Avenue U (Q),Brooklyn,3.0
2023-12-27 21:00:00,subway,47,"Newkirk Plaza (B,Q)",Brooklyn,9.0
2023-12-27 21:00:00,subway,46,Cortelyou Rd (Q),Brooklyn,19.0
2023-12-27 21:00:00,subway,458,46 St-Bliss St (7),Queens,29.0
2023-12-27 21:00:00,subway,458,46 St-Bliss St (7),Queens,15.0
2023-12-27 21:00:00,subway,609,"Bryant Pk (B,D,F,M)/5 Av (7)",Manhattan,275.0
2023-12-27 21:00:00,subway,45,Beverley Rd (Q),Brooklyn,3.0
2023-12-27 21:00:00,subway,436,Harlem-148 St (3),Manhattan,1.0
2023-12-27 21:00:00,subway,436,Harlem-148 St (3),Manhattan,1.0
2023-12-27 21:00:00,subway,43,Parkside Av (Q),Brooklyn,9.0
2023-12-27 21:00:00,subway,42,"Prospect Park (B,Q,S)",Brooklyn,13.0
2023-12-27 21:00:00,subway,407,Astor Pl (6),Manhattan,1.0
2023-12-27 21:00:00,subway,4,"Broadway (N,W)",Queens,17.0
2023-12-27 21:00:00,subway,396,96 St (6),Manhattan,9.0
2023-12-27 21:00:00,subway,444,Gun Hill Rd (5),Bronx,4.0
2023-12-27 21:00:00,subway,393,116 St (6),Manhattan,18.0
2023-12-27 21:00:00,subway,614,"59 St-Columbus Circle (A,B,C,D,1)",Manhattan,59.0
2023-12-27 21:00:00,subway,623,"Canal St (J,N,Q,R,W,Z,6)",Manhattan,46.0
2023-12-27 21:00:00,subway,101,"Marcy Av (M,J,Z)",Brooklyn,16.0
2023-12-27 21:00:00,staten_island_railway,501,St George (SIR),Staten Island,6.0
2023-12-27 21:00:00,subway,98,"Flushing Av (M,J)",Brooklyn,7.0
2023-12-27 21:00:00,subway,96,Kosciuszko St (J),Brooklyn,38.0
2023-12-27 21:00:00,subway,94,Halsey St (J),Brooklyn,18.0
2023-12-27 21:00:00,subway,88,"Norwood Av (J,Z)",Brooklyn,6.0
2023-12-27 21:00:00,subway,87,"Crescent St (J,Z)",Brooklyn,6.0
2023-12-27 21:00:00,subway,618,"14 St (A,C,E)/8 Av (L)",Manhattan,69.0
2023-12-27 21:00:00,subway,87,"Crescent St (J,Z)",Brooklyn,3.0
2023-12-27 21:00:00,subway,66,18 Av (D),Brooklyn,4.0
2023-12-27 21:00:00,subway,65,79 St (D),Brooklyn,1.0
2023-12-27 21:00:00,subway,636,"Jay St-MetroTech (A,C,F,R)",Brooklyn,193.0
2023-12-27 21:00:00,subway,636,"Jay St-MetroTech (A,C,F,R)",Brooklyn,38.0
2023-12-27 21:00:00,subway,635,"South Ferry (1)/Whitehall St (R,W)",Manhattan,48.0
2023-12-27 21:00:00,subway,635,"South Ferry (1)/Whitehall St (R,W)",Manhattan,5.0
2023-12-27 21:00:00,subway,630,"Myrtle-Wyckoff Avs (L,M)",Brooklyn,17.0
2023-12-27 21:00:00,subway,74,18 Av (N),Brooklyn,15.0
2023-12-27 21:00:00,subway,101,"Marcy Av (M,J,Z)",Brooklyn,16.0
2023-12-27 21:00:00,subway,392,"125 St (4,5,6)",Manhattan,55.0
2023-12-27 21:00:00,subway,379,Mosholu Pkwy (4),Bronx,5.0
2023-12-27 21:00:00,subway,212,"Kingsbridge Rd (B,D)",Bronx,7.0
2023-12-27 21:00:00,subway,211,"Bedford Park Blvd (B,D)",Bronx,11.0
2023-12-27 21:00:00,subway,210,Norwood-205 St (D),Bronx,10.0
2023-12-27 21:00:00,subway,207,Beach 36 St (A),Queens,2.0
2023-12-27 21:00:00,subway,2,"Astoria Blvd (N,W)",Queens,2.0
2023-12-27 21:00:00,subway,198,Howard Beach-JFK Airport (A),Queens,88.0
2023-12-27 21:00:00,subway,193,104 St (A),Queens,2.0
2023-12-27 21:00:00,subway,214,"182-183 Sts (B,D)",Bronx,2.0
2023-12-27 21:00:00,subway,191,88 St (A),Queens,3.0
2023-12-27 21:00:00,subway,183,Rockaway Av (C),Brooklyn,4.0
2023-12-27 21:00:00,subway,165,"23 St (C,E)",Manhattan,38.0
2023-12-27 21:00:00,subway,127,DeKalb Av (L),Brooklyn,3.0
2023-12-27 21:00:00,subway,113,Knickerbocker Av (M),Brooklyn,3.0
2023-12-27 21:00:00,subway,101,"Marcy Av (M,J,Z)",Brooklyn,97.0
2023-12-27 21:00:00,subway,101,"Marcy Av (M,J,Z)",Brooklyn,18.0
2023-12-27 21:00:00,subway,1,"Astoria-Ditmars Blvd (N,W)",Queens,12.0
2023-12-27 21:00:00,subway,185,Liberty Av (C),Brooklyn,2.0
2023-12-27 21:00:00,subway,39,Bay Ridge-95 St (R),Brooklyn,1.0
2023-12-27 21:00:00,subway,217,"170 St (B,D)",Bronx,6.0
2023-12-27 21:00:00,subway,235,York St (F),Brooklyn,38.0
2023-12-27 21:00:00,subway,363,Westchester Sq-E Tremont Av (6),Bronx,3.0
2023-12-27 21:00:00,subway,360,Pelham Bay Park (6),Bronx,7.0
2023-12-27 21:00:00,subway,358,"Newkirk Av-Little Haiti (2,5)",Brooklyn,10.0
2023-12-27 21:00:00,subway,35,"59 St (N,R)",Brooklyn,40.0
2023-12-27 21:00:00,subway,346,Sutter Av-Rutland Rd (3),Brooklyn,3.0
2023-12-27 21:00:00,subway,312,79 St (1),Manhattan,8.0
2023-12-27 21:00:00,subway,310,"96 St (1,2,3)",Manhattan,62.0
2023-12-27 21:00:00,subway,218,"167 St (B,D)",Bronx,3.0
2023-12-27 21:00:00,subway,303,157 St (1),Manhattan,48.0
2023-12-27 21:00:00,subway,290,Classon Av (G),Brooklyn,2.0
2023-12-27 21:00:00,subway,287,Flushing Av (G),Brooklyn,7.0
2023-12-27 21:00:00,subway,272,"36 St (M,R)",Queens,10.0
2023-12-27 21:00:00,subway,270,"46 St (M,R)",Queens,6.0
2023-12-27 21:00:00,subway,258,"Briarwood (E,F)",Queens,1.0
2023-12-27 21:00:00,subway,257,Sutphin Blvd (F),Queens,14.0
2023-12-27 21:00:00,subway,251,Avenue U (F),Brooklyn,2.0
2023-12-27 21:00:00,subway,3,"30 Av (N,W)",Queens,1.0
2023-12-27 21:00:00,tram,TRAM2,RI Tramway (Roosevelt),Manhattan,4.0
2023-12-27 21:00:00,subway,107,"Broad St (J,Z)",Manhattan,7.0
2023-12-27 21:00:00,subway,125,Morgan Av (L),Brooklyn,60.0
2023-12-27 21:00:00,subway,442,Eastchester-Dyre Av (5),Bronx,8.0
2023-12-27 21:00:00,subway,441,"Central Park North (110 St) (2,3)",Manhattan,5.0
2023-12-27 21:00:00,subway,440,"116 St (2,3)",Manhattan,8.0
2023-12-27 21:00:00,subway,423,"Allerton Av (2,5)",Bronx,3.0
2023-12-27 21:00:00,subway,420,"219 St (2,5)",Bronx,2.0
2023-12-27 21:00:00,subway,398,77 St (6),Manhattan,65.0
2023-12-27 21:00:00,subway,397,"86 St (4,5,6)",Manhattan,15.0
2023-12-27 21:00:00,subway,444,Gun Hill Rd (5),Bronx,6.0
2023-12-27 21:00:00,subway,379,Mosholu Pkwy (4),Bronx,5.0
2023-12-27 21:00:00,subway,366,Parkchester (6),Bronx,15.0
2023-12-27 21:00:00,subway,362,Middletown Rd (6),Bronx,1.0
2023-12-27 21:00:00,subway,361,Buhre Av (6),Bronx,2.0
2023-12-27 21:00:00,subway,360,Pelham Bay Park (6),Bronx,8.0
2023-12-27 21:00:00,subway,340,"Grand Army Plaza (2,3)",Brooklyn,1.0
2023-12-27 21:00:00,subway,326,Franklin St (1),Manhattan,19.0
2023-12-27 21:00:00,subway,323,Christopher St-Sheridan Sq (1),Manhattan,375.0
2023-12-27 21:00:00,subway,372,Longwood Av (6),Bronx,7.0
2023-12-27 21:00:00,subway,32,"36 St (D,N,R)",Brooklyn,121.0
2023-12-27 21:00:00,subway,448,Mets-Willets Point (7),Queens,9.0
2023-12-27 21:00:00,subway,457,52 St (7),Queens,2.0
2023-12-27 21:00:00,subway,8,"5 Av/59 St (N,R,W)",Manhattan,1.0
2023-12-27 21:00:00,subway,78,Avenue U (N),Brooklyn,4.0
2023-12-27 21:00:00,subway,617,"Atlantic Av-Barclays Ctr (B,D,N,Q,R,2,3,4,5)",Brooklyn,1527.0
2023-12-27 21:00:00,subway,617,"Atlantic Av-Barclays Ctr (B,D,N,Q,R,2,3,4,5)",Brooklyn,95.0
2023-12-27 21:00:00,subway,612,"Lexington Av-53 St (E,M)/51 St (6)",Manhattan,25.0
2023-12-27 21:00:00,subway,611,"Times Sq-42 St (N,Q,R,W,S,1,2,3,7)/42 St (A,C,E)",Manhattan,1211.0
2023-12-27 21:00:00,subway,607,"34 St-Herald Sq (B,D,F,M,N,Q,R,W)",Manhattan,3.0
2023-12-27 21:00:00,subway,453,82 St-Jackson Hts (7),Queens,2.0
2023-12-27 21:00:00,subway,606,"Court Sq (E,G,M,7)",Queens,8.0
2023-12-27 21:00:00,subway,56,Ocean Pkwy (Q),Brooklyn,19.0
2023-12-27 21:00:00,subway,52,Avenue U (Q),Brooklyn,10.0
2023-12-27 21:00:00,subway,50,Avenue M (Q),Brooklyn,16.0
2023-12-27 21:00:00,subway,49,Avenue J (Q),Brooklyn,8.0
2023-12-27 21:00:00,subway,49,Avenue J (Q),Brooklyn,3.0
2023-12-27 21:00:00,subway,464,Vernon Blvd-Jackson Av (7),Queens,1.0
2023-12-27 21:00:00,subway,460,33 St-Rawson St (7),Queens,3.0
2023-12-27 21:00:00,subway,60,Fort Hamilton Pkwy (D),Brooklyn,2.0
2023-12-27 21:00:00,subway,99,"Lorimer St (M,J)",Brooklyn,10.0
2023-12-27 21:00:00,subway,319,28 St (1),Manhattan,39.0
2023-12-27 21:00:00,subway,314,66 St-Lincoln Center (1),Manhattan,53.0
2023-12-27 21:00:00,subway,234,East Broadway (F),Manhattan,18.0
2023-12-27 21:00:00,subway,228,"23 St (F,M)",Manhattan,12.0
2023-12-27 21:00:00,subway,218,"167 St (B,D)",Bronx,16.0
2023-12-27 21:00:00,subway,214,"182-183 Sts (B,D)",Bronx,7.0
2023-12-27 21:00:00,subway,208,Beach 25 St (A),Queens,3.0
2023-12-27 21:00:00,subway,204,Beach 67 St (A),Queens,18.0
2023-12-27 21:00:00,subway,200,"Beach 90 St (A,S)",Queens,1.0
2023-12-27 21:00:00,subway,236,"Bergen St (F,G)",Brooklyn,31.0
2023-12-27 21:00:00,subway,199,"Broad Channel (A,S)",Queens,1.0
2023-12-27 21:00:00,subway,167,"W 4 St-Wash Sq (A,C,E,B,D,F,M)",Manhattan,94.0
2023-12-27 21:00:00,subway,156,"103 St (C,B)",Manhattan,4.0
2023-12-27 21:00:00,subway,144,Dyckman St (A),Manhattan,11.0
2023-12-27 21:00:00,subway,143,Inwood-207 St (A),Manhattan,7.0
2023-12-27 21:00:00,subway,138,Canarsie-Rockaway Pkwy (L),Brooklyn,14.0
2023-12-27 21:00:00,subway,133,Atlantic Av (L),Brooklyn,2.0
2023-12-27 21:00:00,subway,125,Morgan Av (L),Brooklyn,1.0
2023-12-27 21:00:00,subway,190,80 St (A),Queens,1.0
2023-12-27 21:00:00,subway,316,50 St (1),Manhattan,172.0
2023-12-27 21:00:00,subway,238,"Smith-9 Sts (F,G)",Brooklyn,2.0
2023-12-27 21:00:00,subway,241,"15 St-Prospect Park (F,G)",Brooklyn,3.0
2023-12-27 21:00:00,subway,311,86 St (1),Manhattan,14.0
2023-12-27 21:00:00,subway,311,86 St (1),Manhattan,56.0
2023-12-27 21:00:00,subway,284,Nassau Av (G),Brooklyn,9.0
2023-12-27 21:00:00,subway,280,Jamaica-Van Wyck (E),Queens,2.0
2023-12-27 21:00:00,subway,278,"Jamaica Center-Parsons/Archer (E,J,Z)",Queens,81.0
2023-12-27 21:00:00,subway,276,"5 Av/53 St (E,M)",Manhattan,14.0
2023-12-27 21:00:00,subway,276,"5 Av/53 St (E,M)",Manhattan,7.0
2023-12-27 21:00:00,subway,240,"7 Av (F,G)",Brooklyn,22.0
2023-12-27 21:00:00,subway,271,"Steinway St (M,R)",Queens,3.0
2023-12-27 21:00:00,subway,269,"Northern Blvd (M,R)",Queens,13.0
2023-12-27 21:00:00,subway,262,"67 Av (M,R)",Queens,5.0
2023-12-27 21:00:00,subway,257,Sutphin Blvd (F),Queens,6.0
2023-12-27 21:00:00,subway,245,18 Av (F),Brooklyn,4.0
2023-12-27 21:00:00,subway,243,"Church Av (F,G)",Brooklyn,13.0
2023-12-27 21:00:00,subway,241,"15 St-Prospect Park (F,G)",Brooklyn,1.0
2023-12-27 21:00:00,subway,241,"15 St-Prospect Park (F,G)",Brooklyn,1.0
2023-12-27 21:00:00,subway,270,"46 St (M,R)",Queens,24.0
2023-12-27 21:00:00,tram,TRAM1,RI Tramway (Manhattan),Manhattan,1.0
2023-12-27 21:00:00,subway,123,Grand St (L),Brooklyn,2.0
2023-12-27 21:00:00,subway,71,8 Av (N),Brooklyn,6.0
2023-12-27 21:00:00,subway,107,"Broad St (J,Z)",Manhattan,3.0
2023-12-27 21:00:00,subway,85,"75 St-Elderts Ln (J,Z)",Queens,1.0
2023-12-27 21:00:00,subway,83,"Woodhaven Blvd (J,Z)",Queens,1.0
2023-12-27 21:00:00,subway,83,"Woodhaven Blvd (J,Z)",Queens,2.0
2023-12-27 21:00:00,subway,79,86 St (N),Brooklyn,1.0
2023-12-27 21:00:00,subway,74,18 Av (N),Brooklyn,4.0
2023-12-27 21:00:00,subway,629,Lorimer St (L)/Metropolitan Av (G),Brooklyn,25.0
2023-12-27 21:00:00,subway,626,"Franklin Av (2,3,4,5)/Botanic Garden (S)",Brooklyn,1.0
2023-12-27 21:00:00,subway,624,"Chambers St (A,C)/WTC (E)/Park Pl (2,3)/Cortlandt (R,W)",Manhattan,50.0
2023-12-27 21:00:00,subway,621,"Broadway Junction (A,C,J,L,Z)",Brooklyn,13.0
2023-12-27 21:00:00,subway,154,"116 St (C,B)",Manhattan,3.0
2023-12-27 21:00:00,subway,621,"Broadway Junction (A,C,J,L,Z)",Brooklyn,10.0
2023-12-27 21:00:00,subway,616,"74-Broadway (7)/Jackson Hts-Roosevelt Av (E,F,M,R)",Queens,38.0
2023-12-27 21:00:00,subway,614,"59 St-Columbus Circle (A,B,C,D,1)",Manhattan,952.0
2023-12-27 21:00:00,subway,610,"Grand Central-42 St (S,4,5,6,7)",Manhattan,370.0
2023-12-27 21:00:00,subway,601,"14 St (F,M,1,2,3)/6 Av (L)",Manhattan,6.0
2023-12-27 21:00:00,subway,601,"14 St (F,M,1,2,3)/6 Av (L)",Manhattan,637.0
2023-12-27 21:00:00,subway,60,Fort Hamilton Pkwy (D),Brooklyn,1.0
2023-12-27 21:00:00,subway,59,9 Av (D),Brooklyn,6.0
2023-12-27 21:00:00,subway,58,"Coney Island-Stillwell Av (D,F,N,Q)",Brooklyn,33.0
2023-12-27 21:00:00,subway,53,Neck Rd (Q),Brooklyn,2.0
2023-12-27 21:00:00,subway,461,"Queensboro Plaza (7,N,W)",Queens,21.0
2023-12-27 21:00:00,subway,620,"Court St (R)/Borough Hall (2,3,4,5)",Brooklyn,36.0
2023-12-27 21:00:00,subway,159,"81 St-Museum of Natural History (C,B)",Manhattan,6.0
2023-12-27 21:00:00,subway,159,"81 St-Museum of Natural History (C,B)",Manhattan,1.0
2023-12-27 21:00:00,subway,177,Clinton-Washington Avs (C),Brooklyn,3.0
2023-12-27 21:00:00,subway,68,Bay Pkwy (D),Brooklyn,8.0
2023-12-27 21:00:00,subway,619,"Broadway-Lafayette St (B,D,F,M)/Bleecker St (6)",Manhattan,108.0
2023-12-27 21:00:00,subway,603,"149 St-Grand Concourse (2,4,5)",Bronx,20.0
2023-12-27 21:00:00,subway,475,96 St (Q),Manhattan,3.0
2023-12-27 21:00:00,subway,471,34 St-Hudson Yards (7),Manhattan,21.0
2023-12-27 21:00:00,subway,464,Vernon Blvd-Jackson Av (7),Queens,8.0
2023-12-27 21:00:00,subway,444,Gun Hill Rd (5),Bronx,5.0
2023-12-27 21:00:00,subway,431,"Intervale Av (2,5)",Bronx,1.0
2023-12-27 21:00:00,subway,428,"174 St (2,5)",Bronx,5.0
2023-12-27 21:00:00,subway,416,Wakefield-241 St (2),Bronx,9.0
2023-12-27 21:00:00,subway,392,"125 St (4,5,6)",Manhattan,37.0
2023-12-27 21:00:00,subway,368,Morrison Av-Soundview (6),Bronx,20.0
2023-12-27 21:00:00,subway,350,Pennsylvania Av (3),Brooklyn,12.0
2023-12-27 21:00:00,subway,32,"36 St (D,N,R)",Brooklyn,7.0
2023-12-27 21:00:00,subway,312,79 St (1),Manhattan,163.0
2023-12-27 21:00:00,subway,31,25 St (R),Brooklyn,4.0
2023-12-27 21:00:00,subway,30,Prospect Av (R),Brooklyn,21.0
2023-12-27 21:00:00,subway,279,"Sutphin Blvd-Archer Av-JFK Airport (E,J,Z)",Queens,34.0
2023-12-27 21:00:00,subway,271,"Steinway St (M,R)",Queens,13.0
2023-12-27 21:00:00,subway,20,"City Hall (R,W)",Manhattan,2.0
2023-12-27 21:00:00,subway,2,"Astoria Blvd (N,W)",Queens,8.0
2023-12-27 21:00:00,subway,192,Rockaway Blvd (A),Queens,6.0
2023-12-27 21:00:00,subway,190,80 St (A),Queens,3.0
2023-12-27 21:00:00,subway,461,"Queensboro Plaza (7,N,W)",Queens,7.0
2023-12-27 21:00:00,subway,460,33 St-Rawson St (7),Queens,6.0
2023-12-27 21:00:00,subway,86,Cypress Hills (J),Brooklyn,4.0
2023-12-27 21:00:00,subway,448,Mets-Willets Point (7),Queens,10.0
2023-12-27 21:00:00,subway,134,Sutter Av (L),Brooklyn,3.0
2023-12-27 21:00:00,subway,135,Livonia Av (L),Brooklyn,7.0
2023-12-27 21:00:00,subway,158,"86 St (C,B)",Manhattan,2.0
2023-12-27 21:00:00,subway,167,"W 4 St-Wash Sq (A,C,E,B,D,F,M)",Manhattan,141.0
2023-12-27 21:00:00,subway,169,"Canal St (A,C,E)",Manhattan,8.0
2023-12-27 21:00:00,subway,173,"High St (A,C)",Brooklyn,4.0
2023-12-27 21:00:00,subway,181,"Utica Av (A,C)",Brooklyn,5.0
2023-12-27 21:00:00,subway,213,"Fordham Rd (B,D)",Bronx,9.0
2023-12-27 21:00:00,subway,220,"155 St (B,D)",Manhattan,2.0
2023-12-27 21:00:00,subway,234,East Broadway (F),Manhattan,16.0
2023-12-27 21:00:00,subway,244,Ditmas Av (F),Brooklyn,1.0
2023-12-27 21:00:00,subway,245,18 Av (F),Brooklyn,4.0
2023-12-27 21:00:00,subway,256,Parsons Blvd (F),Queens,3.0
2023-12-27 21:00:00,subway,258,"Briarwood (E,F)",Queens,1.0
2023-12-27 21:00:00,subway,266,"Elmhurst Av (M,R)",Queens,5.0
2023-12-27 21:00:00,subway,269,"Northern Blvd (M,R)",Queens,10.0
2023-12-27 21:00:00,subway,270,"46 St (M,R)",Queens,8.0
2023-12-27 21:00:00,subway,278,"Jamaica Center-Parsons/Archer (E,J,Z)",Queens,50.0
2023-12-27 21:00:00,subway,28,Union St (R),Brooklyn,10.0
2023-12-27 21:00:00,subway,296,Marble Hill-225 St (1),Manhattan,3.0
2023-12-27 21:00:00,subway,451,Junction Blvd (7),Queens,53.0
2023-12-27 21:00:00,subway,297,215 St (1),Manhattan,2.0
2023-12-27 21:00:00,subway,301,181 St (1),Manhattan,41.0
2023-12-27 21:00:00,subway,133,Atlantic Av (L),Brooklyn,1.0
2023-12-27 21:00:00,subway,119,1 Av (L),Manhattan,12.0
2023-12-27 21:00:00,subway,136,New Lots Av (L),Brooklyn,3.0
2023-12-27 21:00:00,subway,108,Middle Village-Metropolitan Av (M),Queens,4.0
2023-12-27 21:00:00,subway,445,Pelham Pkwy (5),Bronx,1.0
2023-12-27 21:00:00,subway,444,Gun Hill Rd (5),Bronx,4.0
2023-12-27 21:00:00,subway,441,"Central Park North (110 St) (2,3)",Manhattan,1.0
2023-12-27 21:00:00,subway,441,"Central Park North (110 St) (2,3)",Manhattan,11.0
2023-12-27 21:00:00,subway,432,"Prospect Av (2,5)",Bronx,11.0
2023-12-27 21:00:00,subway,43,Parkside Av (Q),Brooklyn,3.0
2023-12-27 21:00:00,subway,429,"Freeman St (2,5)",Bronx,3.0
2023-12-27 21:00:00,subway,424,"Pelham Pkwy (2,5)",Bronx,33.0
2023-12-27 21:00:00,subway,118,3 Av (L),Manhattan,1.0
2023-12-27 21:00:00,subway,420,"219 St (2,5)",Bronx,1.0
2023-12-27 21:00:00,subway,420,"219 St (2,5)",Bronx,2.0
2023-12-27 21:00:00,subway,419,"225 St (2,5)",Bronx,4.0
2023-12-27 21:00:00,subway,424,"Pelham Pkwy (2,5)",Bronx,8.0
2023-12-27 21:00:00,subway,403,33 St (6),Manhattan,21.0
2023-12-27 21:00:00,subway,100,"Hewes St (M,J)",Brooklyn,1.0
2023-12-27 21:00:00,subway,405,23 St (6),Manhattan,47.0
2023-12-27 21:00:00,subway,305,137 St-City College (1),Manhattan,2.0
2023-12-27 21:00:00,subway,323,Christopher St-Sheridan Sq (1),Manhattan,24.0
2023-12-27 21:00:00,subway,304,145 St (1),Manhattan,5.0
2023-12-27 21:00:00,subway,359,"Flatbush Av-Brooklyn College (2,5)",Brooklyn,23.0
2023-12-27 21:00:00,subway,395,103 St (6),Manhattan,10.0
2023-12-27 21:00:00,subway,396,96 St (6),Manhattan,4.0
2023-12-27 21:00:00,subway,398,77 St (6),Manhattan,13.0
2023-12-27 21:00:00,subway,345,"Crown Hts-Utica Av (3,4)",Brooklyn,52.0
2023-12-27 22:00:00,subway,42,"Prospect Park (B,Q,S)",Brooklyn,7.0
2023-12-27 22:00:00,subway,452,90 St-Elmhurst Av (7),Queens,42.0
2023-12-27 22:00:00,subway,450,103 St-Corona Plaza (7),Queens,63.0
2023-12-27 22:00:00,subway,449,111 St (7),Queens,8.0
2023-12-27 22:00:00,subway,443,Baychester Av (5),Bronx,1.0
2023-12-27 22:00:00,subway,440,"116 St (2,3)",Manhattan,26.0
2023-12-27 22:00:00,subway,430,"Simpson St (2,5)",Bronx,7.0
2023-12-27 22:00:00,subway,426,"E 180 St (2,5)",Bronx,25.0
2023-12-27 22:00:00,subway,97,"Myrtle Av (M,J,Z)",Brooklyn,3.0
2023-12-27 22:00:00,subway,61,50 St (D),Brooklyn,3.0
2023-12-27 22:00:00,subway,84,85 St-Forest Pkwy (J),Queens,8.0
2023-12-27 22:00:00,subway,48,Avenue H (Q),Brooklyn,2.0
2023-12-27 22:00:00,subway,48,Avenue H (Q),Brooklyn,3.0
2023-12-27 22:00:00,subway,459,40 St-Lowery St (7),Queens,13.0
2023-12-27 22:00:00,subway,458,46 St-Bliss St (7),Queens,2.0
2023-12-27 22:00:00,subway,457,52 St (7),Queens,19.0
2023-12-27 22:00:00,subway,449,111 St (7),Queens,1.0
2023-12-27 22:00:00,subway,441,"Central Park North (110 St) (2,3)",Manhattan,6.0
2023-12-27 22:00:00,subway,441,"Central Park North (110 St) (2,3)",Manhattan,3.0
2023-12-27 22:00:00,subway,439,"125 St (2,3)",Manhattan,2.0
2023-12-27 22:00:00,subway,434,"3 Av-149 St (2,5)",Bronx,33.0
2023-12-27 22:00:00,subway,430,"Simpson St (2,5)",Bronx,5.0
2023-12-27 22:00:00,subway,42,"Prospect Park (B,Q,S)",Brooklyn,9.0
2023-12-27 22:00:00,subway,417,"Nereid Av (2,5)",Bronx,1.0
2023-12-27 22:00:00,subway,413,"Wall St (4,5)",Manhattan,58.0
2023-12-27 22:00:00,subway,46,Cortelyou Rd (Q),Brooklyn,6.0
2023-12-27 22:00:00,subway,52,Avenue U (Q),Brooklyn,1.0
2023-12-27 22:00:00,subway,53,Neck Rd (Q),Brooklyn,5.0
2023-12-27 22:00:00,subway,54,"Sheepshead Bay (B,Q)",Brooklyn,20.0
2023-12-27 22:00:00,subway,54,"Sheepshead Bay (B,Q)",Brooklyn,15.0
2023-12-27 22:00:00,subway,79,86 St (N),Brooklyn,2.0
2023-12-27 22:00:00,subway,72,Fort Hamilton Pkwy (N),Brooklyn,19.0
2023-12-27 22:00:00,subway,72,Fort Hamilton Pkwy (N),Brooklyn,1.0
2023-12-27 22:00:00,subway,635,"South Ferry (1)/Whitehall St (R,W)",Manhattan,6.0
2023-12-27 22:00:00,subway,628,"Fulton St (A,C,J,Z,2,3,4,5)",Manhattan,69.0
2023-12-27 22:00:00,subway,625,"Delancey St (F)/Essex St (J,M,Z)",Manhattan,66.0
2023-12-27 22:00:00,subway,624,"Chambers St (A,C)/WTC (E)/Park Pl (2,3)/Cortlandt (R,W)",Manhattan,37.0
2023-12-27 22:00:00,subway,93,"Chauncey St (J,Z)",Brooklyn,3.0
2023-12-27 22:00:00,subway,617,"Atlantic Av-Barclays Ctr (B,D,N,Q,R,2,3,4,5)",Brooklyn,108.0
2023-12-27 22:00:00,subway,607,"34 St-Herald Sq (B,D,F,M,N,Q,R,W)",Manhattan,323.0
2023-12-27 22:00:00,subway,604,"161 St-Yankee Stadium (B,D,4)",Bronx,19.0
2023-12-27 22:00:00,subway,602,"14 St-Union Sq (L,N,Q,R,W,4,5,6)",Manhattan,5.0
2023-12-27 22:00:00,subway,602,"14 St-Union Sq (L,N,Q,R,W,4,5,6)",Manhattan,49.0
2023-12-27 22:00:00,subway,6,"39 Av-Dutch Kills (N,W)",Queens,4.0
2023-12-27 22:00:00,subway,59,9 Av (D),Brooklyn,14.0
2023-12-27 22:00:00,subway,59,9 Av (D),Brooklyn,3.0
2023-12-27 22:00:00,subway,614,"59 St-Columbus Circle (A,B,C,D,1)",Manhattan,108.0
2023-12-27 22:00:00,subway,51,"Kings Hwy (B,Q)",Brooklyn,18.0
2023-12-27 22:00:00,subway,10,"49 St (N,R,W)",Manhattan,251.0
2023-12-27 22:00:00,subway,605,"168 St (A,C,1)",Manhattan,9.0
2023-12-27 22:00:00,subway,109,Fresh Pond Rd (M),Queens,2.0
2023-12-27 22:00:00,subway,113,Knickerbocker Av (M),Brooklyn,3.0
2023-12-27 22:00:00,subway,135,Livonia Av (L),Brooklyn,7.0
2023-12-27 22:00:00,subway,143,Inwood-207 St (A),Manhattan,4.0
2023-12-27 22:00:00,subway,143,Inwood-207 St (A),Manhattan,9.0
2023-12-27 22:00:00,subway,153,"125 St (A,C,B,D)",Manhattan,57.0
2023-12-27 22:00:00,subway,153,"125 St (A,C,B,D)",Manhattan,54.0
2023-12-27 22:00:00,subway,158,"86 St (C,B)",Manhattan,7.0
2023-12-27 22:00:00,subway,160,"72 St (C,B)",Manhattan,17.0
2023-12-27 22:00:00,subway,179,"Nostrand Av (A,C)",Brooklyn,27.0
2023-12-27 22:00:00,subway,179,"Nostrand Av (A,C)",Brooklyn,3.0
2023-12-27 22:00:00,subway,186,Van Siclen Av (C),Brooklyn,4.0
2023-12-27 22:00:00,subway,187,Shepherd Av (C),Brooklyn,11.0
2023-12-27 22:00:00,subway,190,80 St (A),Queens,4.0
2023-12-27 22:00:00,subway,194,111 St (A),Queens,1.0
2023-12-27 22:00:00,subway,197,Aqueduct-N Conduit Av (A),Queens,1.0
2023-12-27 22:00:00,subway,198,Howard Beach-JFK Airport (A),Queens,1.0
2023-12-27 22:00:00,subway,222,Roosevelt Island (F),Manhattan,26.0
2023-12-27 22:00:00,subway,241,"15 St-Prospect Park (F,G)",Brooklyn,19.0
2023-12-27 22:00:00,subway,242,"Fort Hamilton Pkwy (F,G)",Brooklyn,1.0
2023-12-27 22:00:00,subway,242,"Fort Hamilton Pkwy (F,G)",Brooklyn,12.0
2023-12-27 22:00:00,subway,109,Fresh Pond Rd (M),Queens,3.0
2023-12-27 22:00:00,subway,52,Avenue U (Q),Brooklyn,19.0
2023-12-27 22:00:00,subway,103,"Bowery (J,Z)",Manhattan,3.0
2023-12-27 22:00:00,subway,41,"7 Av (B,Q)",Brooklyn,6.0
2023-12-27 22:00:00,subway,606,"Court Sq (E,G,M,7)",Queens,143.0
2023-12-27 22:00:00,subway,607,"34 St-Herald Sq (B,D,F,M,N,Q,R,W)",Manhattan,5.0
2023-12-27 22:00:00,subway,618,"14 St (A,C,E)/8 Av (L)",Manhattan,518.0
2023-12-27 22:00:00,subway,621,"Broadway Junction (A,C,J,L,Z)",Brooklyn,15.0
2023-12-27 22:00:00,subway,621,"Broadway Junction (A,C,J,L,Z)",Brooklyn,5.0
2023-12-27 22:00:00,subway,626,"Franklin Av (2,3,4,5)/Botanic Garden (S)",Brooklyn,2.0
2023-12-27 22:00:00,subway,627,"Franklin Av (C,S)",Brooklyn,13.0
2023-12-27 22:00:00,subway,64,71 St (D),Brooklyn,3.0
2023-12-27 22:00:00,subway,66,18 Av (D),Brooklyn,17.0
2023-12-27 22:00:00,subway,83,"Woodhaven Blvd (J,Z)",Queens,2.0
2023-12-27 22:00:00,subway,84,85 St-Forest Pkwy (J),Queens,3.0
2023-12-27 22:00:00,subway,86,Cypress Hills (J),Brooklyn,1.0
2023-12-27 22:00:00,subway,87,"Crescent St (J,Z)",Brooklyn,3.0
2023-12-27 22:00:00,subway,87,"Crescent St (J,Z)",Brooklyn,3.0
2023-12-27 22:00:00,subway,95,"Gates Av (J,Z)",Brooklyn,8.0
2023-12-27 22:00:00,subway,96,Kosciuszko St (J),Brooklyn,9.0
2023-12-27 22:00:00,subway,99,"Lorimer St (M,J)",Brooklyn,4.0
2023-12-27 22:00:00,tram,TRAM1,RI Tramway (Manhattan),Manhattan,13.0
2023-12-27 22:00:00,tram,TRAM1,RI Tramway (Manhattan),Manhattan,4.0
2023-12-27 22:00:00,subway,3,"30 Av (N,W)",Queens,44.0
2023-12-27 22:00:00,subway,95,"Gates Av (J,Z)",Brooklyn,2.0
2023-12-27 22:00:00,subway,10,"49 St (N,R,W)",Manhattan,5.0
2023-12-27 22:00:00,subway,404,28 St (6),Manhattan,236.0
2023-12-27 22:00:00,subway,3,"30 Av (N,W)",Queens,6.0
2023-12-27 22:00:00,subway,393,116 St (6),Manhattan,25.0
2023-12-27 22:00:00,subway,266,"Elmhurst Av (M,R)",Queens,33.0
2023-12-27 22:00:00,subway,28,Union St (R),Brooklyn,15.0
2023-12-27 22:00:00,subway,297,215 St (1),Manhattan,2.0
2023-12-27 22:00:00,subway,307,116 St-Columbia University (1),Manhattan,3.0
2023-12-27 22:00:00,subway,31,25 St (R),Brooklyn,4.0
2023-12-27 22:00:00,subway,310,"96 St (1,2,3)",Manhattan,9.0
2023-12-27 22:00:00,subway,312,79 St (1),Manhattan,25.0
2023-12-27 22:00:00,subway,324,Houston St (1),Manhattan,1.0
2023-12-27 22:00:00,subway,333,"Wall St (2,3)",Manhattan,8.0
2023-12-27 22:00:00,subway,34,53 St (R),Brooklyn,6.0
2023-12-27 22:00:00,subway,34,53 St (R),Brooklyn,11.0
2023-12-27 22:00:00,subway,357,"Beverly Rd (2,5)",Brooklyn,6.0
2023-12-27 22:00:00,subway,357,"Beverly Rd (2,5)",Brooklyn,12.0
2023-12-27 22:00:00,subway,360,Pelham Bay Park (6),Bronx,2.0
2023-12-27 22:00:00,subway,361,Buhre Av (6),Bronx,4.0
2023-12-27 22:00:00,subway,366,Parkchester (6),Bronx,14.0
2023-12-27 22:00:00,subway,373,E 149 St (6),Bronx,1.0
2023-12-27 22:00:00,subway,373,E 149 St (6),Bronx,11.0
2023-12-27 22:00:00,subway,392,"125 St (4,5,6)",Manhattan,28.0
2023-12-27 22:00:00,subway,398,77 St (6),Manhattan,52.0
2023-12-27 22:00:00,subway,4,"Broadway (N,W)",Queens,13.0
2023-12-27 22:00:00,subway,264,"Woodhaven Blvd (M,R)",Queens,18.0
2023-12-27 22:00:00,subway,256,Parsons Blvd (F),Queens,10.0
2023-12-27 22:00:00,subway,261,"Forest Hills-71 Av (E,F,M,R)",Queens,46.0
2023-12-27 22:00:00,subway,257,Sutphin Blvd (F),Queens,9.0
2023-12-27 22:00:00,subway,118,3 Av (L),Manhattan,15.0
2023-12-27 22:00:00,subway,123,Grand St (L),Brooklyn,6.0
2023-12-27 22:00:00,subway,125,Morgan Av (L),Brooklyn,1.0
2023-12-27 22:00:00,subway,127,DeKalb Av (L),Brooklyn,10.0
2023-12-27 22:00:00,subway,13,"28 St (R,W)",Manhattan,6.0
2023-12-27 22:00:00,subway,13,"28 St (R,W)",Manhattan,17.0
2023-12-27 22:00:00,subway,137,East 105 St (L),Brooklyn,10.0
2023-12-27 22:00:00,subway,137,East 105 St (L),Brooklyn,1.0
2023-12-27 22:00:00,subway,159,"81 St-Museum of Natural History (C,B)",Manhattan,2.0
2023-12-27 22:00:00,subway,164,"34 St-Penn Station (A,C,E)",Manhattan,954.0
2023-12-27 22:00:00,subway,179,"Nostrand Av (A,C)",Brooklyn,20.0
2023-12-27 22:00:00,subway,186,Van Siclen Av (C),Brooklyn,2.0
2023-12-27 22:00:00,subway,198,Howard Beach-JFK Airport (A),Queens,12.0
2023-12-27 22:00:00,subway,204,Beach 67 St (A),Queens,2.0
2023-12-27 22:00:00,subway,220,"155 St (B,D)",Manhattan,2.0
2023-12-27 22:00:00,subway,237,"Carroll St (F,G)",Brooklyn,77.0
2023-12-27 22:00:00,subway,238,"Smith-9 Sts (F,G)",Brooklyn,6.0
2023-12-27 22:00:00,subway,240,"7 Av (F,G)",Brooklyn,10.0
2023-12-27 22:00:00,subway,243,"Church Av (F,G)",Brooklyn,1.0
2023-12-27 22:00:00,subway,248,Avenue N (F),Brooklyn,11.0
2023-12-27 22:00:00,subway,256,Parsons Blvd (F),Queens,1.0
2023-12-27 22:00:00,subway,260,"75 Av (E,F)",Queens,5.0
2023-12-27 22:00:00,subway,404,28 St (6),Manhattan,43.0
2023-12-27 22:00:00,subway,405,23 St (6),Manhattan,10.0
2023-12-27 22:00:00,subway,405,23 St (6),Manhattan,9.0
2023-12-27 22:00:00,subway,266,"Elmhurst Av (M,R)",Queens,2.0
2023-12-27 22:00:00,subway,288,Myrtle-Willoughby Avs (G),Brooklyn,1.0
2023-12-27 22:00:00,subway,306,125 St (1),Manhattan,48.0
2023-12-27 22:00:00,subway,307,116 St-Columbia University (1),Manhattan,14.0
2023-12-27 22:00:00,subway,310,"96 St (1,2,3)",Manhattan,17.0
2023-12-27 22:00:00,subway,324,Houston St (1),Manhattan,26.0
2023-12-27 22:00:00,subway,325,Canal St (1),Manhattan,1.0
2023-12-27 22:00:00,subway,325,Canal St (1),Manhattan,3.0
2023-12-27 22:00:00,subway,33,45 St (R),Brooklyn,7.0
2023-12-27 22:00:00,subway,340,"Grand Army Plaza (2,3)",Brooklyn,6.0
2023-12-27 22:00:00,subway,345,"Crown Hts-Utica Av (3,4)",Brooklyn,104.0
2023-12-27 22:00:00,subway,348,Rockaway Av (3),Brooklyn,3.0
2023-12-27 22:00:00,subway,348,Rockaway Av (3),Brooklyn,5.0
2023-12-27 22:00:00,subway,35,"59 St (N,R)",Brooklyn,2.0
2023-12-27 22:00:00,subway,354,"Sterling St (2,5)",Brooklyn,5.0
2023-12-27 22:00:00,subway,364,Zerega Av (6),Bronx,2.0
2023-12-27 22:00:00,subway,365,Castle Hill Av (6),Bronx,4.0
2023-12-27 22:00:00,subway,367,St Lawrence Av (6),Bronx,1.0
2023-12-27 22:00:00,subway,377,3 Av-138 St (6),Bronx,10.0
2023-12-27 22:00:00,subway,382,Fordham Rd (4),Bronx,1.0
2023-12-27 22:00:00,subway,39,Bay Ridge-95 St (R),Brooklyn,5.0
2023-12-27 22:00:00,subway,259,"Kew Gardens-Union Tpke (E,F)",Queens,1.0
2023-12-27 22:00:00,subway,258,"Briarwood (E,F)",Queens,5.0
2023-12-27 22:00:00,subway,258,"Briarwood (E,F)",Queens,2.0
2023-12-27 22:00:00,subway,250,Kings Hwy (F),Brooklyn,8.0
2023-12-27 22:00:00,subway,416,Wakefield-241 St (2),Bronx,10.0
2023-12-27 22:00:00,subway,418,"233 St (2,5)",Bronx,3.0
2023-12-27 22:00:00,subway,100,"Hewes St (M,J)",Brooklyn,1.0
2023-12-27 22:00:00,subway,120,Bedford Av (L),Brooklyn,11.0
2023-12-27 22:00:00,subway,129,Halsey St (L),Queens,2.0
2023-12-27 22:00:00,subway,131,Bushwick Av-Aberdeen St (L),Brooklyn,1.0
2023-12-27 22:00:00,subway,155,"Cathedral Pkwy (110 St) (C,B)",Manhattan,9.0
2023-12-27 22:00:00,subway,16,"8 St-NYU (R,W)",Manhattan,44.0
2023-12-27 22:00:00,subway,17,"Prince St (R,W)",Manhattan,4.0
2023-12-27 22:00:00,subway,176,Lafayette Av (C),Brooklyn,2.0
2023-12-27 22:00:00,subway,396,96 St (6),Manhattan,17.0
2023-12-27 22:00:00,subway,176,Lafayette Av (C),Brooklyn,301.0
2023-12-27 22:00:00,subway,194,111 St (A),Queens,1.0
2023-12-27 22:00:00,subway,211,"Bedford Park Blvd (B,D)",Bronx,5.0
2023-12-27 22:00:00,subway,213,"Fordham Rd (B,D)",Bronx,6.0
2023-12-27 22:00:00,subway,213,"Fordham Rd (B,D)",Bronx,11.0
2023-12-27 22:00:00,subway,214,"182-183 Sts (B,D)",Bronx,12.0
2023-12-27 22:00:00,subway,215,"Tremont Av (B,D)",Bronx,5.0
2023-12-27 22:00:00,subway,228,"23 St (F,M)",Manhattan,38.0
2023-12-27 22:00:00,subway,232,2 Av (F),Manhattan,1.0
2023-12-27 22:00:00,subway,237,"Carroll St (F,G)",Brooklyn,17.0
2023-12-27 22:00:00,subway,241,"15 St-Prospect Park (F,G)",Brooklyn,1.0
2023-12-27 22:00:00,subway,183,Rockaway Av (C),Brooklyn,2.0
2023-12-27 22:00:00,subway,266,"Elmhurst Av (M,R)",Queens,7.0
2023-12-27 22:00:00,subway,177,Clinton-Washington Avs (C),Brooklyn,6.0
2023-12-27 22:00:00,subway,290,Classon Av (G),Brooklyn,3.0
2023-12-27 22:00:00,subway,619,"Broadway-Lafayette St (B,D,F,M)/Bleecker St (6)",Manhattan,57.0
2023-12-27 22:00:00,subway,609,"Bryant Pk (B,D,F,M)/5 Av (7)",Manhattan,213.0
2023-12-27 22:00:00,subway,608,"4 Av (F,G)/9 St (R)",Brooklyn,69.0
2023-12-27 22:00:00,subway,606,"Court Sq (E,G,M,7)",Queens,28.0
2023-12-27 22:00:00,subway,603,"149 St-Grand Concourse (2,4,5)",Bronx,8.0
2023-12-27 22:00:00,subway,601,"14 St (F,M,1,2,3)/6 Av (L)",Manhattan,62.0
2023-12-27 22:00:00,subway,58,"Coney Island-Stillwell Av (D,F,N,Q)",Brooklyn,23.0
2023-12-27 22:00:00,subway,54,"Sheepshead Bay (B,Q)",Brooklyn,8.0
2023-12-27 22:00:00,subway,476,86 St (Q),Manhattan,4.0
2023-12-27 22:00:00,subway,471,34 St-Hudson Yards (7),Manhattan,1.0
2023-12-27 22:00:00,subway,463,Hunters Point Av (7),Queens,6.0
2023-12-27 22:00:00,subway,273,"Queens Plaza (E,M,R)",Queens,20.0
2023-12-27 22:00:00,subway,86,Cypress Hills (J),Brooklyn,5.0
2023-12-27 22:00:00,subway,243,"Church Av (F,G)",Brooklyn,5.0
2023-12-27 22:00:00,subway,618,"14 St (A,C,E)/8 Av (L)",Manhattan,128.0
2023-12-27 22:00:00,subway,616,"74-Broadway (7)/Jackson Hts-Roosevelt Av (E,F,M,R)",Queens,104.0
2023-12-27 22:00:00,subway,611,"Times Sq-42 St (N,Q,R,W,S,1,2,3,7)/42 St (A,C,E)",Manhattan,4.0
2023-12-27 22:00:00,subway,431,"Intervale Av (2,5)",Bronx,2.0
2023-12-27 22:00:00,subway,434,"3 Av-149 St (2,5)",Bronx,11.0
2023-12-27 22:00:00,subway,436,Harlem-148 St (3),Manhattan,8.0
2023-12-27 22:00:00,subway,451,Junction Blvd (7),Queens,75.0
2023-12-27 22:00:00,subway,47,"Newkirk Plaza (B,Q)",Brooklyn,25.0
2023-12-27 22:00:00,subway,5,"36 Av (N,W)",Queens,1.0
2023-12-27 22:00:00,subway,62,55 St (D),Brooklyn,4.0
2023-12-27 22:00:00,subway,52,Avenue U (Q),Brooklyn,11.0
2023-12-27 22:00:00,subway,55,"Brighton Beach (B,Q)",Brooklyn,3.0
2023-12-27 22:00:00,subway,57,"W 8 St-NY Aquarium (F,Q)",Brooklyn,5.0
2023-12-27 22:00:00,subway,607,"34 St-Herald Sq (B,D,F,M,N,Q,R,W)",Manhattan,1.0
2023-12-27 22:00:00,subway,61,50 St (D),Brooklyn,1.0
2023-12-27 22:00:00,subway,610,"Grand Central-42 St (S,4,5,6,7)",Manhattan,42.0
2023-12-27 22:00:00,subway,611,"Times Sq-42 St (N,Q,R,W,S,1,2,3,7)/42 St (A,C,E)",Manhattan,1211.0
2023-12-27 22:00:00,subway,52,Avenue U (Q),Brooklyn,2.0
2023-12-27 22:00:00,subway,620,"Court St (R)/Borough Hall (2,3,4,5)",Brooklyn,8.0
2023-12-27 22:00:00,subway,629,Lorimer St (L)/Metropolitan Av (G),Brooklyn,11.0
2023-12-27 22:00:00,subway,635,"South Ferry (1)/Whitehall St (R,W)",Manhattan,9.0
2023-12-27 22:00:00,subway,348,Rockaway Av (3),Brooklyn,5.0
2023-12-27 22:00:00,subway,326,Franklin St (1),Manhattan,14.0
2023-12-27 22:00:00,subway,305,137 St-City College (1),Manhattan,8.0
2023-12-27 22:00:00,subway,301,181 St (1),Manhattan,9.0
2023-12-27 22:00:00,subway,30,Prospect Av (R),Brooklyn,6.0
2023-12-27 22:00:00,subway,259,"Kew Gardens-Union Tpke (E,F)",Queens,4.0
2023-12-27 22:00:00,subway,358,"Newkirk Av-Little Haiti (2,5)",Brooklyn,21.0
2023-12-27 22:00:00,subway,257,Sutphin Blvd (F),Queens,4.0
2023-12-27 22:00:00,subway,135,Livonia Av (L),Brooklyn,1.0
2023-12-27 22:00:00,subway,154,"116 St (C,B)",Manhattan,4.0
2023-12-27 22:00:00,subway,189,Grant Av (A),Brooklyn,12.0
2023-12-27 22:00:00,subway,220,"155 St (B,D)",Manhattan,1.0
2023-12-27 22:00:00,subway,225,"47-50 Sts-Rockefeller Ctr (B,D,F,M)",Manhattan,100.0
2023-12-27 22:00:00,subway,231,"Grand St (B,D)",Manhattan,10.0
2023-12-27 22:00:00,subway,114,Central Av (M),Brooklyn,6.0
2023-12-27 22:00:00,subway,430,"Simpson St (2,5)",Bronx,7.0
2023-12-27 22:00:00,subway,380,Bedford Park Blvd-Lehman College (4),Bronx,4.0
2023-12-27 22:00:00,subway,4,"Broadway (N,W)",Queens,13.0
2023-12-27 22:00:00,subway,74,18 Av (N),Brooklyn,1.0
2023-12-27 22:00:00,subway,80,"121 St (J,Z)",Queens,2.0
2023-12-27 22:00:00,subway,90,"Van Siclen Av (J,Z)",Brooklyn,1.0
2023-12-27 22:00:00,subway,91,Alabama Av (J),Brooklyn,2.0
2023-12-27 22:00:00,subway,99,"Lorimer St (M,J)",Brooklyn,5.0
2023-12-27 22:00:00,tram,TRAM1,RI Tramway (Manhattan),Manhattan,45.0
2023-12-27 22:00:00,subway,385,176 St (4),Bronx,3.0
2023-12-27 22:00:00,tram,TRAM2,RI Tramway (Roosevelt),Manhattan,20.0
2023-12-27 22:00:00,subway,67,20 Av (D),Brooklyn,2.0
2023-12-27 22:00:00,subway,628,"Fulton St (A,C,J,Z,2,3,4,5)",Manhattan,1.0
2023-12-27 22:00:00,subway,613,"Lexington Av (N,R,W)/59 St (4,5,6)",Manhattan,21.0
2023-12-27 22:00:00,subway,601,"14 St (F,M,1,2,3)/6 Av (L)",Manhattan,88.0
2023-12-27 22:00:00,subway,57,"W 8 St-NY Aquarium (F,Q)",Brooklyn,1.0
2023-12-27 22:00:00,subway,42,"Prospect Park (B,Q,S)",Brooklyn,5.0
2023-12-27 22:00:00,subway,76,Bay Pkwy (N),Brooklyn,1.0
2023-12-27 22:00:00,subway,426,"E 180 St (2,5)",Bronx,6.0
2023-12-27 22:00:00,subway,618,"14 St (A,C,E)/8 Av (L)",Manhattan,2.0
2023-12-27 22:00:00,subway,418,"233 St (2,5)",Bronx,13.0
2023-12-27 22:00:00,subway,457,52 St (7),Queens,16.0
2023-12-27 22:00:00,subway,271,"Steinway St (M,R)",Queens,2.0
2023-12-27 22:00:00,subway,270,"46 St (M,R)",Queens,9.0
2023-12-27 22:00:00,subway,269,"Northern Blvd (M,R)",Queens,9.0
2023-12-27 22:00:00,subway,256,Parsons Blvd (F),Queens,4.0
2023-12-27 22:00:00,subway,242,"Fort Hamilton Pkwy (F,G)",Brooklyn,1.0
2023-12-27 22:00:00,subway,238,"Smith-9 Sts (F,G)",Brooklyn,32.0
2023-12-27 22:00:00,subway,232,2 Av (F),Manhattan,3.0
2023-12-27 22:00:00,subway,228,"23 St (F,M)",Manhattan,151.0
2023-12-27 22:00:00,subway,457,52 St (7),Queens,5.0
2023-12-27 22:00:00,subway,186,Van Siclen Av (C),Brooklyn,1.0
2023-12-27 22:00:00,subway,165,"23 St (C,E)",Manhattan,42.0
2023-12-27 22:00:00,subway,154,"116 St (C,B)",Manhattan,1.0
2023-12-27 22:00:00,subway,152,"135 St (C,B)",Manhattan,3.0
2023-12-27 22:00:00,subway,151,"145 St (A,C,B,D)",Manhattan,97.0
2023-12-27 22:00:00,subway,134,Sutter Av (L),Brooklyn,5.0
2023-12-27 22:00:00,subway,131,Bushwick Av-Aberdeen St (L),Brooklyn,7.0
2023-12-27 22:00:00,subway,124,Montrose Av (L),Brooklyn,9.0
2023-12-27 22:00:00,subway,122,Graham Av (L),Brooklyn,11.0
2023-12-27 22:00:00,subway,10,"49 St (N,R,W)",Manhattan,201.0
2023-12-27 22:00:00,subway,167,"W 4 St-Wash Sq (A,C,E,B,D,F,M)",Manhattan,34.0
2023-12-27 22:00:00,subway,452,90 St-Elmhurst Av (7),Queens,3.0
2023-12-27 22:00:00,subway,45,Beverley Rd (Q),Brooklyn,1.0
2023-12-27 22:00:00,subway,438,"135 St (2,3)",Manhattan,40.0
2023-12-27 22:00:00,subway,295,231 St (1),Bronx,11.0
2023-12-27 22:00:00,subway,304,145 St (1),Manhattan,17.0
2023-12-27 22:00:00,subway,306,125 St (1),Manhattan,15.0
2023-12-27 22:00:00,subway,307,116 St-Columbia University (1),Manhattan,13.0
2023-12-27 22:00:00,subway,313,"72 St (1,2,3)",Manhattan,2.0
2023-12-27 22:00:00,subway,318,"34 St-Penn Station (1,2,3)",Manhattan,38.0
2023-12-27 22:00:00,subway,32,"36 St (D,N,R)",Brooklyn,3.0
2023-12-27 22:00:00,subway,323,Christopher St-Sheridan Sq (1),Manhattan,22.0
2023-12-27 22:00:00,subway,327,"Chambers St (1,2,3)",Manhattan,15.0
2023-12-27 22:00:00,subway,333,"Wall St (2,3)",Manhattan,3.0
2023-12-27 22:00:00,subway,341,"Eastern Pkwy-Brooklyn Museum (2,3)",Brooklyn,1.0
2023-12-27 22:00:00,subway,351,Van Siclen Av (3),Brooklyn,1.0
2023-12-27 22:00:00,subway,373,E 149 St (6),Bronx,8.0
2023-12-27 22:00:00,subway,375,Cypress Av (6),Bronx,3.0
2023-12-27 22:00:00,subway,380,Bedford Park Blvd-Lehman College (4),Bronx,11.0
2023-12-27 22:00:00,subway,384,Burnside Av (4),Bronx,6.0
2023-12-27 22:00:00,subway,397,"86 St (4,5,6)",Manhattan,101.0
2023-12-27 22:00:00,subway,397,"86 St (4,5,6)",Manhattan,313.0
2023-12-27 22:00:00,subway,407,Astor Pl (6),Manhattan,5.0
2023-12-27 22:00:00,subway,424,"Pelham Pkwy (2,5)",Bronx,7.0
2023-12-27 22:00:00,subway,428,"174 St (2,5)",Bronx,2.0
2023-12-27 22:00:00,subway,42,"Prospect Park (B,Q,S)",Brooklyn,10.0
2023-12-27 22:00:00,subway,301,181 St (1),Manhattan,7.0
2023-12-27 22:00:00,staten_island_railway,501,St George (SIR),Staten Island,5.0
2023-12-27 22:00:00,subway,243,"Church Av (F,G)",Brooklyn,6.0
2023-12-27 22:00:00,subway,303,157 St (1),Manhattan,1.0
2023-12-27 22:00:00,subway,314,66 St-Lincoln Center (1),Manhattan,1.0
2023-12-27 22:00:00,subway,319,28 St (1),Manhattan,9.0
2023-12-27 22:00:00,subway,321,18 St (1),Manhattan,9.0
2023-12-27 22:00:00,subway,326,Franklin St (1),Manhattan,15.0
2023-12-27 22:00:00,subway,34,53 St (R),Brooklyn,3.0
2023-12-27 22:00:00,subway,352,New Lots Av (3),Brooklyn,9.0
2023-12-27 22:00:00,subway,36,Bay Ridge Av (R),Brooklyn,18.0
2023-12-27 22:00:00,subway,361,Buhre Av (6),Bronx,1.0
2023-12-27 22:00:00,subway,371,Hunts Point Av (6),Bronx,18.0
2023-12-27 22:00:00,subway,358,"Newkirk Av-Little Haiti (2,5)",Brooklyn,7.0
2023-12-27 22:00:00,subway,377,3 Av-138 St (6),Bronx,1.0
2023-12-27 22:00:00,subway,404,28 St (6),Manhattan,11.0
2023-12-27 22:00:00,subway,374,E 143 St-St Mary's St (6),Bronx,1.0
2023-12-27 22:00:00,subway,396,96 St (6),Manhattan,5.0
2023-12-27 22:00:00,subway,392,"125 St (4,5,6)",Manhattan,3.0
2023-12-27 22:00:00,subway,397,"86 St (4,5,6)",Manhattan,19.0
2023-12-27 22:00:00,subway,391,"138 St-Grand Concourse (4,5)",Bronx,2.0
2023-12-27 22:00:00,subway,379,Mosholu Pkwy (4),Bronx,5.0
2023-12-27 22:00:00,subway,303,157 St (1),Manhattan,2.0
2023-12-27 22:00:00,subway,459,40 St-Lowery St (7),Queens,1.0
2023-12-27 23:00:00,subway,97,"Myrtle Av (M,J,Z)",Brooklyn,3.0
2023-12-27 23:00:00,subway,333,"Wall St (2,3)",Manhattan,11.0
2023-12-27 23:00:00,subway,336,"Hoyt St (2,3)",Brooklyn,5.0
2023-12-27 23:00:00,subway,337,"Nevins St (2,3,4,5)",Brooklyn,9.0
2023-12-27 23:00:00,subway,349,Junius St (3),Brooklyn,2.0
2023-12-27 23:00:00,subway,35,"59 St (N,R)",Brooklyn,4.0
2023-12-27 23:00:00,subway,98,"Flushing Av (M,J)",Brooklyn,6.0
2023-12-27 23:00:00,subway,96,Kosciuszko St (J),Brooklyn,3.0
2023-12-27 23:00:00,subway,464,Vernon Blvd-Jackson Av (7),Queens,19.0
2023-12-27 23:00:00,subway,68,Bay Pkwy (D),Brooklyn,2.0
2023-12-27 23:00:00,subway,477,72 St (Q),Manhattan,45.0
2023-12-27 23:00:00,subway,477,72 St (Q),Manhattan,26.0
2023-12-27 23:00:00,subway,606,"Court Sq (E,G,M,7)",Queens,18.0
2023-12-27 23:00:00,subway,455,69 St (7),Queens,6.0
2023-12-27 23:00:00,subway,451,Junction Blvd (7),Queens,5.0
2023-12-27 23:00:00,subway,440,"116 St (2,3)",Manhattan,2.0
2023-12-27 23:00:00,subway,439,"125 St (2,3)",Manhattan,19.0
2023-12-27 23:00:00,subway,439,"125 St (2,3)",Manhattan,1.0
2023-12-27 23:00:00,subway,43,Parkside Av (Q),Brooklyn,14.0
2023-12-27 23:00:00,subway,43,Parkside Av (Q),Brooklyn,1.0
2023-12-27 23:00:00,subway,429,"Freeman St (2,5)",Bronx,2.0
2023-12-27 23:00:00,subway,403,33 St (6),Manhattan,1.0
2023-12-27 23:00:00,subway,395,103 St (6),Manhattan,1.0
2023-12-27 23:00:00,subway,393,116 St (6),Manhattan,1.0
2023-12-27 23:00:00,subway,392,"125 St (4,5,6)",Manhattan,20.0
2023-12-27 23:00:00,subway,386,Mt Eden Av (4),Bronx,2.0
2023-12-27 23:00:00,subway,382,Fordham Rd (4),Bronx,2.0
2023-12-27 23:00:00,subway,382,Fordham Rd (4),Bronx,2.0
2023-12-27 23:00:00,subway,377,3 Av-138 St (6),Bronx,5.0
2023-12-27 23:00:00,subway,376,Brook Av (6),Bronx,5.0
2023-12-27 23:00:00,subway,365,Castle Hill Av (6),Bronx,3.0
2023-12-27 23:00:00,subway,364,Zerega Av (6),Bronx,2.0
2023-12-27 23:00:00,subway,356,"Church Av (2,5)",Brooklyn,6.0
2023-12-27 23:00:00,subway,354,"Sterling St (2,5)",Brooklyn,6.0
2023-12-27 23:00:00,subway,623,"Canal St (J,N,Q,R,W,Z,6)",Manhattan,198.0
2023-12-27 23:00:00,subway,624,"Chambers St (A,C)/WTC (E)/Park Pl (2,3)/Cortlandt (R,W)",Manhattan,2.0
2023-12-27 23:00:00,subway,66,18 Av (D),Brooklyn,9.0
2023-12-27 23:00:00,subway,460,33 St-Rawson St (7),Queens,3.0
2023-12-27 23:00:00,subway,80,"121 St (J,Z)",Queens,2.0
2023-12-27 23:00:00,subway,356,"Church Av (2,5)",Brooklyn,2.0
2023-12-27 23:00:00,subway,93,"Chauncey St (J,Z)",Brooklyn,7.0
2023-12-27 23:00:00,subway,346,Sutter Av-Rutland Rd (3),Brooklyn,2.0
2023-12-27 23:00:00,subway,339,"Bergen St (2,3)",Brooklyn,2.0
2023-12-27 23:00:00,subway,328,WTC Cortlandt (1),Manhattan,3.0
2023-12-27 23:00:00,subway,316,50 St (1),Manhattan,93.0
2023-12-27 23:00:00,subway,297,215 St (1),Manhattan,4.0
2023-12-27 23:00:00,subway,273,"Queens Plaza (E,M,R)",Queens,1.0
2023-12-27 23:00:00,subway,273,"Queens Plaza (E,M,R)",Queens,20.0
2023-12-27 23:00:00,subway,263,"63 Dr-Rego Park (M,R)",Queens,1.0
2023-12-27 23:00:00,subway,261,"Forest Hills-71 Av (E,F,M,R)",Queens,3.0
2023-12-27 23:00:00,subway,251,Avenue U (F),Brooklyn,2.0
2023-12-27 23:00:00,subway,244,Ditmas Av (F),Brooklyn,1.0
2023-12-27 23:00:00,subway,242,"Fort Hamilton Pkwy (F,G)",Brooklyn,2.0
2023-12-27 23:00:00,subway,346,Sutter Av-Rutland Rd (3),Brooklyn,1.0
2023-12-27 23:00:00,subway,240,"7 Av (F,G)",Brooklyn,8.0
2023-12-27 23:00:00,subway,220,"155 St (B,D)",Manhattan,5.0
2023-12-27 23:00:00,subway,22,"Rector St (R,W)",Manhattan,18.0
2023-12-27 23:00:00,subway,214,"182-183 Sts (B,D)",Bronx,2.0
2023-12-27 23:00:00,subway,192,Rockaway Blvd (A),Queens,2.0
2023-12-27 23:00:00,subway,173,"High St (A,C)",Brooklyn,9.0
2023-12-27 23:00:00,subway,162,"50 St (C,E)",Manhattan,308.0
2023-12-27 23:00:00,subway,156,"103 St (C,B)",Manhattan,2.0
2023-12-27 23:00:00,subway,151,"145 St (A,C,B,D)",Manhattan,18.0
2023-12-27 23:00:00,subway,149,163 St-Amsterdam Av (C),Manhattan,10.0
2023-12-27 23:00:00,subway,14,"23 St (R,W)",Manhattan,128.0
2023-12-27 23:00:00,subway,13,"28 St (R,W)",Manhattan,157.0
2023-12-27 23:00:00,subway,118,3 Av (L),Manhattan,9.0
2023-12-27 23:00:00,subway,228,"23 St (F,M)",Manhattan,6.0
2023-12-27 23:00:00,subway,97,"Myrtle Av (M,J,Z)",Brooklyn,6.0
2023-12-27 23:00:00,subway,347,Saratoga Av (3),Brooklyn,1.0
2023-12-27 23:00:00,subway,358,"Newkirk Av-Little Haiti (2,5)",Brooklyn,4.0
2023-12-27 23:00:00,subway,90,"Van Siclen Av (J,Z)",Brooklyn,1.0
2023-12-27 23:00:00,subway,635,"South Ferry (1)/Whitehall St (R,W)",Manhattan,13.0
2023-12-27 23:00:00,subway,628,"Fulton St (A,C,J,Z,2,3,4,5)",Manhattan,110.0
2023-12-27 23:00:00,subway,627,"Franklin Av (C,S)",Brooklyn,4.0
2023-12-27 23:00:00,subway,618,"14 St (A,C,E)/8 Av (L)",Manhattan,4.0
2023-12-27 23:00:00,subway,616,"74-Broadway (7)/Jackson Hts-Roosevelt Av (E,F,M,R)",Queens,1.0
2023-12-27 23:00:00,subway,615,New Utrecht Av (N)/62 St (D),Brooklyn,1.0
2023-12-27 23:00:00,subway,610,"Grand Central-42 St (S,4,5,6,7)",Manhattan,780.0
2023-12-27 23:00:00,subway,59,9 Av (D),Brooklyn,1.0
2023-12-27 23:00:00,subway,54,"Sheepshead Bay (B,Q)",Brooklyn,4.0
2023-12-27 23:00:00,subway,5,"36 Av (N,W)",Queens,9.0
2023-12-27 23:00:00,subway,49,Avenue J (Q),Brooklyn,8.0
2023-12-27 23:00:00,subway,329,Rector St (1),Manhattan,3.0
2023-12-27 23:00:00,subway,477,72 St (Q),Manhattan,41.0
2023-12-27 23:00:00,subway,463,Hunters Point Av (7),Queens,2.0
2023-12-27 23:00:00,subway,455,69 St (7),Queens,6.0
2023-12-27 23:00:00,subway,429,"Freeman St (2,5)",Bronx,3.0
2023-12-27 23:00:00,subway,427,"West Farms Sq-E Tremont Av (2,5)",Bronx,1.0
2023-12-27 23:00:00,subway,426,"E 180 St (2,5)",Bronx,5.0
2023-12-27 23:00:00,subway,424,"Pelham Pkwy (2,5)",Bronx,1.0
2023-12-27 23:00:00,subway,42,"Prospect Park (B,Q,S)",Brooklyn,13.0
2023-12-27 23:00:00,subway,416,Wakefield-241 St (2),Bronx,11.0
2023-12-27 23:00:00,subway,386,Mt Eden Av (4),Bronx,6.0
2023-12-27 23:00:00,subway,380,Bedford Park Blvd-Lehman College (4),Bronx,4.0
2023-12-27 23:00:00,subway,378,Woodlawn (4),Bronx,5.0
2023-12-27 23:00:00,subway,37,77 St (R),Brooklyn,1.0
2023-12-27 23:00:00,subway,476,86 St (Q),Manhattan,6.0
2023-12-27 23:00:00,subway,327,"Chambers St (1,2,3)",Manhattan,7.0
2023-12-27 23:00:00,subway,119,1 Av (L),Manhattan,5.0
2023-12-27 23:00:00,subway,32,"36 St (D,N,R)",Brooklyn,11.0
2023-12-27 23:00:00,subway,310,"96 St (1,2,3)",Manhattan,32.0
2023-12-27 23:00:00,subway,310,"96 St (1,2,3)",Manhattan,1.0
2023-12-27 23:00:00,subway,311,86 St (1),Manhattan,3.0
2023-12-27 23:00:00,subway,325,Canal St (1),Manhattan,1.0
2023-12-27 23:00:00,subway,326,Franklin St (1),Manhattan,13.0
2023-12-27 23:00:00,subway,327,"Chambers St (1,2,3)",Manhattan,23.0
2023-12-27 23:00:00,subway,328,WTC Cortlandt (1),Manhattan,4.0
2023-12-27 23:00:00,subway,334,"Clark St (2,3)",Brooklyn,15.0
2023-12-27 23:00:00,subway,352,New Lots Av (3),Brooklyn,3.0
2023-12-27 23:00:00,subway,304,145 St (1),Manhattan,8.0
2023-12-27 23:00:00,subway,353,"President St-Medgar Evers College (2,5)",Brooklyn,7.0
2023-12-27 23:00:00,subway,363,Westchester Sq-E Tremont Av (6),Bronx,2.0
2023-12-27 23:00:00,subway,38,86 St (R),Brooklyn,23.0
2023-12-27 23:00:00,subway,384,Burnside Av (4),Bronx,13.0
2023-12-27 23:00:00,subway,391,"138 St-Grand Concourse (4,5)",Bronx,1.0
2023-12-27 23:00:00,subway,393,116 St (6),Manhattan,17.0
2023-12-27 23:00:00,subway,396,96 St (6),Manhattan,1.0
2023-12-27 23:00:00,subway,397,"86 St (4,5,6)",Manhattan,153.0
2023-12-27 23:00:00,subway,4,"Broadway (N,W)",Queens,8.0
2023-12-27 23:00:00,subway,421,"Gun Hill Rd (2,5)",Bronx,1.0
2023-12-27 23:00:00,subway,356,"Church Av (2,5)",Brooklyn,4.0
2023-12-27 23:00:00,subway,427,"West Farms Sq-E Tremont Av (2,5)",Bronx,2.0
2023-12-27 23:00:00,subway,303,157 St (1),Manhattan,2.0
2023-12-27 23:00:00,subway,298,207 St (1),Manhattan,8.0
2023-12-27 23:00:00,subway,138,Canarsie-Rockaway Pkwy (L),Brooklyn,2.0
2023-12-27 23:00:00,subway,149,163 St-Amsterdam Av (C),Manhattan,2.0
2023-12-27 23:00:00,subway,152,"135 St (C,B)",Manhattan,2.0
2023-12-27 23:00:00,subway,152,"135 St (C,B)",Manhattan,12.0
2023-12-27 23:00:00,subway,157,"96 St (C,B)",Manhattan,1.0
2023-12-27 23:00:00,subway,158,"86 St (C,B)",Manhattan,6.0
2023-12-27 23:00:00,subway,165,"23 St (C,E)",Manhattan,7.0
2023-12-27 23:00:00,subway,168,"Spring St (C,E)",Manhattan,24.0
2023-12-27 23:00:00,subway,195,Ozone Park-Lefferts Blvd (A),Queens,3.0
2023-12-27 23:00:00,subway,299,Dyckman St (1),Manhattan,9.0
2023-12-27 23:00:00,subway,196,Aqueduct Racetrack (A),Queens,1.0
2023-12-27 23:00:00,subway,207,Beach 36 St (A),Queens,1.0
2023-12-27 23:00:00,subway,209,Far Rockaway-Mott Av (A),Queens,5.0
2023-12-27 23:00:00,subway,210,Norwood-205 St (D),Bronx,1.0
2023-12-27 23:00:00,subway,237,"Carroll St (F,G)",Brooklyn,11.0
2023-12-27 23:00:00,subway,237,"Carroll St (F,G)",Brooklyn,3.0
2023-12-27 23:00:00,subway,248,Avenue N (F),Brooklyn,2.0
2023-12-27 23:00:00,subway,257,Sutphin Blvd (F),Queens,3.0
2023-12-27 23:00:00,subway,261,"Forest Hills-71 Av (E,F,M,R)",Queens,12.0
2023-12-27 23:00:00,subway,276,"5 Av/53 St (E,M)",Manhattan,116.0
2023-12-27 23:00:00,subway,20,"City Hall (R,W)",Manhattan,3.0
2023-12-27 23:00:00,subway,133,Atlantic Av (L),Brooklyn,3.0
2023-12-27 23:00:00,subway,431,"Intervale Av (2,5)",Bronx,5.0
2023-12-27 23:00:00,subway,438,"135 St (2,3)",Manhattan,5.0
2023-12-27 23:00:00,subway,62,55 St (D),Brooklyn,6.0
2023-12-27 23:00:00,subway,62,55 St (D),Brooklyn,2.0
2023-12-27 23:00:00,subway,476,86 St (Q),Manhattan,17.0
2023-12-27 23:00:00,subway,47,"Newkirk Plaza (B,Q)",Brooklyn,2.0
2023-12-27 23:00:00,subway,461,"Queensboro Plaza (7,N,W)",Queens,8.0
2023-12-27 23:00:00,subway,424,"Pelham Pkwy (2,5)",Bronx,4.0
2023-12-27 23:00:00,subway,414,"Bowling Green (4,5)",Manhattan,17.0
2023-12-27 23:00:00,subway,407,Astor Pl (6),Manhattan,26.0
2023-12-27 23:00:00,subway,290,Classon Av (G),Brooklyn,3.0
2023-12-27 23:00:00,subway,64,71 St (D),Brooklyn,1.0
2023-12-27 23:00:00,subway,272,"36 St (M,R)",Queens,11.0
2023-12-27 23:00:00,subway,240,"7 Av (F,G)",Brooklyn,4.0
2023-12-27 23:00:00,subway,240,"7 Av (F,G)",Brooklyn,3.0
2023-12-27 23:00:00,subway,221,21 St-Queensbridge (F),Queens,3.0
2023-12-27 23:00:00,subway,197,Aqueduct-N Conduit Av (A),Queens,2.0
2023-12-27 23:00:00,subway,16,"8 St-NYU (R,W)",Manhattan,153.0
2023-12-27 23:00:00,subway,16,"8 St-NYU (R,W)",Manhattan,1.0
2023-12-27 23:00:00,subway,137,East 105 St (L),Brooklyn,2.0
2023-12-27 23:00:00,subway,122,Graham Av (L),Brooklyn,1.0
2023-12-27 23:00:00,subway,120,Bedford Av (L),Brooklyn,6.0
2023-12-27 23:00:00,subway,270,"46 St (M,R)",Queens,4.0
2023-12-27 23:00:00,subway,437,145 St (3),Manhattan,2.0
2023-12-27 23:00:00,subway,64,71 St (D),Brooklyn,1.0
2023-12-27 23:00:00,subway,87,"Crescent St (J,Z)",Brooklyn,3.0
2023-12-27 23:00:00,subway,440,"116 St (2,3)",Manhattan,1.0
2023-12-27 23:00:00,subway,441,"Central Park North (110 St) (2,3)",Manhattan,16.0
2023-12-27 23:00:00,subway,463,Hunters Point Av (7),Queens,19.0
2023-12-27 23:00:00,subway,464,Vernon Blvd-Jackson Av (7),Queens,48.0
2023-12-27 23:00:00,subway,476,86 St (Q),Manhattan,6.0
2023-12-27 23:00:00,subway,48,Avenue H (Q),Brooklyn,2.0
2023-12-27 23:00:00,subway,49,Avenue J (Q),Brooklyn,1.0
2023-12-27 23:00:00,subway,605,"168 St (A,C,1)",Manhattan,34.0
2023-12-27 23:00:00,subway,609,"Bryant Pk (B,D,F,M)/5 Av (7)",Manhattan,17.0
2023-12-27 23:00:00,subway,69,25 Av (D),Brooklyn,2.0
2023-12-27 23:00:00,subway,610,"Grand Central-42 St (S,4,5,6,7)",Manhattan,255.0
2023-12-27 23:00:00,subway,620,"Court St (R)/Borough Hall (2,3,4,5)",Brooklyn,15.0
2023-12-27 23:00:00,subway,630,"Myrtle-Wyckoff Avs (L,M)",Brooklyn,1.0
2023-12-27 23:00:00,subway,635,"South Ferry (1)/Whitehall St (R,W)",Manhattan,45.0
2023-12-27 23:00:00,subway,65,79 St (D),Brooklyn,1.0
2023-12-27 23:00:00,subway,71,8 Av (N),Brooklyn,2.0
2023-12-27 23:00:00,subway,81,111 St (J),Queens,2.0
2023-12-27 23:00:00,subway,91,Alabama Av (J),Brooklyn,4.0
2023-12-27 23:00:00,subway,98,"Flushing Av (M,J)",Brooklyn,8.0
2023-12-27 23:00:00,subway,9,"57 St-7 Av (N,Q,R,W)",Manhattan,77.0
2023-12-27 23:00:00,subway,614,"59 St-Columbus Circle (A,B,C,D,1)",Manhattan,115.0
2023-12-27 23:00:00,subway,130,Wilson Av (L),Brooklyn,2.0
2023-12-27 23:00:00,subway,107,"Broad St (J,Z)",Manhattan,23.0
2023-12-27 23:00:00,subway,101,"Marcy Av (M,J,Z)",Brooklyn,16.0
2023-12-27 23:00:00,subway,152,"135 St (C,B)",Manhattan,1.0
2023-12-27 23:00:00,subway,162,"50 St (C,E)",Manhattan,2.0
2023-12-27 23:00:00,subway,162,"50 St (C,E)",Manhattan,30.0
2023-12-27 23:00:00,subway,165,"23 St (C,E)",Manhattan,14.0
2023-12-27 23:00:00,subway,165,"23 St (C,E)",Manhattan,14.0
2023-12-27 23:00:00,subway,17,"Prince St (R,W)",Manhattan,19.0
2023-12-27 23:00:00,subway,182,Ralph Av (C),Brooklyn,9.0
2023-12-27 23:00:00,subway,2,"Astoria Blvd (N,W)",Queens,1.0
2023-12-27 23:00:00,subway,20,"City Hall (R,W)",Manhattan,2.0
2023-12-27 23:00:00,subway,146,181 St (A),Manhattan,7.0
2023-12-27 23:00:00,subway,218,"167 St (B,D)",Bronx,7.0
2023-12-27 23:00:00,subway,254,Jamaica-179 St (F),Queens,14.0
2023-12-27 23:00:00,subway,259,"Kew Gardens-Union Tpke (E,F)",Queens,3.0
2023-12-27 23:00:00,subway,261,"Forest Hills-71 Av (E,F,M,R)",Queens,18.0
2023-12-27 23:00:00,subway,263,"63 Dr-Rego Park (M,R)",Queens,10.0
2023-12-27 23:00:00,subway,272,"36 St (M,R)",Queens,3.0
2023-12-27 23:00:00,subway,273,"Queens Plaza (E,M,R)",Queens,5.0
2023-12-27 23:00:00,subway,273,"Queens Plaza (E,M,R)",Queens,11.0
2023-12-27 23:00:00,subway,296,Marble Hill-225 St (1),Manhattan,3.0
2023-12-27 23:00:00,subway,3,"30 Av (N,W)",Queens,1.0
2023-12-27 23:00:00,subway,248,Avenue N (F),Brooklyn,1.0
2023-12-27 23:00:00,subway,300,191 St (1),Manhattan,8.0
2023-12-27 23:00:00,subway,100,"Hewes St (M,J)",Brooklyn,4.0
2023-12-27 23:00:00,subway,167,"W 4 St-Wash Sq (A,C,E,B,D,F,M)",Manhattan,21.0
2023-12-27 23:00:00,subway,318,"34 St-Penn Station (1,2,3)",Manhattan,78.0
2023-12-27 23:00:00,subway,318,"34 St-Penn Station (1,2,3)",Manhattan,39.0
2023-12-27 23:00:00,subway,316,50 St (1),Manhattan,13.0
2023-12-27 23:00:00,subway,310,"96 St (1,2,3)",Manhattan,29.0
2023-12-27 23:00:00,subway,310,"96 St (1,2,3)",Manhattan,11.0
2023-12-27 23:00:00,subway,309,103 St (1),Manhattan,2.0
2023-12-27 23:00:00,subway,303,157 St (1),Manhattan,1.0
2023-12-27 23:00:00,subway,301,181 St (1),Manhattan,15.0
2023-12-27 23:00:00,subway,297,215 St (1),Manhattan,2.0
2023-12-27 23:00:00,subway,165,"23 St (C,E)",Manhattan,21.0
2023-12-27 23:00:00,subway,262,"67 Av (M,R)",Queens,6.0
2023-12-27 23:00:00,subway,235,York St (F),Brooklyn,17.0
2023-12-27 23:00:00,subway,221,21 St-Queensbridge (F),Queens,2.0
2023-12-27 23:00:00,subway,217,"170 St (B,D)",Bronx,4.0
2023-12-27 23:00:00,subway,217,"170 St (B,D)",Bronx,3.0
2023-12-27 23:00:00,subway,216,"174-175 Sts (B,D)",Bronx,1.0
2023-12-27 23:00:00,subway,213,"Fordham Rd (B,D)",Bronx,6.0
2023-12-27 23:00:00,subway,212,"Kingsbridge Rd (B,D)",Bronx,2.0
2023-12-27 23:00:00,subway,203,"Rockaway Park-Beach 116 St (A,S)",Queens,1.0
2023-12-27 23:00:00,subway,173,"High St (A,C)",Brooklyn,15.0
2023-12-27 23:00:00,subway,254,Jamaica-179 St (F),Queens,2.0
2023-12-27 23:00:00,subway,308,Cathedral Pkwy (110 St) (1),Manhattan,2.0
2023-12-27 23:00:00,subway,314,66 St-Lincoln Center (1),Manhattan,10.0
2023-12-27 23:00:00,subway,325,Canal St (1),Manhattan,6.0
2023-12-27 23:00:00,subway,618,"14 St (A,C,E)/8 Av (L)",Manhattan,16.0
2023-12-27 23:00:00,subway,621,"Broadway Junction (A,C,J,L,Z)",Brooklyn,1.0
2023-12-27 23:00:00,subway,64,71 St (D),Brooklyn,4.0
2023-12-27 23:00:00,subway,69,25 Av (D),Brooklyn,4.0
2023-12-27 23:00:00,subway,70,Bay 50 St (D),Brooklyn,1.0
2023-12-27 23:00:00,subway,88,"Norwood Av (J,Z)",Brooklyn,2.0
2023-12-27 23:00:00,subway,9,"57 St-7 Av (N,Q,R,W)",Manhattan,3.0
2023-12-27 23:00:00,subway,94,Halsey St (J),Brooklyn,5.0
2023-12-27 23:00:00,subway,96,Kosciuszko St (J),Brooklyn,12.0
2023-12-27 23:00:00,subway,613,"Lexington Av (N,R,W)/59 St (4,5,6)",Manhattan,93.0
2023-12-27 23:00:00,tram,TRAM1,RI Tramway (Manhattan),Manhattan,7.0
2023-12-27 23:00:00,subway,165,"23 St (C,E)",Manhattan,22.0
2023-12-27 23:00:00,subway,160,"72 St (C,B)",Manhattan,3.0
2023-12-27 23:00:00,subway,154,"116 St (C,B)",Manhattan,11.0
2023-12-27 23:00:00,subway,152,"135 St (C,B)",Manhattan,1.0
2023-12-27 23:00:00,subway,151,"145 St (A,C,B,D)",Manhattan,15.0
2023-12-27 23:00:00,subway,13,"28 St (R,W)",Manhattan,45.0
2023-12-27 23:00:00,subway,111,Seneca Av (M),Queens,3.0
2023-12-27 23:00:00,subway,107,"Broad St (J,Z)",Manhattan,4.0
2023-12-27 23:00:00,staten_island_railway,502,Tompkinsville (SIR),Staten Island,3.0
2023-12-27 23:00:00,tram,TRAM2,RI Tramway (Roosevelt),Manhattan,17.0
2023-12-27 23:00:00,subway,608,"4 Av (F,G)/9 St (R)",Brooklyn,17.0
2023-12-27 23:00:00,subway,605,"168 St (A,C,1)",Manhattan,46.0
2023-12-27 23:00:00,subway,50,Avenue M (Q),Brooklyn,2.0
2023-12-27 23:00:00,subway,343,Nostrand Av (3),Brooklyn,3.0
2023-12-27 23:00:00,subway,343,Nostrand Av (3),Brooklyn,3.0
2023-12-27 23:00:00,subway,351,Van Siclen Av (3),Brooklyn,2.0
2023-12-27 23:00:00,subway,353,"President St-Medgar Evers College (2,5)",Brooklyn,3.0
2023-12-27 23:00:00,subway,355,"Winthrop St (2,5)",Brooklyn,2.0
2023-12-27 23:00:00,subway,364,Zerega Av (6),Bronx,5.0
2023-12-27 23:00:00,subway,375,Cypress Av (6),Bronx,2.0
2023-12-27 23:00:00,subway,378,Woodlawn (4),Bronx,4.0
2023-12-27 23:00:00,subway,382,Fordham Rd (4),Bronx,14.0
2023-12-27 23:00:00,subway,383,183 St (4),Bronx,3.0
2023-12-27 23:00:00,subway,385,176 St (4),Bronx,1.0
2023-12-27 23:00:00,subway,416,Wakefield-241 St (2),Bronx,3.0
2023-12-27 23:00:00,subway,418,"233 St (2,5)",Bronx,1.0
2023-12-27 23:00:00,subway,419,"225 St (2,5)",Bronx,1.0
2023-12-27 23:00:00,subway,428,"174 St (2,5)",Bronx,1.0
2023-12-27 23:00:00,subway,436,Harlem-148 St (3),Manhattan,2.0
2023-12-27 23:00:00,subway,45,Beverley Rd (Q),Brooklyn,1.0
2023-12-27 23:00:00,subway,456,61 St-Woodside (7),Queens,16.0
2023-12-27 23:00:00,subway,460,33 St-Rawson St (7),Queens,1.0
2023-12-27 23:00:00,subway,475,96 St (Q),Manhattan,14.0
2023-12-27 23:00:00,subway,49,Avenue J (Q),Brooklyn,1.0
2023-12-27 23:00:00,subway,324,Houston St (1),Manhattan,2.0
2023-12-27 23:00:00,subway,50,Avenue M (Q),Brooklyn,1.0
